Timing Analyzer report for t2mi_to_ts
Thu May 28 11:07:21 2026
Quartus Prime Version 19.4.0 Build 64 12/04/2019 Patches 0.39,0.35 SC Pro Edition


---------------------
; Table of Contents ;
---------------------
  1. Legal Notice
  2. Timing Analyzer Summary
  3. Timing Delays: Final Snapshot
  4. Parallel Compilation
  5. Clocks
  6. Slow 900mV 100C Model Fmax Summary
  7. Timing Closure Recommendations
  8. Slow 900mV 100C Model Setup Summary
  9. Slow 900mV 100C Model Hold Summary
 10. Slow 900mV 100C Model Recovery Summary
 11. Slow 900mV 100C Model Removal Summary
 12. Slow 900mV 100C Model Minimum Pulse Width Summary
 13. Slow 900mV 100C Model Metastability Summary
 14. Slow 900mV 0C Model Fmax Summary
 15. Slow 900mV 0C Model Setup Summary
 16. Slow 900mV 0C Model Hold Summary
 17. Slow 900mV 0C Model Recovery Summary
 18. Slow 900mV 0C Model Removal Summary
 19. Slow 900mV 0C Model Minimum Pulse Width Summary
 20. Slow 900mV 0C Model Metastability Summary
 21. Fast 900mV 100C Model Setup Summary
 22. Fast 900mV 100C Model Hold Summary
 23. Fast 900mV 100C Model Recovery Summary
 24. Fast 900mV 100C Model Removal Summary
 25. Fast 900mV 100C Model Minimum Pulse Width Summary
 26. Fast 900mV 100C Model Metastability Summary
 27. Fast 900mV 0C Model Setup Summary
 28. Fast 900mV 0C Model Hold Summary
 29. Fast 900mV 0C Model Recovery Summary
 30. Fast 900mV 0C Model Removal Summary
 31. Fast 900mV 0C Model Minimum Pulse Width Summary
 32. Fast 900mV 0C Model Metastability Summary
 33. Board Trace Model Assignments
 34. Input Transition Times
 35. Signal Integrity Metrics (Slow 900mv 100c Model)
 36. Signal Integrity Metrics (Fast 900mv 0c Model)
 37. Setup Transfers
 38. Hold Transfers
 39. Recovery Transfers
 40. Removal Transfers
 41. Command Info
 42. Summary of Paths
 43. Path #1: Setup slack is -2.146 (VIOLATED)
 44. Path #2: Setup slack is -2.146 (VIOLATED)
 45. Path #3: Setup slack is -2.146 (VIOLATED)
 46. Path #4: Setup slack is -2.146 (VIOLATED)
 47. Path #5: Setup slack is -2.146 (VIOLATED)
 48. Path #6: Setup slack is -2.146 (VIOLATED)
 49. Path #7: Setup slack is -2.146 (VIOLATED)
 50. Path #8: Setup slack is -2.146 (VIOLATED)
 51. Path #9: Setup slack is -2.146 (VIOLATED)
 52. Path #10: Setup slack is -2.126 (VIOLATED)
 53. Command Info
 54. Summary of Paths
 55. Path #1: Hold slack is 0.019 
 56. Path #2: Hold slack is 0.020 
 57. Path #3: Hold slack is 0.020 
 58. Path #4: Hold slack is 0.020 
 59. Path #5: Hold slack is 0.020 
 60. Path #6: Hold slack is 0.020 
 61. Path #7: Hold slack is 0.021 
 62. Path #8: Hold slack is 0.021 
 63. Path #9: Hold slack is 0.021 
 64. Path #10: Hold slack is 0.021 
 65. Command Info
 66. Summary of Paths
 67. Path #1: Recovery slack is 0.012 
 68. Path #2: Recovery slack is 0.012 
 69. Path #3: Recovery slack is 0.013 
 70. Path #4: Recovery slack is 0.013 
 71. Path #5: Recovery slack is 0.014 
 72. Path #6: Recovery slack is 0.015 
 73. Path #7: Recovery slack is 0.015 
 74. Path #8: Recovery slack is 0.020 
 75. Path #9: Recovery slack is 0.020 
 76. Path #10: Recovery slack is 0.029 
 77. Command Info
 78. Summary of Paths
 79. Path #1: Removal slack is -0.072 (VIOLATED)
 80. Path #2: Removal slack is -0.071 (VIOLATED)
 81. Path #3: Removal slack is -0.071 (VIOLATED)
 82. Path #4: Removal slack is -0.070 (VIOLATED)
 83. Path #5: Removal slack is -0.070 (VIOLATED)
 84. Path #6: Removal slack is -0.067 (VIOLATED)
 85. Path #7: Removal slack is -0.067 (VIOLATED)
 86. Path #8: Removal slack is -0.067 (VIOLATED)
 87. Path #9: Removal slack is -0.066 (VIOLATED)
 88. Path #10: Removal slack is -0.066 (VIOLATED)
 89. Command Info
 90. Summary of Paths
 91. Path #1: Setup slack is -1.704 (VIOLATED)
 92. Command Info
 93. Summary of Paths
 94. Path #1: Hold slack is 0.743 
 95. Timing Analyzer Messages
 96. Unconstrained Paths Summary
 97. Clock Status Summary
 98. Unconstrained Input Ports
 99. Unconstrained Output Ports
100. Unconstrained Input Ports
101. Unconstrained Output Ports
102. Multicorner Timing Analysis Summary



----------------
; Legal Notice ;
----------------
Copyright (C) 2019  Intel Corporation. All rights reserved.
Your use of Intel Corporation's design tools, logic functions 
and other software and tools, and any partner logic 
functions, and any output files from any of the foregoing 
(including device programming or simulation files), and any 
associated documentation or information are expressly subject 
to the terms and conditions of the Intel Program License 
Subscription Agreement, the Intel Quartus Prime License Agreement,
the Intel FPGA IP License Agreement, or other applicable license
agreement, including, without limitation, that your use is for
the sole purpose of programming logic devices manufactured by
Intel and sold by Intel or its authorized distributors.  Please
refer to the applicable agreement for further details, at
https://fpgasoftware.intel.com/eula.



+---------------------------------------------------------------------------------------------+
; Timing Analyzer Summary                                                                     ;
+-----------------------+---------------------------------------------------------------------+
; Quartus Prime Version ; Version 19.4.0 Build 64 12/04/2019 Patches 0.39,0.35 SC Pro Edition ;
; Timing Analyzer       ; Timing Analyzer                                                     ;
; Revision Name         ; t2mi_to_ts                                                          ;
; Device Family         ; Arria 10                                                            ;
; Device Name           ; 10AS027E4F29E3SG                                                    ;
; Snapshot              ; final                                                               ;
; Timing Models         ; Final                                                               ;
; Delay Model           ; Combined                                                            ;
; Rise/Fall Delays      ; Enabled                                                             ;
+-----------------------+---------------------------------------------------------------------+


+---------------------------------------------+
; Timing Delays: Final Snapshot               ;
+----------------------------------+----------+
; Snapshot                         ; final    ;
; Periphery block cell delays      ; Sign-off ;
; Core block cell delays           ; Sign-off ;
; Routing interconnect (IC) delays ; Sign-off ;
+----------------------------------+----------+


+-------------------------------------+
; Parallel Compilation                ;
+----------------------------+--------+
; Processors                 ; Number ;
+----------------------------+--------+
; Number detected on machine ; 8      ;
; Maximum allowed            ; 4      ;
+----------------------------+--------+


+-----------------------------------------------------------------------------------------------------------------------------------------------------------------------------------+
; Clocks                                                                                                                                                                            ;
+------------+------+--------+------------+-------+-------+------------+-----------+-------------+-------+--------+-----------+------------+----------+--------+--------+-----------+
; Clock Name ; Type ; Period ; Frequency  ; Rise  ; Fall  ; Duty Cycle ; Divide by ; Multiply by ; Phase ; Offset ; Edge List ; Edge Shift ; Inverted ; Master ; Source ; Targets   ;
+------------+------+--------+------------+-------+-------+------------+-----------+-------------+-------+--------+-----------+------------+----------+--------+--------+-----------+
; clk_i      ; Base ; 1.000  ; 1000.0 MHz ; 0.000 ; 0.500 ;            ;           ;             ;       ;        ;           ;            ;          ;        ;        ; { clk_i } ;
; rst_i      ; Base ; 1.000  ; 1000.0 MHz ; 0.000 ; 0.500 ;            ;           ;             ;       ;        ;           ;            ;          ;        ;        ; { rst_i } ;
+------------+------+--------+------------+-------+-------+------------+-----------+-------------+-------+--------+-----------+------------+----------+--------+--------+-----------+


+--------------------------------------------------+
; Slow 900mV 100C Model Fmax Summary               ;
+------------+-----------------+------------+------+
; Fmax       ; Restricted Fmax ; Clock Name ; Note ;
+------------+-----------------+------------+------+
; 375.52 MHz ; 375.52 MHz      ; clk_i      ;      ;
+------------+-----------------+------------+------+
This panel reports FMAX for every clock in the design, regardless of the user-specified clock periods.  FMAX is only computed for paths where the source and destination registers or ports are driven by the same clock.  Paths of different clocks, including generated clocks, are ignored.  For paths between a clock and its inversion, FMAX is computed as if the rising and falling edges are scaled along with FMAX, such that the duty cycle (in terms of a percentage) is maintained. Intel recommends that you always use clock constraints and other slack reports for sign-off analysis.


----------------------------------
; Timing Closure Recommendations ;
----------------------------------
HTML report is unavailable in plain text report export.


+-------------------------------------+
; Slow 900mV 100C Model Setup Summary ;
+-------+--------+--------------------+
; Clock ; Slack  ; End Point TNS      ;
+-------+--------+--------------------+
; clk_i ; -2.146 ; -328.996           ;
; rst_i ; -1.704 ; -1.704             ;
+-------+--------+--------------------+


+------------------------------------+
; Slow 900mV 100C Model Hold Summary ;
+-------+-------+--------------------+
; Clock ; Slack ; End Point TNS      ;
+-------+-------+--------------------+
; clk_i ; 0.085 ; 0.000              ;
; rst_i ; 0.871 ; 0.000              ;
+-------+-------+--------------------+


+----------------------------------------+
; Slow 900mV 100C Model Recovery Summary ;
+-------+-------+------------------------+
; Clock ; Slack ; End Point TNS          ;
+-------+-------+------------------------+
; clk_i ; 0.012 ; 0.000                  ;
+-------+-------+------------------------+


+---------------------------------------+
; Slow 900mV 100C Model Removal Summary ;
+-------+-------+-----------------------+
; Clock ; Slack ; End Point TNS         ;
+-------+-------+-----------------------+
; clk_i ; 0.038 ; 0.000                 ;
+-------+-------+-----------------------+


+---------------------------------------------------+
; Slow 900mV 100C Model Minimum Pulse Width Summary ;
+-------+--------+----------------------------------+
; Clock ; Slack  ; End Point TNS                    ;
+-------+--------+----------------------------------+
; clk_i ; -1.083 ; -18.102                          ;
; rst_i ; -0.550 ; -0.550                           ;
+-------+--------+----------------------------------+


-----------------------------------------------
; Slow 900mV 100C Model Metastability Summary ;
-----------------------------------------------
No synchronizer chains to report.


+--------------------------------------------------+
; Slow 900mV 0C Model Fmax Summary                 ;
+------------+-----------------+------------+------+
; Fmax       ; Restricted Fmax ; Clock Name ; Note ;
+------------+-----------------+------------+------+
; 349.04 MHz ; 349.04 MHz      ; clk_i      ;      ;
+------------+-----------------+------------+------+
This panel reports FMAX for every clock in the design, regardless of the user-specified clock periods.  FMAX is only computed for paths where the source and destination registers or ports are driven by the same clock.  Paths of different clocks, including generated clocks, are ignored.  For paths between a clock and its inversion, FMAX is computed as if the rising and falling edges are scaled along with FMAX, such that the duty cycle (in terms of a percentage) is maintained. Intel recommends that you always use clock constraints and other slack reports for sign-off analysis.


+-----------------------------------+
; Slow 900mV 0C Model Setup Summary ;
+-------+--------+------------------+
; Clock ; Slack  ; End Point TNS    ;
+-------+--------+------------------+
; clk_i ; -1.973 ; -319.189         ;
; rst_i ; -1.656 ; -1.656           ;
+-------+--------+------------------+


+----------------------------------+
; Slow 900mV 0C Model Hold Summary ;
+-------+-------+------------------+
; Clock ; Slack ; End Point TNS    ;
+-------+-------+------------------+
; clk_i ; 0.086 ; 0.000            ;
; rst_i ; 0.743 ; 0.000            ;
+-------+-------+------------------+


+--------------------------------------+
; Slow 900mV 0C Model Recovery Summary ;
+-------+-------+----------------------+
; Clock ; Slack ; End Point TNS        ;
+-------+-------+----------------------+
; clk_i ; 0.071 ; 0.000                ;
+-------+-------+----------------------+


+-------------------------------------+
; Slow 900mV 0C Model Removal Summary ;
+-------+--------+--------------------+
; Clock ; Slack  ; End Point TNS      ;
+-------+--------+--------------------+
; clk_i ; -0.072 ; -13.601            ;
+-------+--------+--------------------+


+-------------------------------------------------+
; Slow 900mV 0C Model Minimum Pulse Width Summary ;
+-------+--------+--------------------------------+
; Clock ; Slack  ; End Point TNS                  ;
+-------+--------+--------------------------------+
; clk_i ; -1.083 ; -18.806                        ;
; rst_i ; -0.550 ; -0.559                         ;
+-------+--------+--------------------------------+


---------------------------------------------
; Slow 900mV 0C Model Metastability Summary ;
---------------------------------------------
No synchronizer chains to report.


+-------------------------------------+
; Fast 900mV 100C Model Setup Summary ;
+-------+--------+--------------------+
; Clock ; Slack  ; End Point TNS      ;
+-------+--------+--------------------+
; clk_i ; -1.528 ; -100.030           ;
; rst_i ; -0.871 ; -0.871             ;
+-------+--------+--------------------+


+------------------------------------+
; Fast 900mV 100C Model Hold Summary ;
+-------+-------+--------------------+
; Clock ; Slack ; End Point TNS      ;
+-------+-------+--------------------+
; clk_i ; 0.021 ; 0.000              ;
; rst_i ; 0.807 ; 0.000              ;
+-------+-------+--------------------+


+----------------------------------------+
; Fast 900mV 100C Model Recovery Summary ;
+-------+-------+------------------------+
; Clock ; Slack ; End Point TNS          ;
+-------+-------+------------------------+
; clk_i ; 0.043 ; 0.000                  ;
+-------+-------+------------------------+


+---------------------------------------+
; Fast 900mV 100C Model Removal Summary ;
+-------+-------+-----------------------+
; Clock ; Slack ; End Point TNS         ;
+-------+-------+-----------------------+
; clk_i ; 0.334 ; 0.000                 ;
+-------+-------+-----------------------+


+---------------------------------------------------+
; Fast 900mV 100C Model Minimum Pulse Width Summary ;
+-------+--------+----------------------------------+
; Clock ; Slack  ; End Point TNS                    ;
+-------+--------+----------------------------------+
; clk_i ; -0.550 ; -6.470                           ;
; rst_i ; -0.550 ; -0.550                           ;
+-------+--------+----------------------------------+


-----------------------------------------------
; Fast 900mV 100C Model Metastability Summary ;
-----------------------------------------------
No synchronizer chains to report.


+-----------------------------------+
; Fast 900mV 0C Model Setup Summary ;
+-------+--------+------------------+
; Clock ; Slack  ; End Point TNS    ;
+-------+--------+------------------+
; clk_i ; -1.141 ; -51.095          ;
; rst_i ; -0.722 ; -0.722           ;
+-------+--------+------------------+


+----------------------------------+
; Fast 900mV 0C Model Hold Summary ;
+-------+-------+------------------+
; Clock ; Slack ; End Point TNS    ;
+-------+-------+------------------+
; clk_i ; 0.019 ; 0.000            ;
; rst_i ; 0.762 ; 0.000            ;
+-------+-------+------------------+


+--------------------------------------+
; Fast 900mV 0C Model Recovery Summary ;
+-------+-------+----------------------+
; Clock ; Slack ; End Point TNS        ;
+-------+-------+----------------------+
; clk_i ; 0.093 ; 0.000                ;
+-------+-------+----------------------+


+-------------------------------------+
; Fast 900mV 0C Model Removal Summary ;
+-------+-------+---------------------+
; Clock ; Slack ; End Point TNS       ;
+-------+-------+---------------------+
; clk_i ; 0.331 ; 0.000               ;
+-------+-------+---------------------+


+-------------------------------------------------+
; Fast 900mV 0C Model Minimum Pulse Width Summary ;
+-------+--------+--------------------------------+
; Clock ; Slack  ; End Point TNS                  ;
+-------+--------+--------------------------------+
; clk_i ; -0.550 ; -6.470                         ;
; rst_i ; -0.550 ; -0.550                         ;
+-------+--------+--------------------------------+


---------------------------------------------
; Fast 900mV 0C Model Metastability Summary ;
---------------------------------------------
No synchronizer chains to report.


+-------------------------------------------------------------------------------------------------------------------------------------------------------------------------------------------------------------------------------------------------------------------------------------------------------------------------------------------------------------------------------------------------------------------+
; Board Trace Model Assignments                                                                                                                                                                                                                                                                                                                                                                                     ;
+----------------+--------------+-------------------+-------------------------+-------------------------+---------------+---------------------+----------------+------------------+--------+------------------+------------------------+------------------------+--------------+---------------+-----------------+-------+---------------------+--------------------+---------------+-----------------+-------------+
; Pin            ; I/O Standard ; Near Tline Length ; Near Tline L per Length ; Near Tline C per Length ; Near Series R ; Near Differential R ; Near Pull-up R ; Near Pull-down R ; Near C ; Far Tline Length ; Far Tline L per Length ; Far Tline C per Length ; Far Series R ; Far Pull-up R ; Far Pull-down R ; Far C ; Termination Voltage ; Far Differential R ; EBD File Name ; EBD Signal Name ; EBD Far-end ;
+----------------+--------------+-------------------+-------------------------+-------------------------+---------------+---------------------+----------------+------------------+--------+------------------+------------------------+------------------------+--------------+---------------+-----------------+-------+---------------------+--------------------+---------------+-----------------+-------------+
; tsup_clk_o     ; 1.8 V        ; 0 in              ; 0 H/in                  ; 0 F/in                  ; short         ; -                   ; open           ; open             ; open   ; 0 in             ; 0 H/in                 ; 0 F/in                 ; short        ; open          ; open            ; open  ; 0 V                 ; -                  ; n/a           ; n/a             ; n/a         ;
; tsup_sync_o    ; 1.8 V        ; 0 in              ; 0 H/in                  ; 0 F/in                  ; short         ; -                   ; open           ; open             ; open   ; 0 in             ; 0 H/in                 ; 0 F/in                 ; short        ; open          ; open            ; open  ; 0 V                 ; -                  ; n/a           ; n/a             ; n/a         ;
; tsup_valid_o   ; 1.8 V        ; 0 in              ; 0 H/in                  ; 0 F/in                  ; short         ; -                   ; open           ; open             ; open   ; 0 in             ; 0 H/in                 ; 0 F/in                 ; short        ; open          ; open            ; open  ; 0 V                 ; -                  ; n/a           ; n/a             ; n/a         ;
; tsup_data_o(0) ; 1.8 V        ; 0 in              ; 0 H/in                  ; 0 F/in                  ; short         ; -                   ; open           ; open             ; open   ; 0 in             ; 0 H/in                 ; 0 F/in                 ; short        ; open          ; open            ; open  ; 0 V                 ; -                  ; n/a           ; n/a             ; n/a         ;
; tsup_data_o(1) ; 1.8 V        ; 0 in              ; 0 H/in                  ; 0 F/in                  ; short         ; -                   ; open           ; open             ; open   ; 0 in             ; 0 H/in                 ; 0 F/in                 ; short        ; open          ; open            ; open  ; 0 V                 ; -                  ; n/a           ; n/a             ; n/a         ;
; tsup_data_o(2) ; 1.8 V        ; 0 in              ; 0 H/in                  ; 0 F/in                  ; short         ; -                   ; open           ; open             ; open   ; 0 in             ; 0 H/in                 ; 0 F/in                 ; short        ; open          ; open            ; open  ; 0 V                 ; -                  ; n/a           ; n/a             ; n/a         ;
; tsup_data_o(3) ; 1.8 V        ; 0 in              ; 0 H/in                  ; 0 F/in                  ; short         ; -                   ; open           ; open             ; open   ; 0 in             ; 0 H/in                 ; 0 F/in                 ; short        ; open          ; open            ; open  ; 0 V                 ; -                  ; n/a           ; n/a             ; n/a         ;
; tsup_data_o(4) ; 1.8 V        ; 0 in              ; 0 H/in                  ; 0 F/in                  ; short         ; -                   ; open           ; open             ; open   ; 0 in             ; 0 H/in                 ; 0 F/in                 ; short        ; open          ; open            ; open  ; 0 V                 ; -                  ; n/a           ; n/a             ; n/a         ;
; tsup_data_o(5) ; 1.8 V        ; 0 in              ; 0 H/in                  ; 0 F/in                  ; short         ; -                   ; open           ; open             ; open   ; 0 in             ; 0 H/in                 ; 0 F/in                 ; short        ; open          ; open            ; open  ; 0 V                 ; -                  ; n/a           ; n/a             ; n/a         ;
; tsup_data_o(6) ; 1.8 V        ; 0 in              ; 0 H/in                  ; 0 F/in                  ; short         ; -                   ; open           ; open             ; open   ; 0 in             ; 0 H/in                 ; 0 F/in                 ; short        ; open          ; open            ; open  ; 0 V                 ; -                  ; n/a           ; n/a             ; n/a         ;
; tsup_data_o(7) ; 1.8 V        ; 0 in              ; 0 H/in                  ; 0 F/in                  ; short         ; -                   ; open           ; open             ; open   ; 0 in             ; 0 H/in                 ; 0 F/in                 ; short        ; open          ; open            ; open  ; 0 V                 ; -                  ; n/a           ; n/a             ; n/a         ;
+----------------+--------------+-------------------+-------------------------+-------------------------+---------------+---------------------+----------------+------------------+--------+------------------+------------------------+------------------------+--------------+---------------+-----------------+-------+---------------------+--------------------+---------------+-----------------+-------------+


+-----------------------------------------------------------------------------+
; Input Transition Times                                                      ;
+--------------------------+--------------+-----------------+-----------------+
; Pin                      ; I/O Standard ; 10-90 Rise Time ; 90-10 Fall Time ;
+--------------------------+--------------+-----------------+-----------------+
; ts_target_pid_received_i ; 1.8 V        ; 1440 ps         ; 1440 ps         ;
; rst_i                    ; 1.8 V        ; 1440 ps         ; 1440 ps         ;
; clk_i                    ; 1.8 V        ; 1440 ps         ; 1440 ps         ;
; ts_clk_i                 ; 1.8 V        ; 1440 ps         ; 1440 ps         ;
; ts_valid_i               ; 1.8 V        ; 1440 ps         ; 1440 ps         ;
; ts_data_i(0)             ; 1.8 V        ; 1440 ps         ; 1440 ps         ;
; ts_data_i(1)             ; 1.8 V        ; 1440 ps         ; 1440 ps         ;
; ts_data_i(2)             ; 1.8 V        ; 1440 ps         ; 1440 ps         ;
; ts_data_i(3)             ; 1.8 V        ; 1440 ps         ; 1440 ps         ;
; ts_data_i(4)             ; 1.8 V        ; 1440 ps         ; 1440 ps         ;
; ts_data_i(5)             ; 1.8 V        ; 1440 ps         ; 1440 ps         ;
; ts_data_i(6)             ; 1.8 V        ; 1440 ps         ; 1440 ps         ;
; ts_data_i(7)             ; 1.8 V        ; 1440 ps         ; 1440 ps         ;
; ts_sync_i                ; 1.8 V        ; 1440 ps         ; 1440 ps         ;
; ts_target_pid_i(12)      ; 1.8 V        ; 1440 ps         ; 1440 ps         ;
; ts_target_pid_i(9)       ; 1.8 V        ; 1440 ps         ; 1440 ps         ;
; ts_target_pid_i(10)      ; 1.8 V        ; 1440 ps         ; 1440 ps         ;
; ts_target_pid_i(11)      ; 1.8 V        ; 1440 ps         ; 1440 ps         ;
; ts_target_pid_i(6)       ; 1.8 V        ; 1440 ps         ; 1440 ps         ;
; ts_target_pid_i(7)       ; 1.8 V        ; 1440 ps         ; 1440 ps         ;
; ts_target_pid_i(8)       ; 1.8 V        ; 1440 ps         ; 1440 ps         ;
; ts_target_pid_i(0)       ; 1.8 V        ; 1440 ps         ; 1440 ps         ;
; ts_target_pid_i(1)       ; 1.8 V        ; 1440 ps         ; 1440 ps         ;
; ts_target_pid_i(2)       ; 1.8 V        ; 1440 ps         ; 1440 ps         ;
; ts_target_pid_i(3)       ; 1.8 V        ; 1440 ps         ; 1440 ps         ;
; ts_target_pid_i(4)       ; 1.8 V        ; 1440 ps         ; 1440 ps         ;
; ts_target_pid_i(5)       ; 1.8 V        ; 1440 ps         ; 1440 ps         ;
; ~ALTERA_DATA0~           ; 1.8 V        ; 1440 ps         ; 1440 ps         ;
+--------------------------+--------------+-----------------+-----------------+


+---------------------------------------------------------------------------------------------------------------------------------------------------------------------------------------------------------------------------------------------------------------------------------------------------------------------------------------------------------------------------------------------------------------------------------------------------------------------------------------------------------------------------------------------------------------------------------------------------------------------------------------------------------------------------------------------+
; Signal Integrity Metrics (Slow 900mv 100c Model)                                                                                                                                                                                                                                                                                                                                                                                                                                                                                                                                                                                                                                            ;
+----------------+--------------+---------------------+---------------------+------------------------------+------------------------------+---------------------+---------------------+--------------------------------------+--------------------------------------+-----------------------------+-----------------------------+----------------------------+----------------------------+-----------------------------+-----------------------------+--------------------+--------------------+-------------------------------------+-------------------------------------+----------------------------+----------------------------+---------------------------+---------------------------+
; Pin            ; I/O Standard ; Board Delay on Rise ; Board Delay on Fall ; Steady State Voh at FPGA Pin ; Steady State Vol at FPGA Pin ; Voh Max at FPGA Pin ; Vol Min at FPGA Pin ; Ringback Voltage on Rise at FPGA Pin ; Ringback Voltage on Fall at FPGA Pin ; 10-90 Rise Time at FPGA Pin ; 90-10 Fall Time at FPGA Pin ; Monotonic Rise at FPGA Pin ; Monotonic Fall at FPGA Pin ; Steady State Voh at Far-end ; Steady State Vol at Far-end ; Voh Max at Far-end ; Vol Min at Far-end ; Ringback Voltage on Rise at Far-end ; Ringback Voltage on Fall at Far-end ; 10-90 Rise Time at Far-end ; 90-10 Fall Time at Far-end ; Monotonic Rise at Far-end ; Monotonic Fall at Far-end ;
+----------------+--------------+---------------------+---------------------+------------------------------+------------------------------+---------------------+---------------------+--------------------------------------+--------------------------------------+-----------------------------+-----------------------------+----------------------------+----------------------------+-----------------------------+-----------------------------+--------------------+--------------------+-------------------------------------+-------------------------------------+----------------------------+----------------------------+---------------------------+---------------------------+
; tsup_clk_o     ; 1.8 V        ; 0 s                 ; 0 s                 ; 1.66 V                       ; 1.94e-06 V                   ; 1.69 V              ; -0.0491 V           ; 0.122 V                              ; 0.084 V                              ; 2.38e-10 s                  ; 2.28e-10 s                  ; No                         ; No                         ; 1.66 V                      ; 1.94e-06 V                  ; 1.69 V             ; -0.0491 V          ; 0.122 V                             ; 0.084 V                             ; 2.38e-10 s                 ; 2.28e-10 s                 ; No                        ; No                        ;
; tsup_sync_o    ; 1.8 V        ; 0 s                 ; 0 s                 ; 1.66 V                       ; 1.94e-06 V                   ; 1.69 V              ; -0.0491 V           ; 0.122 V                              ; 0.084 V                              ; 2.38e-10 s                  ; 2.28e-10 s                  ; No                         ; No                         ; 1.66 V                      ; 1.94e-06 V                  ; 1.69 V             ; -0.0491 V          ; 0.122 V                             ; 0.084 V                             ; 2.38e-10 s                 ; 2.28e-10 s                 ; No                        ; No                        ;
; tsup_valid_o   ; 1.8 V        ; 0 s                 ; 0 s                 ; 1.66 V                       ; 1.94e-06 V                   ; 1.69 V              ; -0.0491 V           ; 0.122 V                              ; 0.084 V                              ; 2.38e-10 s                  ; 2.28e-10 s                  ; No                         ; No                         ; 1.66 V                      ; 1.94e-06 V                  ; 1.69 V             ; -0.0491 V          ; 0.122 V                             ; 0.084 V                             ; 2.38e-10 s                 ; 2.28e-10 s                 ; No                        ; No                        ;
; tsup_data_o(0) ; 1.8 V        ; 0 s                 ; 0 s                 ; 1.66 V                       ; 1.94e-06 V                   ; 1.69 V              ; -0.0491 V           ; 0.122 V                              ; 0.084 V                              ; 2.38e-10 s                  ; 2.28e-10 s                  ; No                         ; No                         ; 1.66 V                      ; 1.94e-06 V                  ; 1.69 V             ; -0.0491 V          ; 0.122 V                             ; 0.084 V                             ; 2.38e-10 s                 ; 2.28e-10 s                 ; No                        ; No                        ;
; tsup_data_o(1) ; 1.8 V        ; 0 s                 ; 0 s                 ; 1.66 V                       ; 1.94e-06 V                   ; 1.69 V              ; -0.0491 V           ; 0.122 V                              ; 0.084 V                              ; 2.38e-10 s                  ; 2.28e-10 s                  ; No                         ; No                         ; 1.66 V                      ; 1.94e-06 V                  ; 1.69 V             ; -0.0491 V          ; 0.122 V                             ; 0.084 V                             ; 2.38e-10 s                 ; 2.28e-10 s                 ; No                        ; No                        ;
; tsup_data_o(2) ; 1.8 V        ; 0 s                 ; 0 s                 ; 1.66 V                       ; 1.94e-06 V                   ; 1.69 V              ; -0.0491 V           ; 0.122 V                              ; 0.084 V                              ; 2.38e-10 s                  ; 2.28e-10 s                  ; No                         ; No                         ; 1.66 V                      ; 1.94e-06 V                  ; 1.69 V             ; -0.0491 V          ; 0.122 V                             ; 0.084 V                             ; 2.38e-10 s                 ; 2.28e-10 s                 ; No                        ; No                        ;
; tsup_data_o(3) ; 1.8 V        ; 0 s                 ; 0 s                 ; 1.66 V                       ; 1.94e-06 V                   ; 1.69 V              ; -0.0491 V           ; 0.122 V                              ; 0.084 V                              ; 2.38e-10 s                  ; 2.28e-10 s                  ; No                         ; No                         ; 1.66 V                      ; 1.94e-06 V                  ; 1.69 V             ; -0.0491 V          ; 0.122 V                             ; 0.084 V                             ; 2.38e-10 s                 ; 2.28e-10 s                 ; No                        ; No                        ;
; tsup_data_o(4) ; 1.8 V        ; 0 s                 ; 0 s                 ; 1.66 V                       ; 1.94e-06 V                   ; 1.69 V              ; -0.0491 V           ; 0.122 V                              ; 0.084 V                              ; 2.38e-10 s                  ; 2.28e-10 s                  ; No                         ; No                         ; 1.66 V                      ; 1.94e-06 V                  ; 1.69 V             ; -0.0491 V          ; 0.122 V                             ; 0.084 V                             ; 2.38e-10 s                 ; 2.28e-10 s                 ; No                        ; No                        ;
; tsup_data_o(5) ; 1.8 V        ; 0 s                 ; 0 s                 ; 1.66 V                       ; 1.94e-06 V                   ; 1.69 V              ; -0.0491 V           ; 0.122 V                              ; 0.084 V                              ; 2.38e-10 s                  ; 2.28e-10 s                  ; No                         ; No                         ; 1.66 V                      ; 1.94e-06 V                  ; 1.69 V             ; -0.0491 V          ; 0.122 V                             ; 0.084 V                             ; 2.38e-10 s                 ; 2.28e-10 s                 ; No                        ; No                        ;
; tsup_data_o(6) ; 1.8 V        ; 0 s                 ; 0 s                 ; 1.66 V                       ; 1.94e-06 V                   ; 1.69 V              ; -0.0491 V           ; 0.122 V                              ; 0.084 V                              ; 2.38e-10 s                  ; 2.28e-10 s                  ; No                         ; No                         ; 1.66 V                      ; 1.94e-06 V                  ; 1.69 V             ; -0.0491 V          ; 0.122 V                             ; 0.084 V                             ; 2.38e-10 s                 ; 2.28e-10 s                 ; No                        ; No                        ;
; tsup_data_o(7) ; 1.8 V        ; 0 s                 ; 0 s                 ; 1.66 V                       ; 1.94e-06 V                   ; 1.69 V              ; -0.0491 V           ; 0.122 V                              ; 0.084 V                              ; 2.38e-10 s                  ; 2.28e-10 s                  ; No                         ; No                         ; 1.66 V                      ; 1.94e-06 V                  ; 1.69 V             ; -0.0491 V          ; 0.122 V                             ; 0.084 V                             ; 2.38e-10 s                 ; 2.28e-10 s                 ; No                        ; No                        ;
+----------------+--------------+---------------------+---------------------+------------------------------+------------------------------+---------------------+---------------------+--------------------------------------+--------------------------------------+-----------------------------+-----------------------------+----------------------------+----------------------------+-----------------------------+-----------------------------+--------------------+--------------------+-------------------------------------+-------------------------------------+----------------------------+----------------------------+---------------------------+---------------------------+


+---------------------------------------------------------------------------------------------------------------------------------------------------------------------------------------------------------------------------------------------------------------------------------------------------------------------------------------------------------------------------------------------------------------------------------------------------------------------------------------------------------------------------------------------------------------------------------------------------------------------------------------------------------------------------------------------+
; Signal Integrity Metrics (Fast 900mv 0c Model)                                                                                                                                                                                                                                                                                                                                                                                                                                                                                                                                                                                                                                              ;
+----------------+--------------+---------------------+---------------------+------------------------------+------------------------------+---------------------+---------------------+--------------------------------------+--------------------------------------+-----------------------------+-----------------------------+----------------------------+----------------------------+-----------------------------+-----------------------------+--------------------+--------------------+-------------------------------------+-------------------------------------+----------------------------+----------------------------+---------------------------+---------------------------+
; Pin            ; I/O Standard ; Board Delay on Rise ; Board Delay on Fall ; Steady State Voh at FPGA Pin ; Steady State Vol at FPGA Pin ; Voh Max at FPGA Pin ; Vol Min at FPGA Pin ; Ringback Voltage on Rise at FPGA Pin ; Ringback Voltage on Fall at FPGA Pin ; 10-90 Rise Time at FPGA Pin ; 90-10 Fall Time at FPGA Pin ; Monotonic Rise at FPGA Pin ; Monotonic Fall at FPGA Pin ; Steady State Voh at Far-end ; Steady State Vol at Far-end ; Voh Max at Far-end ; Vol Min at Far-end ; Ringback Voltage on Rise at Far-end ; Ringback Voltage on Fall at Far-end ; 10-90 Rise Time at Far-end ; 90-10 Fall Time at Far-end ; Monotonic Rise at Far-end ; Monotonic Fall at Far-end ;
+----------------+--------------+---------------------+---------------------+------------------------------+------------------------------+---------------------+---------------------+--------------------------------------+--------------------------------------+-----------------------------+-----------------------------+----------------------------+----------------------------+-----------------------------+-----------------------------+--------------------+--------------------+-------------------------------------+-------------------------------------+----------------------------+----------------------------+---------------------------+---------------------------+
; tsup_clk_o     ; 1.8 V        ; 0 s                 ; 0 s                 ; 1.89 V                       ; 3.2e-07 V                    ; 2 V                 ; -0.181 V            ; 0.163 V                              ; 0.18 V                               ; 1.29e-10 s                  ; 1.22e-10 s                  ; No                         ; No                         ; 1.89 V                      ; 3.2e-07 V                   ; 2 V                ; -0.181 V           ; 0.163 V                             ; 0.18 V                              ; 1.29e-10 s                 ; 1.22e-10 s                 ; No                        ; No                        ;
; tsup_sync_o    ; 1.8 V        ; 0 s                 ; 0 s                 ; 1.89 V                       ; 3.2e-07 V                    ; 2 V                 ; -0.181 V            ; 0.163 V                              ; 0.18 V                               ; 1.29e-10 s                  ; 1.22e-10 s                  ; No                         ; No                         ; 1.89 V                      ; 3.2e-07 V                   ; 2 V                ; -0.181 V           ; 0.163 V                             ; 0.18 V                              ; 1.29e-10 s                 ; 1.22e-10 s                 ; No                        ; No                        ;
; tsup_valid_o   ; 1.8 V        ; 0 s                 ; 0 s                 ; 1.89 V                       ; 3.2e-07 V                    ; 2 V                 ; -0.181 V            ; 0.163 V                              ; 0.18 V                               ; 1.29e-10 s                  ; 1.22e-10 s                  ; No                         ; No                         ; 1.89 V                      ; 3.2e-07 V                   ; 2 V                ; -0.181 V           ; 0.163 V                             ; 0.18 V                              ; 1.29e-10 s                 ; 1.22e-10 s                 ; No                        ; No                        ;
; tsup_data_o(0) ; 1.8 V        ; 0 s                 ; 0 s                 ; 1.89 V                       ; 3.2e-07 V                    ; 2 V                 ; -0.181 V            ; 0.163 V                              ; 0.18 V                               ; 1.29e-10 s                  ; 1.22e-10 s                  ; No                         ; No                         ; 1.89 V                      ; 3.2e-07 V                   ; 2 V                ; -0.181 V           ; 0.163 V                             ; 0.18 V                              ; 1.29e-10 s                 ; 1.22e-10 s                 ; No                        ; No                        ;
; tsup_data_o(1) ; 1.8 V        ; 0 s                 ; 0 s                 ; 1.89 V                       ; 3.2e-07 V                    ; 2 V                 ; -0.181 V            ; 0.163 V                              ; 0.18 V                               ; 1.29e-10 s                  ; 1.22e-10 s                  ; No                         ; No                         ; 1.89 V                      ; 3.2e-07 V                   ; 2 V                ; -0.181 V           ; 0.163 V                             ; 0.18 V                              ; 1.29e-10 s                 ; 1.22e-10 s                 ; No                        ; No                        ;
; tsup_data_o(2) ; 1.8 V        ; 0 s                 ; 0 s                 ; 1.89 V                       ; 3.2e-07 V                    ; 2 V                 ; -0.181 V            ; 0.163 V                              ; 0.18 V                               ; 1.29e-10 s                  ; 1.22e-10 s                  ; No                         ; No                         ; 1.89 V                      ; 3.2e-07 V                   ; 2 V                ; -0.181 V           ; 0.163 V                             ; 0.18 V                              ; 1.29e-10 s                 ; 1.22e-10 s                 ; No                        ; No                        ;
; tsup_data_o(3) ; 1.8 V        ; 0 s                 ; 0 s                 ; 1.89 V                       ; 3.2e-07 V                    ; 2 V                 ; -0.181 V            ; 0.163 V                              ; 0.18 V                               ; 1.29e-10 s                  ; 1.22e-10 s                  ; No                         ; No                         ; 1.89 V                      ; 3.2e-07 V                   ; 2 V                ; -0.181 V           ; 0.163 V                             ; 0.18 V                              ; 1.29e-10 s                 ; 1.22e-10 s                 ; No                        ; No                        ;
; tsup_data_o(4) ; 1.8 V        ; 0 s                 ; 0 s                 ; 1.89 V                       ; 3.2e-07 V                    ; 2 V                 ; -0.181 V            ; 0.163 V                              ; 0.18 V                               ; 1.29e-10 s                  ; 1.22e-10 s                  ; No                         ; No                         ; 1.89 V                      ; 3.2e-07 V                   ; 2 V                ; -0.181 V           ; 0.163 V                             ; 0.18 V                              ; 1.29e-10 s                 ; 1.22e-10 s                 ; No                        ; No                        ;
; tsup_data_o(5) ; 1.8 V        ; 0 s                 ; 0 s                 ; 1.89 V                       ; 3.2e-07 V                    ; 2 V                 ; -0.181 V            ; 0.163 V                              ; 0.18 V                               ; 1.29e-10 s                  ; 1.22e-10 s                  ; No                         ; No                         ; 1.89 V                      ; 3.2e-07 V                   ; 2 V                ; -0.181 V           ; 0.163 V                             ; 0.18 V                              ; 1.29e-10 s                 ; 1.22e-10 s                 ; No                        ; No                        ;
; tsup_data_o(6) ; 1.8 V        ; 0 s                 ; 0 s                 ; 1.89 V                       ; 3.2e-07 V                    ; 2 V                 ; -0.181 V            ; 0.163 V                              ; 0.18 V                               ; 1.29e-10 s                  ; 1.22e-10 s                  ; No                         ; No                         ; 1.89 V                      ; 3.2e-07 V                   ; 2 V                ; -0.181 V           ; 0.163 V                             ; 0.18 V                              ; 1.29e-10 s                 ; 1.22e-10 s                 ; No                        ; No                        ;
; tsup_data_o(7) ; 1.8 V        ; 0 s                 ; 0 s                 ; 1.89 V                       ; 3.2e-07 V                    ; 2 V                 ; -0.181 V            ; 0.163 V                              ; 0.18 V                               ; 1.29e-10 s                  ; 1.22e-10 s                  ; No                         ; No                         ; 1.89 V                      ; 3.2e-07 V                   ; 2 V                ; -0.181 V           ; 0.163 V                             ; 0.18 V                              ; 1.29e-10 s                 ; 1.22e-10 s                 ; No                        ; No                        ;
+----------------+--------------+---------------------+---------------------+------------------------------+------------------------------+---------------------+---------------------+--------------------------------------+--------------------------------------+-----------------------------+-----------------------------+----------------------------+----------------------------+-----------------------------+-----------------------------+--------------------+--------------------+-------------------------------------+-------------------------------------+----------------------------+----------------------------+---------------------------+---------------------------+


+-------------------------------------------------------------------+
; Setup Transfers                                                   ;
+------------+----------+----------+----------+----------+----------+
; From Clock ; To Clock ; RR Paths ; FR Paths ; RF Paths ; FF Paths ;
+------------+----------+----------+----------+----------+----------+
; clk_i      ; clk_i    ; 10714    ; 0        ; 0        ; 0        ;
; rst_i      ; clk_i    ; 27       ; 27       ; 0        ; 0        ;
; clk_i      ; rst_i    ; 1        ; 0        ; 1        ; 0        ;
+------------+----------+----------+----------+----------+----------+
Entries labeled "false path" only account for clock-to-clock false paths and not path-based false paths. As a result, actual path counts may be lower than reported.


+-------------------------------------------------------------------+
; Hold Transfers                                                    ;
+------------+----------+----------+----------+----------+----------+
; From Clock ; To Clock ; RR Paths ; FR Paths ; RF Paths ; FF Paths ;
+------------+----------+----------+----------+----------+----------+
; clk_i      ; clk_i    ; 10714    ; 0        ; 0        ; 0        ;
; rst_i      ; clk_i    ; 27       ; 27       ; 0        ; 0        ;
; clk_i      ; rst_i    ; 1        ; 0        ; 1        ; 0        ;
+------------+----------+----------+----------+----------+----------+
Entries labeled "false path" only account for clock-to-clock false paths and not path-based false paths. As a result, actual path counts may be lower than reported.


+-------------------------------------------------------------------+
; Recovery Transfers                                                ;
+------------+----------+----------+----------+----------+----------+
; From Clock ; To Clock ; RR Paths ; FR Paths ; RF Paths ; FF Paths ;
+------------+----------+----------+----------+----------+----------+
; rst_i      ; clk_i    ; 276      ; 276      ; 0        ; 0        ;
+------------+----------+----------+----------+----------+----------+
Entries labeled "false path" only account for clock-to-clock false paths and not path-based false paths. As a result, actual path counts may be lower than reported.


+-------------------------------------------------------------------+
; Removal Transfers                                                 ;
+------------+----------+----------+----------+----------+----------+
; From Clock ; To Clock ; RR Paths ; FR Paths ; RF Paths ; FF Paths ;
+------------+----------+----------+----------+----------+----------+
; rst_i      ; clk_i    ; 276      ; 276      ; 0        ; 0        ;
+------------+----------+----------+----------+----------+----------+
Entries labeled "false path" only account for clock-to-clock false paths and not path-based false paths. As a result, actual path counts may be lower than reported.


----------------
; Command Info ;
----------------
Report Timing: Found 10 setup paths (10 violated).  Worst case slack is -2.146 

Tcl Command:
    report_timing -setup -panel_name {Worst-Case Timing Paths||clk_i||Setup} -to_clock [get_clocks {clk_i}] -npaths 10 -detail full_path

Options:
    -to_clock [get_clocks {clk_i}] 
    -setup 
    -npaths 10 
    -detail full_path 
    -panel_name {Setup} 

Snapshot:
    final

Delay Models:
    Slow 900mV 100C Model
    Slow 900mV 0C Model
    Fast 900mV 100C Model
    Fast 900mV 0C Model


+----------------------------------------------------------------------------------------------------------------------------------------------------------------+
; Summary of Paths                                                                                                                                               ;
+--------+-----------+-----------------------------------------+------------------+-------------+--------------+------------+------------+-----------------------+
; Slack  ; From Node ; To Node                                 ; Launch Clock     ; Latch Clock ; Relationship ; Clock Skew ; Data Delay ; Worst-Case Corner     ;
+--------+-----------+-----------------------------------------+------------------+-------------+--------------+------------+------------+-----------------------+
; -2.146 ; rst_i     ; ts_parser_inst|s_ts_target_pid_reg1[9]  ; rst_i (INVERTED) ; clk_i       ; 0.500        ; 4.159      ; 6.849      ; Slow 900mV 100C Model ;
; -2.146 ; rst_i     ; ts_parser_inst|s_ts_data_reg1[5]        ; rst_i (INVERTED) ; clk_i       ; 0.500        ; 4.159      ; 6.849      ; Slow 900mV 100C Model ;
; -2.146 ; rst_i     ; ts_parser_inst|s_ts_data_reg1[4]        ; rst_i (INVERTED) ; clk_i       ; 0.500        ; 4.159      ; 6.849      ; Slow 900mV 100C Model ;
; -2.146 ; rst_i     ; ts_parser_inst|s_ts_data_reg1[7]        ; rst_i (INVERTED) ; clk_i       ; 0.500        ; 4.159      ; 6.849      ; Slow 900mV 100C Model ;
; -2.146 ; rst_i     ; ts_parser_inst|s_ts_target_pid_reg1[2]  ; rst_i (INVERTED) ; clk_i       ; 0.500        ; 4.159      ; 6.849      ; Slow 900mV 100C Model ;
; -2.146 ; rst_i     ; ts_parser_inst|s_ts_target_pid_reg1[0]  ; rst_i (INVERTED) ; clk_i       ; 0.500        ; 4.159      ; 6.849      ; Slow 900mV 100C Model ;
; -2.146 ; rst_i     ; ts_parser_inst|s_ts_target_pid_reg1[7]  ; rst_i (INVERTED) ; clk_i       ; 0.500        ; 4.159      ; 6.849      ; Slow 900mV 100C Model ;
; -2.146 ; rst_i     ; ts_parser_inst|s_ts_target_pid_reg1[11] ; rst_i (INVERTED) ; clk_i       ; 0.500        ; 4.159      ; 6.849      ; Slow 900mV 100C Model ;
; -2.146 ; rst_i     ; ts_parser_inst|s_ts_target_pid_reg1[10] ; rst_i (INVERTED) ; clk_i       ; 0.500        ; 4.159      ; 6.849      ; Slow 900mV 100C Model ;
; -2.126 ; rst_i     ; ts_parser_inst|s_ts_valid_reg1          ; rst_i (INVERTED) ; clk_i       ; 0.500        ; 4.161      ; 6.835      ; Slow 900mV 100C Model ;
+--------+-----------+-----------------------------------------+------------------+-------------+--------------+------------+------------+-----------------------+


Path #1: Setup slack is -2.146 (VIOLATED)
===============================================================================
+-------------------------------------------------------------+
; Path Summary                                                ;
+--------------------+----------------------------------------+
; Property           ; Value                                  ;
+--------------------+----------------------------------------+
; From Node          ; rst_i                                  ;
; To Node            ; ts_parser_inst|s_ts_target_pid_reg1[9] ;
; Launch Clock       ; rst_i (INVERTED)                       ;
; Latch Clock        ; clk_i                                  ;
; Data Arrival Time  ; 7.349                                  ;
; Data Required Time ; 5.203                                  ;
; Slack              ; -2.146 (VIOLATED)                      ;
+--------------------+----------------------------------------+

+--------------------------------------------------------------------------------------+
; Statistics                                                                           ;
+---------------------------+-------+-------+-------------+------------+-------+-------+
; Property                  ; Value ; Count ; Total Delay ; % of Total ; Min   ; Max   ;
+---------------------------+-------+-------+-------------+------------+-------+-------+
; Setup Relationship        ; 0.500 ;       ;             ;            ;       ;       ;
; Clock Skew                ; 4.159 ;       ;             ;            ;       ;       ;
; Data Delay                ; 6.849 ;       ;             ;            ;       ;       ;
; Number of Logic Levels    ;       ; 1     ;             ;            ;       ;       ;
; Physical Delays           ;       ;       ;             ;            ;       ;       ;
;  Arrival Path             ;       ;       ;             ;            ;       ;       ;
;   Clock                   ;       ;       ;             ;            ;       ;       ;
;    Clock Network (Lumped) ;       ; 1     ; 0.000       ;            ; 0.000 ; 0.000 ;
;   Data                    ;       ;       ;             ;            ;       ;       ;
;    IC                     ;       ; 2     ; 4.585       ; 67         ; 0.000 ; 4.585 ;
;    Cell                   ;       ; 3     ; 2.264       ; 33         ; 0.000 ; 1.760 ;
;  Required Path            ;       ;       ;             ;            ;       ;       ;
;   Clock                   ;       ;       ;             ;            ;       ;       ;
;    IC                     ;       ; 3     ; 2.965       ; 71         ; 0.000 ; 2.965 ;
;    Cell                   ;       ; 4     ; 1.194       ; 29         ; 0.000 ; 0.538 ;
+---------------------------+-------+-------+-------------+------------+-------+-------+
Note: Negative delays are omitted from totals when calculating percentages

+------------------------------------------------------------------------------------------------------------------------------+
; Data Arrival Path                                                                                                            ;
+---------+---------+----+------+--------+--------------------+------------+---------------------------------------------------+
; Total   ; Incr    ; RF ; Type ; Fanout ; Location           ; HS/LP      ; Element                                           ;
+---------+---------+----+------+--------+--------------------+------------+---------------------------------------------------+
; 0.500   ; 0.500   ;    ;      ;        ;                    ;            ; launch edge time                                  ;
; 0.500   ; 0.000   ;    ;      ;        ;                    ;            ; clock path                                        ;
;   0.500 ;   0.000 ; F  ;      ;        ;                    ;            ; clock network delay                               ;
;   0.500 ;   0.000 ;    ;      ; 1      ; PIN_AA7            ;            ; rst_i                                             ;
; 0.500   ; 0.000   ; F  ;      ; 1      ; PIN_AA7            ;            ; rst_i                                             ;
; 7.349   ; 6.849   ;    ;      ;        ;                    ;            ; data path                                         ;
;   0.500 ;   0.000 ; FF ; IC   ; 1      ; IOIBUF_X150_Y7_N47 ;            ; rst_i~input|i                                     ;
;   1.004 ;   0.504 ; FF ; CELL ; 2      ; IOIBUF_X150_Y7_N47 ;            ; rst_i~input|o                                     ;
;   2.764 ;   1.760 ; FF ; CELL ; 28     ; IOIBUF_X150_Y7_N47 ;            ; rst_i~input~io_48_lvds_tile_edge/cdata_pb25_in[0] ;
;   7.349 ;   4.585 ; FF ; IC   ; 1      ; FF_X147_Y65_N16    ; High Speed ; ts_parser_inst|s_ts_target_pid_reg1[9]|ena        ;
;   7.349 ;   0.000 ; FF ; CELL ; 1      ; FF_X147_Y65_N16    ; High Speed ; ts_parser_inst|s_ts_target_pid_reg1[9]            ;
+---------+---------+----+------+--------+--------------------+------------+---------------------------------------------------+

+-------------------------------------------------------------------------------------------------------------------------+
; Data Required Path                                                                                                      ;
+---------+---------+----+------+--------+---------------------+------------+---------------------------------------------+
; Total   ; Incr    ; RF ; Type ; Fanout ; Location            ; HS/LP      ; Element                                     ;
+---------+---------+----+------+--------+---------------------+------------+---------------------------------------------+
; 1.000   ; 1.000   ;    ;      ;        ;                     ;            ; latch edge time                             ;
; 5.159   ; 4.159   ;    ;      ;        ;                     ;            ; clock path                                  ;
;   1.000 ;   0.000 ;    ;      ;        ;                     ;            ; source latency                              ;
;   1.000 ;   0.000 ;    ;      ; 1      ; PIN_N5              ;            ; clk_i                                       ;
;   1.000 ;   0.000 ; RR ; IC   ; 1      ; IOIBUF_X150_Y60_N47 ;            ; clk_i~input|i                               ;
;   1.538 ;   0.538 ; RR ; CELL ; 1      ; IOIBUF_X150_Y60_N47 ;            ; clk_i~input|o                               ;
;   1.684 ;   0.146 ; RR ; CELL ; 1      ; IOIBUF_X150_Y60_N47 ;            ; clk_i~input~io_48_lvds_tile_edge/ioclkin[2] ;
;   1.684 ;   0.000 ; RR ; IC   ; 2      ; CLKCTRL_3C_G_I23    ;            ; clk_i~inputCLKENA0|inclk                    ;
;   2.194 ;   0.510 ; RR ; CELL ; 318    ; CLKCTRL_3C_G_I23    ;            ; clk_i~inputCLKENA0|outclk                   ;
;   5.159 ;   2.965 ; RR ; IC   ; 1      ; FF_X147_Y65_N16     ; High Speed ; ts_parser_inst|s_ts_target_pid_reg1[9]|clk  ;
;   5.159 ;   0.000 ; RR ; CELL ; 1      ; FF_X147_Y65_N16     ; High Speed ; ts_parser_inst|s_ts_target_pid_reg1[9]      ;
; 5.129   ; -0.030  ;    ;      ;        ;                     ;            ; clock uncertainty                           ;
; 5.203   ; 0.074   ;    ; uTsu ; 1      ; FF_X147_Y65_N16     ;            ; ts_parser_inst|s_ts_target_pid_reg1[9]      ;
+---------+---------+----+------+--------+---------------------+------------+---------------------------------------------+

----------------------------
; Extra Fitter Information ;
----------------------------
HTML report is unavailable in plain text report export.



Path #2: Setup slack is -2.146 (VIOLATED)
===============================================================================
+-------------------------------------------------------+
; Path Summary                                          ;
+--------------------+----------------------------------+
; Property           ; Value                            ;
+--------------------+----------------------------------+
; From Node          ; rst_i                            ;
; To Node            ; ts_parser_inst|s_ts_data_reg1[5] ;
; Launch Clock       ; rst_i (INVERTED)                 ;
; Latch Clock        ; clk_i                            ;
; Data Arrival Time  ; 7.349                            ;
; Data Required Time ; 5.203                            ;
; Slack              ; -2.146 (VIOLATED)                ;
+--------------------+----------------------------------+

+--------------------------------------------------------------------------------------+
; Statistics                                                                           ;
+---------------------------+-------+-------+-------------+------------+-------+-------+
; Property                  ; Value ; Count ; Total Delay ; % of Total ; Min   ; Max   ;
+---------------------------+-------+-------+-------------+------------+-------+-------+
; Setup Relationship        ; 0.500 ;       ;             ;            ;       ;       ;
; Clock Skew                ; 4.159 ;       ;             ;            ;       ;       ;
; Data Delay                ; 6.849 ;       ;             ;            ;       ;       ;
; Number of Logic Levels    ;       ; 1     ;             ;            ;       ;       ;
; Physical Delays           ;       ;       ;             ;            ;       ;       ;
;  Arrival Path             ;       ;       ;             ;            ;       ;       ;
;   Clock                   ;       ;       ;             ;            ;       ;       ;
;    Clock Network (Lumped) ;       ; 1     ; 0.000       ;            ; 0.000 ; 0.000 ;
;   Data                    ;       ;       ;             ;            ;       ;       ;
;    IC                     ;       ; 2     ; 4.585       ; 67         ; 0.000 ; 4.585 ;
;    Cell                   ;       ; 3     ; 2.264       ; 33         ; 0.000 ; 1.760 ;
;  Required Path            ;       ;       ;             ;            ;       ;       ;
;   Clock                   ;       ;       ;             ;            ;       ;       ;
;    IC                     ;       ; 3     ; 2.965       ; 71         ; 0.000 ; 2.965 ;
;    Cell                   ;       ; 4     ; 1.194       ; 29         ; 0.000 ; 0.538 ;
+---------------------------+-------+-------+-------------+------------+-------+-------+
Note: Negative delays are omitted from totals when calculating percentages

+------------------------------------------------------------------------------------------------------------------------------+
; Data Arrival Path                                                                                                            ;
+---------+---------+----+------+--------+--------------------+------------+---------------------------------------------------+
; Total   ; Incr    ; RF ; Type ; Fanout ; Location           ; HS/LP      ; Element                                           ;
+---------+---------+----+------+--------+--------------------+------------+---------------------------------------------------+
; 0.500   ; 0.500   ;    ;      ;        ;                    ;            ; launch edge time                                  ;
; 0.500   ; 0.000   ;    ;      ;        ;                    ;            ; clock path                                        ;
;   0.500 ;   0.000 ; F  ;      ;        ;                    ;            ; clock network delay                               ;
;   0.500 ;   0.000 ;    ;      ; 1      ; PIN_AA7            ;            ; rst_i                                             ;
; 0.500   ; 0.000   ; F  ;      ; 1      ; PIN_AA7            ;            ; rst_i                                             ;
; 7.349   ; 6.849   ;    ;      ;        ;                    ;            ; data path                                         ;
;   0.500 ;   0.000 ; FF ; IC   ; 1      ; IOIBUF_X150_Y7_N47 ;            ; rst_i~input|i                                     ;
;   1.004 ;   0.504 ; FF ; CELL ; 2      ; IOIBUF_X150_Y7_N47 ;            ; rst_i~input|o                                     ;
;   2.764 ;   1.760 ; FF ; CELL ; 28     ; IOIBUF_X150_Y7_N47 ;            ; rst_i~input~io_48_lvds_tile_edge/cdata_pb25_in[0] ;
;   7.349 ;   4.585 ; FF ; IC   ; 1      ; FF_X147_Y65_N56    ; High Speed ; ts_parser_inst|s_ts_data_reg1[5]|ena              ;
;   7.349 ;   0.000 ; FF ; CELL ; 1      ; FF_X147_Y65_N56    ; High Speed ; ts_parser_inst|s_ts_data_reg1[5]                  ;
+---------+---------+----+------+--------+--------------------+------------+---------------------------------------------------+

+-------------------------------------------------------------------------------------------------------------------------+
; Data Required Path                                                                                                      ;
+---------+---------+----+------+--------+---------------------+------------+---------------------------------------------+
; Total   ; Incr    ; RF ; Type ; Fanout ; Location            ; HS/LP      ; Element                                     ;
+---------+---------+----+------+--------+---------------------+------------+---------------------------------------------+
; 1.000   ; 1.000   ;    ;      ;        ;                     ;            ; latch edge time                             ;
; 5.159   ; 4.159   ;    ;      ;        ;                     ;            ; clock path                                  ;
;   1.000 ;   0.000 ;    ;      ;        ;                     ;            ; source latency                              ;
;   1.000 ;   0.000 ;    ;      ; 1      ; PIN_N5              ;            ; clk_i                                       ;
;   1.000 ;   0.000 ; RR ; IC   ; 1      ; IOIBUF_X150_Y60_N47 ;            ; clk_i~input|i                               ;
;   1.538 ;   0.538 ; RR ; CELL ; 1      ; IOIBUF_X150_Y60_N47 ;            ; clk_i~input|o                               ;
;   1.684 ;   0.146 ; RR ; CELL ; 1      ; IOIBUF_X150_Y60_N47 ;            ; clk_i~input~io_48_lvds_tile_edge/ioclkin[2] ;
;   1.684 ;   0.000 ; RR ; IC   ; 2      ; CLKCTRL_3C_G_I23    ;            ; clk_i~inputCLKENA0|inclk                    ;
;   2.194 ;   0.510 ; RR ; CELL ; 318    ; CLKCTRL_3C_G_I23    ;            ; clk_i~inputCLKENA0|outclk                   ;
;   5.159 ;   2.965 ; RR ; IC   ; 1      ; FF_X147_Y65_N56     ; High Speed ; ts_parser_inst|s_ts_data_reg1[5]|clk        ;
;   5.159 ;   0.000 ; RR ; CELL ; 1      ; FF_X147_Y65_N56     ; High Speed ; ts_parser_inst|s_ts_data_reg1[5]            ;
; 5.129   ; -0.030  ;    ;      ;        ;                     ;            ; clock uncertainty                           ;
; 5.203   ; 0.074   ;    ; uTsu ; 1      ; FF_X147_Y65_N56     ;            ; ts_parser_inst|s_ts_data_reg1[5]            ;
+---------+---------+----+------+--------+---------------------+------------+---------------------------------------------+

----------------------------
; Extra Fitter Information ;
----------------------------
HTML report is unavailable in plain text report export.



Path #3: Setup slack is -2.146 (VIOLATED)
===============================================================================
+-------------------------------------------------------+
; Path Summary                                          ;
+--------------------+----------------------------------+
; Property           ; Value                            ;
+--------------------+----------------------------------+
; From Node          ; rst_i                            ;
; To Node            ; ts_parser_inst|s_ts_data_reg1[4] ;
; Launch Clock       ; rst_i (INVERTED)                 ;
; Latch Clock        ; clk_i                            ;
; Data Arrival Time  ; 7.349                            ;
; Data Required Time ; 5.203                            ;
; Slack              ; -2.146 (VIOLATED)                ;
+--------------------+----------------------------------+

+--------------------------------------------------------------------------------------+
; Statistics                                                                           ;
+---------------------------+-------+-------+-------------+------------+-------+-------+
; Property                  ; Value ; Count ; Total Delay ; % of Total ; Min   ; Max   ;
+---------------------------+-------+-------+-------------+------------+-------+-------+
; Setup Relationship        ; 0.500 ;       ;             ;            ;       ;       ;
; Clock Skew                ; 4.159 ;       ;             ;            ;       ;       ;
; Data Delay                ; 6.849 ;       ;             ;            ;       ;       ;
; Number of Logic Levels    ;       ; 1     ;             ;            ;       ;       ;
; Physical Delays           ;       ;       ;             ;            ;       ;       ;
;  Arrival Path             ;       ;       ;             ;            ;       ;       ;
;   Clock                   ;       ;       ;             ;            ;       ;       ;
;    Clock Network (Lumped) ;       ; 1     ; 0.000       ;            ; 0.000 ; 0.000 ;
;   Data                    ;       ;       ;             ;            ;       ;       ;
;    IC                     ;       ; 2     ; 4.585       ; 67         ; 0.000 ; 4.585 ;
;    Cell                   ;       ; 3     ; 2.264       ; 33         ; 0.000 ; 1.760 ;
;  Required Path            ;       ;       ;             ;            ;       ;       ;
;   Clock                   ;       ;       ;             ;            ;       ;       ;
;    IC                     ;       ; 3     ; 2.965       ; 71         ; 0.000 ; 2.965 ;
;    Cell                   ;       ; 4     ; 1.194       ; 29         ; 0.000 ; 0.538 ;
+---------------------------+-------+-------+-------------+------------+-------+-------+
Note: Negative delays are omitted from totals when calculating percentages

+------------------------------------------------------------------------------------------------------------------------------+
; Data Arrival Path                                                                                                            ;
+---------+---------+----+------+--------+--------------------+------------+---------------------------------------------------+
; Total   ; Incr    ; RF ; Type ; Fanout ; Location           ; HS/LP      ; Element                                           ;
+---------+---------+----+------+--------+--------------------+------------+---------------------------------------------------+
; 0.500   ; 0.500   ;    ;      ;        ;                    ;            ; launch edge time                                  ;
; 0.500   ; 0.000   ;    ;      ;        ;                    ;            ; clock path                                        ;
;   0.500 ;   0.000 ; F  ;      ;        ;                    ;            ; clock network delay                               ;
;   0.500 ;   0.000 ;    ;      ; 1      ; PIN_AA7            ;            ; rst_i                                             ;
; 0.500   ; 0.000   ; F  ;      ; 1      ; PIN_AA7            ;            ; rst_i                                             ;
; 7.349   ; 6.849   ;    ;      ;        ;                    ;            ; data path                                         ;
;   0.500 ;   0.000 ; FF ; IC   ; 1      ; IOIBUF_X150_Y7_N47 ;            ; rst_i~input|i                                     ;
;   1.004 ;   0.504 ; FF ; CELL ; 2      ; IOIBUF_X150_Y7_N47 ;            ; rst_i~input|o                                     ;
;   2.764 ;   1.760 ; FF ; CELL ; 28     ; IOIBUF_X150_Y7_N47 ;            ; rst_i~input~io_48_lvds_tile_edge/cdata_pb25_in[0] ;
;   7.349 ;   4.585 ; FF ; IC   ; 1      ; FF_X147_Y65_N59    ; High Speed ; ts_parser_inst|s_ts_data_reg1[4]|ena              ;
;   7.349 ;   0.000 ; FF ; CELL ; 1      ; FF_X147_Y65_N59    ; High Speed ; ts_parser_inst|s_ts_data_reg1[4]                  ;
+---------+---------+----+------+--------+--------------------+------------+---------------------------------------------------+

+-------------------------------------------------------------------------------------------------------------------------+
; Data Required Path                                                                                                      ;
+---------+---------+----+------+--------+---------------------+------------+---------------------------------------------+
; Total   ; Incr    ; RF ; Type ; Fanout ; Location            ; HS/LP      ; Element                                     ;
+---------+---------+----+------+--------+---------------------+------------+---------------------------------------------+
; 1.000   ; 1.000   ;    ;      ;        ;                     ;            ; latch edge time                             ;
; 5.159   ; 4.159   ;    ;      ;        ;                     ;            ; clock path                                  ;
;   1.000 ;   0.000 ;    ;      ;        ;                     ;            ; source latency                              ;
;   1.000 ;   0.000 ;    ;      ; 1      ; PIN_N5              ;            ; clk_i                                       ;
;   1.000 ;   0.000 ; RR ; IC   ; 1      ; IOIBUF_X150_Y60_N47 ;            ; clk_i~input|i                               ;
;   1.538 ;   0.538 ; RR ; CELL ; 1      ; IOIBUF_X150_Y60_N47 ;            ; clk_i~input|o                               ;
;   1.684 ;   0.146 ; RR ; CELL ; 1      ; IOIBUF_X150_Y60_N47 ;            ; clk_i~input~io_48_lvds_tile_edge/ioclkin[2] ;
;   1.684 ;   0.000 ; RR ; IC   ; 2      ; CLKCTRL_3C_G_I23    ;            ; clk_i~inputCLKENA0|inclk                    ;
;   2.194 ;   0.510 ; RR ; CELL ; 318    ; CLKCTRL_3C_G_I23    ;            ; clk_i~inputCLKENA0|outclk                   ;
;   5.159 ;   2.965 ; RR ; IC   ; 1      ; FF_X147_Y65_N59     ; High Speed ; ts_parser_inst|s_ts_data_reg1[4]|clk        ;
;   5.159 ;   0.000 ; RR ; CELL ; 1      ; FF_X147_Y65_N59     ; High Speed ; ts_parser_inst|s_ts_data_reg1[4]            ;
; 5.129   ; -0.030  ;    ;      ;        ;                     ;            ; clock uncertainty                           ;
; 5.203   ; 0.074   ;    ; uTsu ; 1      ; FF_X147_Y65_N59     ;            ; ts_parser_inst|s_ts_data_reg1[4]            ;
+---------+---------+----+------+--------+---------------------+------------+---------------------------------------------+

----------------------------
; Extra Fitter Information ;
----------------------------
HTML report is unavailable in plain text report export.



Path #4: Setup slack is -2.146 (VIOLATED)
===============================================================================
+-------------------------------------------------------+
; Path Summary                                          ;
+--------------------+----------------------------------+
; Property           ; Value                            ;
+--------------------+----------------------------------+
; From Node          ; rst_i                            ;
; To Node            ; ts_parser_inst|s_ts_data_reg1[7] ;
; Launch Clock       ; rst_i (INVERTED)                 ;
; Latch Clock        ; clk_i                            ;
; Data Arrival Time  ; 7.349                            ;
; Data Required Time ; 5.203                            ;
; Slack              ; -2.146 (VIOLATED)                ;
+--------------------+----------------------------------+

+--------------------------------------------------------------------------------------+
; Statistics                                                                           ;
+---------------------------+-------+-------+-------------+------------+-------+-------+
; Property                  ; Value ; Count ; Total Delay ; % of Total ; Min   ; Max   ;
+---------------------------+-------+-------+-------------+------------+-------+-------+
; Setup Relationship        ; 0.500 ;       ;             ;            ;       ;       ;
; Clock Skew                ; 4.159 ;       ;             ;            ;       ;       ;
; Data Delay                ; 6.849 ;       ;             ;            ;       ;       ;
; Number of Logic Levels    ;       ; 1     ;             ;            ;       ;       ;
; Physical Delays           ;       ;       ;             ;            ;       ;       ;
;  Arrival Path             ;       ;       ;             ;            ;       ;       ;
;   Clock                   ;       ;       ;             ;            ;       ;       ;
;    Clock Network (Lumped) ;       ; 1     ; 0.000       ;            ; 0.000 ; 0.000 ;
;   Data                    ;       ;       ;             ;            ;       ;       ;
;    IC                     ;       ; 2     ; 4.585       ; 67         ; 0.000 ; 4.585 ;
;    Cell                   ;       ; 3     ; 2.264       ; 33         ; 0.000 ; 1.760 ;
;  Required Path            ;       ;       ;             ;            ;       ;       ;
;   Clock                   ;       ;       ;             ;            ;       ;       ;
;    IC                     ;       ; 3     ; 2.965       ; 71         ; 0.000 ; 2.965 ;
;    Cell                   ;       ; 4     ; 1.194       ; 29         ; 0.000 ; 0.538 ;
+---------------------------+-------+-------+-------------+------------+-------+-------+
Note: Negative delays are omitted from totals when calculating percentages

+------------------------------------------------------------------------------------------------------------------------------+
; Data Arrival Path                                                                                                            ;
+---------+---------+----+------+--------+--------------------+------------+---------------------------------------------------+
; Total   ; Incr    ; RF ; Type ; Fanout ; Location           ; HS/LP      ; Element                                           ;
+---------+---------+----+------+--------+--------------------+------------+---------------------------------------------------+
; 0.500   ; 0.500   ;    ;      ;        ;                    ;            ; launch edge time                                  ;
; 0.500   ; 0.000   ;    ;      ;        ;                    ;            ; clock path                                        ;
;   0.500 ;   0.000 ; F  ;      ;        ;                    ;            ; clock network delay                               ;
;   0.500 ;   0.000 ;    ;      ; 1      ; PIN_AA7            ;            ; rst_i                                             ;
; 0.500   ; 0.000   ; F  ;      ; 1      ; PIN_AA7            ;            ; rst_i                                             ;
; 7.349   ; 6.849   ;    ;      ;        ;                    ;            ; data path                                         ;
;   0.500 ;   0.000 ; FF ; IC   ; 1      ; IOIBUF_X150_Y7_N47 ;            ; rst_i~input|i                                     ;
;   1.004 ;   0.504 ; FF ; CELL ; 2      ; IOIBUF_X150_Y7_N47 ;            ; rst_i~input|o                                     ;
;   2.764 ;   1.760 ; FF ; CELL ; 28     ; IOIBUF_X150_Y7_N47 ;            ; rst_i~input~io_48_lvds_tile_edge/cdata_pb25_in[0] ;
;   7.349 ;   4.585 ; FF ; IC   ; 1      ; FF_X147_Y65_N20    ; High Speed ; ts_parser_inst|s_ts_data_reg1[7]|ena              ;
;   7.349 ;   0.000 ; FF ; CELL ; 1      ; FF_X147_Y65_N20    ; High Speed ; ts_parser_inst|s_ts_data_reg1[7]                  ;
+---------+---------+----+------+--------+--------------------+------------+---------------------------------------------------+

+-------------------------------------------------------------------------------------------------------------------------+
; Data Required Path                                                                                                      ;
+---------+---------+----+------+--------+---------------------+------------+---------------------------------------------+
; Total   ; Incr    ; RF ; Type ; Fanout ; Location            ; HS/LP      ; Element                                     ;
+---------+---------+----+------+--------+---------------------+------------+---------------------------------------------+
; 1.000   ; 1.000   ;    ;      ;        ;                     ;            ; latch edge time                             ;
; 5.159   ; 4.159   ;    ;      ;        ;                     ;            ; clock path                                  ;
;   1.000 ;   0.000 ;    ;      ;        ;                     ;            ; source latency                              ;
;   1.000 ;   0.000 ;    ;      ; 1      ; PIN_N5              ;            ; clk_i                                       ;
;   1.000 ;   0.000 ; RR ; IC   ; 1      ; IOIBUF_X150_Y60_N47 ;            ; clk_i~input|i                               ;
;   1.538 ;   0.538 ; RR ; CELL ; 1      ; IOIBUF_X150_Y60_N47 ;            ; clk_i~input|o                               ;
;   1.684 ;   0.146 ; RR ; CELL ; 1      ; IOIBUF_X150_Y60_N47 ;            ; clk_i~input~io_48_lvds_tile_edge/ioclkin[2] ;
;   1.684 ;   0.000 ; RR ; IC   ; 2      ; CLKCTRL_3C_G_I23    ;            ; clk_i~inputCLKENA0|inclk                    ;
;   2.194 ;   0.510 ; RR ; CELL ; 318    ; CLKCTRL_3C_G_I23    ;            ; clk_i~inputCLKENA0|outclk                   ;
;   5.159 ;   2.965 ; RR ; IC   ; 1      ; FF_X147_Y65_N20     ; High Speed ; ts_parser_inst|s_ts_data_reg1[7]|clk        ;
;   5.159 ;   0.000 ; RR ; CELL ; 1      ; FF_X147_Y65_N20     ; High Speed ; ts_parser_inst|s_ts_data_reg1[7]            ;
; 5.129   ; -0.030  ;    ;      ;        ;                     ;            ; clock uncertainty                           ;
; 5.203   ; 0.074   ;    ; uTsu ; 1      ; FF_X147_Y65_N20     ;            ; ts_parser_inst|s_ts_data_reg1[7]            ;
+---------+---------+----+------+--------+---------------------+------------+---------------------------------------------+

----------------------------
; Extra Fitter Information ;
----------------------------
HTML report is unavailable in plain text report export.



Path #5: Setup slack is -2.146 (VIOLATED)
===============================================================================
+-------------------------------------------------------------+
; Path Summary                                                ;
+--------------------+----------------------------------------+
; Property           ; Value                                  ;
+--------------------+----------------------------------------+
; From Node          ; rst_i                                  ;
; To Node            ; ts_parser_inst|s_ts_target_pid_reg1[2] ;
; Launch Clock       ; rst_i (INVERTED)                       ;
; Latch Clock        ; clk_i                                  ;
; Data Arrival Time  ; 7.349                                  ;
; Data Required Time ; 5.203                                  ;
; Slack              ; -2.146 (VIOLATED)                      ;
+--------------------+----------------------------------------+

+--------------------------------------------------------------------------------------+
; Statistics                                                                           ;
+---------------------------+-------+-------+-------------+------------+-------+-------+
; Property                  ; Value ; Count ; Total Delay ; % of Total ; Min   ; Max   ;
+---------------------------+-------+-------+-------------+------------+-------+-------+
; Setup Relationship        ; 0.500 ;       ;             ;            ;       ;       ;
; Clock Skew                ; 4.159 ;       ;             ;            ;       ;       ;
; Data Delay                ; 6.849 ;       ;             ;            ;       ;       ;
; Number of Logic Levels    ;       ; 1     ;             ;            ;       ;       ;
; Physical Delays           ;       ;       ;             ;            ;       ;       ;
;  Arrival Path             ;       ;       ;             ;            ;       ;       ;
;   Clock                   ;       ;       ;             ;            ;       ;       ;
;    Clock Network (Lumped) ;       ; 1     ; 0.000       ;            ; 0.000 ; 0.000 ;
;   Data                    ;       ;       ;             ;            ;       ;       ;
;    IC                     ;       ; 2     ; 4.585       ; 67         ; 0.000 ; 4.585 ;
;    Cell                   ;       ; 3     ; 2.264       ; 33         ; 0.000 ; 1.760 ;
;  Required Path            ;       ;       ;             ;            ;       ;       ;
;   Clock                   ;       ;       ;             ;            ;       ;       ;
;    IC                     ;       ; 3     ; 2.965       ; 71         ; 0.000 ; 2.965 ;
;    Cell                   ;       ; 4     ; 1.194       ; 29         ; 0.000 ; 0.538 ;
+---------------------------+-------+-------+-------------+------------+-------+-------+
Note: Negative delays are omitted from totals when calculating percentages

+------------------------------------------------------------------------------------------------------------------------------+
; Data Arrival Path                                                                                                            ;
+---------+---------+----+------+--------+--------------------+------------+---------------------------------------------------+
; Total   ; Incr    ; RF ; Type ; Fanout ; Location           ; HS/LP      ; Element                                           ;
+---------+---------+----+------+--------+--------------------+------------+---------------------------------------------------+
; 0.500   ; 0.500   ;    ;      ;        ;                    ;            ; launch edge time                                  ;
; 0.500   ; 0.000   ;    ;      ;        ;                    ;            ; clock path                                        ;
;   0.500 ;   0.000 ; F  ;      ;        ;                    ;            ; clock network delay                               ;
;   0.500 ;   0.000 ;    ;      ; 1      ; PIN_AA7            ;            ; rst_i                                             ;
; 0.500   ; 0.000   ; F  ;      ; 1      ; PIN_AA7            ;            ; rst_i                                             ;
; 7.349   ; 6.849   ;    ;      ;        ;                    ;            ; data path                                         ;
;   0.500 ;   0.000 ; FF ; IC   ; 1      ; IOIBUF_X150_Y7_N47 ;            ; rst_i~input|i                                     ;
;   1.004 ;   0.504 ; FF ; CELL ; 2      ; IOIBUF_X150_Y7_N47 ;            ; rst_i~input|o                                     ;
;   2.764 ;   1.760 ; FF ; CELL ; 28     ; IOIBUF_X150_Y7_N47 ;            ; rst_i~input~io_48_lvds_tile_edge/cdata_pb25_in[0] ;
;   7.349 ;   4.585 ; FF ; IC   ; 1      ; FF_X147_Y65_N10    ; High Speed ; ts_parser_inst|s_ts_target_pid_reg1[2]|ena        ;
;   7.349 ;   0.000 ; FF ; CELL ; 1      ; FF_X147_Y65_N10    ; High Speed ; ts_parser_inst|s_ts_target_pid_reg1[2]            ;
+---------+---------+----+------+--------+--------------------+------------+---------------------------------------------------+

+-------------------------------------------------------------------------------------------------------------------------+
; Data Required Path                                                                                                      ;
+---------+---------+----+------+--------+---------------------+------------+---------------------------------------------+
; Total   ; Incr    ; RF ; Type ; Fanout ; Location            ; HS/LP      ; Element                                     ;
+---------+---------+----+------+--------+---------------------+------------+---------------------------------------------+
; 1.000   ; 1.000   ;    ;      ;        ;                     ;            ; latch edge time                             ;
; 5.159   ; 4.159   ;    ;      ;        ;                     ;            ; clock path                                  ;
;   1.000 ;   0.000 ;    ;      ;        ;                     ;            ; source latency                              ;
;   1.000 ;   0.000 ;    ;      ; 1      ; PIN_N5              ;            ; clk_i                                       ;
;   1.000 ;   0.000 ; RR ; IC   ; 1      ; IOIBUF_X150_Y60_N47 ;            ; clk_i~input|i                               ;
;   1.538 ;   0.538 ; RR ; CELL ; 1      ; IOIBUF_X150_Y60_N47 ;            ; clk_i~input|o                               ;
;   1.684 ;   0.146 ; RR ; CELL ; 1      ; IOIBUF_X150_Y60_N47 ;            ; clk_i~input~io_48_lvds_tile_edge/ioclkin[2] ;
;   1.684 ;   0.000 ; RR ; IC   ; 2      ; CLKCTRL_3C_G_I23    ;            ; clk_i~inputCLKENA0|inclk                    ;
;   2.194 ;   0.510 ; RR ; CELL ; 318    ; CLKCTRL_3C_G_I23    ;            ; clk_i~inputCLKENA0|outclk                   ;
;   5.159 ;   2.965 ; RR ; IC   ; 1      ; FF_X147_Y65_N10     ; High Speed ; ts_parser_inst|s_ts_target_pid_reg1[2]|clk  ;
;   5.159 ;   0.000 ; RR ; CELL ; 1      ; FF_X147_Y65_N10     ; High Speed ; ts_parser_inst|s_ts_target_pid_reg1[2]      ;
; 5.129   ; -0.030  ;    ;      ;        ;                     ;            ; clock uncertainty                           ;
; 5.203   ; 0.074   ;    ; uTsu ; 1      ; FF_X147_Y65_N10     ;            ; ts_parser_inst|s_ts_target_pid_reg1[2]      ;
+---------+---------+----+------+--------+---------------------+------------+---------------------------------------------+

----------------------------
; Extra Fitter Information ;
----------------------------
HTML report is unavailable in plain text report export.



Path #6: Setup slack is -2.146 (VIOLATED)
===============================================================================
+-------------------------------------------------------------+
; Path Summary                                                ;
+--------------------+----------------------------------------+
; Property           ; Value                                  ;
+--------------------+----------------------------------------+
; From Node          ; rst_i                                  ;
; To Node            ; ts_parser_inst|s_ts_target_pid_reg1[0] ;
; Launch Clock       ; rst_i (INVERTED)                       ;
; Latch Clock        ; clk_i                                  ;
; Data Arrival Time  ; 7.349                                  ;
; Data Required Time ; 5.203                                  ;
; Slack              ; -2.146 (VIOLATED)                      ;
+--------------------+----------------------------------------+

+--------------------------------------------------------------------------------------+
; Statistics                                                                           ;
+---------------------------+-------+-------+-------------+------------+-------+-------+
; Property                  ; Value ; Count ; Total Delay ; % of Total ; Min   ; Max   ;
+---------------------------+-------+-------+-------------+------------+-------+-------+
; Setup Relationship        ; 0.500 ;       ;             ;            ;       ;       ;
; Clock Skew                ; 4.159 ;       ;             ;            ;       ;       ;
; Data Delay                ; 6.849 ;       ;             ;            ;       ;       ;
; Number of Logic Levels    ;       ; 1     ;             ;            ;       ;       ;
; Physical Delays           ;       ;       ;             ;            ;       ;       ;
;  Arrival Path             ;       ;       ;             ;            ;       ;       ;
;   Clock                   ;       ;       ;             ;            ;       ;       ;
;    Clock Network (Lumped) ;       ; 1     ; 0.000       ;            ; 0.000 ; 0.000 ;
;   Data                    ;       ;       ;             ;            ;       ;       ;
;    IC                     ;       ; 2     ; 4.585       ; 67         ; 0.000 ; 4.585 ;
;    Cell                   ;       ; 3     ; 2.264       ; 33         ; 0.000 ; 1.760 ;
;  Required Path            ;       ;       ;             ;            ;       ;       ;
;   Clock                   ;       ;       ;             ;            ;       ;       ;
;    IC                     ;       ; 3     ; 2.965       ; 71         ; 0.000 ; 2.965 ;
;    Cell                   ;       ; 4     ; 1.194       ; 29         ; 0.000 ; 0.538 ;
+---------------------------+-------+-------+-------------+------------+-------+-------+
Note: Negative delays are omitted from totals when calculating percentages

+------------------------------------------------------------------------------------------------------------------------------+
; Data Arrival Path                                                                                                            ;
+---------+---------+----+------+--------+--------------------+------------+---------------------------------------------------+
; Total   ; Incr    ; RF ; Type ; Fanout ; Location           ; HS/LP      ; Element                                           ;
+---------+---------+----+------+--------+--------------------+------------+---------------------------------------------------+
; 0.500   ; 0.500   ;    ;      ;        ;                    ;            ; launch edge time                                  ;
; 0.500   ; 0.000   ;    ;      ;        ;                    ;            ; clock path                                        ;
;   0.500 ;   0.000 ; F  ;      ;        ;                    ;            ; clock network delay                               ;
;   0.500 ;   0.000 ;    ;      ; 1      ; PIN_AA7            ;            ; rst_i                                             ;
; 0.500   ; 0.000   ; F  ;      ; 1      ; PIN_AA7            ;            ; rst_i                                             ;
; 7.349   ; 6.849   ;    ;      ;        ;                    ;            ; data path                                         ;
;   0.500 ;   0.000 ; FF ; IC   ; 1      ; IOIBUF_X150_Y7_N47 ;            ; rst_i~input|i                                     ;
;   1.004 ;   0.504 ; FF ; CELL ; 2      ; IOIBUF_X150_Y7_N47 ;            ; rst_i~input|o                                     ;
;   2.764 ;   1.760 ; FF ; CELL ; 28     ; IOIBUF_X150_Y7_N47 ;            ; rst_i~input~io_48_lvds_tile_edge/cdata_pb25_in[0] ;
;   7.349 ;   4.585 ; FF ; IC   ; 1      ; FF_X147_Y65_N22    ; High Speed ; ts_parser_inst|s_ts_target_pid_reg1[0]|ena        ;
;   7.349 ;   0.000 ; FF ; CELL ; 1      ; FF_X147_Y65_N22    ; High Speed ; ts_parser_inst|s_ts_target_pid_reg1[0]            ;
+---------+---------+----+------+--------+--------------------+------------+---------------------------------------------------+

+-------------------------------------------------------------------------------------------------------------------------+
; Data Required Path                                                                                                      ;
+---------+---------+----+------+--------+---------------------+------------+---------------------------------------------+
; Total   ; Incr    ; RF ; Type ; Fanout ; Location            ; HS/LP      ; Element                                     ;
+---------+---------+----+------+--------+---------------------+------------+---------------------------------------------+
; 1.000   ; 1.000   ;    ;      ;        ;                     ;            ; latch edge time                             ;
; 5.159   ; 4.159   ;    ;      ;        ;                     ;            ; clock path                                  ;
;   1.000 ;   0.000 ;    ;      ;        ;                     ;            ; source latency                              ;
;   1.000 ;   0.000 ;    ;      ; 1      ; PIN_N5              ;            ; clk_i                                       ;
;   1.000 ;   0.000 ; RR ; IC   ; 1      ; IOIBUF_X150_Y60_N47 ;            ; clk_i~input|i                               ;
;   1.538 ;   0.538 ; RR ; CELL ; 1      ; IOIBUF_X150_Y60_N47 ;            ; clk_i~input|o                               ;
;   1.684 ;   0.146 ; RR ; CELL ; 1      ; IOIBUF_X150_Y60_N47 ;            ; clk_i~input~io_48_lvds_tile_edge/ioclkin[2] ;
;   1.684 ;   0.000 ; RR ; IC   ; 2      ; CLKCTRL_3C_G_I23    ;            ; clk_i~inputCLKENA0|inclk                    ;
;   2.194 ;   0.510 ; RR ; CELL ; 318    ; CLKCTRL_3C_G_I23    ;            ; clk_i~inputCLKENA0|outclk                   ;
;   5.159 ;   2.965 ; RR ; IC   ; 1      ; FF_X147_Y65_N22     ; High Speed ; ts_parser_inst|s_ts_target_pid_reg1[0]|clk  ;
;   5.159 ;   0.000 ; RR ; CELL ; 1      ; FF_X147_Y65_N22     ; High Speed ; ts_parser_inst|s_ts_target_pid_reg1[0]      ;
; 5.129   ; -0.030  ;    ;      ;        ;                     ;            ; clock uncertainty                           ;
; 5.203   ; 0.074   ;    ; uTsu ; 1      ; FF_X147_Y65_N22     ;            ; ts_parser_inst|s_ts_target_pid_reg1[0]      ;
+---------+---------+----+------+--------+---------------------+------------+---------------------------------------------+

----------------------------
; Extra Fitter Information ;
----------------------------
HTML report is unavailable in plain text report export.



Path #7: Setup slack is -2.146 (VIOLATED)
===============================================================================
+-------------------------------------------------------------+
; Path Summary                                                ;
+--------------------+----------------------------------------+
; Property           ; Value                                  ;
+--------------------+----------------------------------------+
; From Node          ; rst_i                                  ;
; To Node            ; ts_parser_inst|s_ts_target_pid_reg1[7] ;
; Launch Clock       ; rst_i (INVERTED)                       ;
; Latch Clock        ; clk_i                                  ;
; Data Arrival Time  ; 7.349                                  ;
; Data Required Time ; 5.203                                  ;
; Slack              ; -2.146 (VIOLATED)                      ;
+--------------------+----------------------------------------+

+--------------------------------------------------------------------------------------+
; Statistics                                                                           ;
+---------------------------+-------+-------+-------------+------------+-------+-------+
; Property                  ; Value ; Count ; Total Delay ; % of Total ; Min   ; Max   ;
+---------------------------+-------+-------+-------------+------------+-------+-------+
; Setup Relationship        ; 0.500 ;       ;             ;            ;       ;       ;
; Clock Skew                ; 4.159 ;       ;             ;            ;       ;       ;
; Data Delay                ; 6.849 ;       ;             ;            ;       ;       ;
; Number of Logic Levels    ;       ; 1     ;             ;            ;       ;       ;
; Physical Delays           ;       ;       ;             ;            ;       ;       ;
;  Arrival Path             ;       ;       ;             ;            ;       ;       ;
;   Clock                   ;       ;       ;             ;            ;       ;       ;
;    Clock Network (Lumped) ;       ; 1     ; 0.000       ;            ; 0.000 ; 0.000 ;
;   Data                    ;       ;       ;             ;            ;       ;       ;
;    IC                     ;       ; 2     ; 4.585       ; 67         ; 0.000 ; 4.585 ;
;    Cell                   ;       ; 3     ; 2.264       ; 33         ; 0.000 ; 1.760 ;
;  Required Path            ;       ;       ;             ;            ;       ;       ;
;   Clock                   ;       ;       ;             ;            ;       ;       ;
;    IC                     ;       ; 3     ; 2.965       ; 71         ; 0.000 ; 2.965 ;
;    Cell                   ;       ; 4     ; 1.194       ; 29         ; 0.000 ; 0.538 ;
+---------------------------+-------+-------+-------------+------------+-------+-------+
Note: Negative delays are omitted from totals when calculating percentages

+------------------------------------------------------------------------------------------------------------------------------+
; Data Arrival Path                                                                                                            ;
+---------+---------+----+------+--------+--------------------+------------+---------------------------------------------------+
; Total   ; Incr    ; RF ; Type ; Fanout ; Location           ; HS/LP      ; Element                                           ;
+---------+---------+----+------+--------+--------------------+------------+---------------------------------------------------+
; 0.500   ; 0.500   ;    ;      ;        ;                    ;            ; launch edge time                                  ;
; 0.500   ; 0.000   ;    ;      ;        ;                    ;            ; clock path                                        ;
;   0.500 ;   0.000 ; F  ;      ;        ;                    ;            ; clock network delay                               ;
;   0.500 ;   0.000 ;    ;      ; 1      ; PIN_AA7            ;            ; rst_i                                             ;
; 0.500   ; 0.000   ; F  ;      ; 1      ; PIN_AA7            ;            ; rst_i                                             ;
; 7.349   ; 6.849   ;    ;      ;        ;                    ;            ; data path                                         ;
;   0.500 ;   0.000 ; FF ; IC   ; 1      ; IOIBUF_X150_Y7_N47 ;            ; rst_i~input|i                                     ;
;   1.004 ;   0.504 ; FF ; CELL ; 2      ; IOIBUF_X150_Y7_N47 ;            ; rst_i~input|o                                     ;
;   2.764 ;   1.760 ; FF ; CELL ; 28     ; IOIBUF_X150_Y7_N47 ;            ; rst_i~input~io_48_lvds_tile_edge/cdata_pb25_in[0] ;
;   7.349 ;   4.585 ; FF ; IC   ; 1      ; FF_X147_Y65_N28    ; High Speed ; ts_parser_inst|s_ts_target_pid_reg1[7]|ena        ;
;   7.349 ;   0.000 ; FF ; CELL ; 1      ; FF_X147_Y65_N28    ; High Speed ; ts_parser_inst|s_ts_target_pid_reg1[7]            ;
+---------+---------+----+------+--------+--------------------+------------+---------------------------------------------------+

+-------------------------------------------------------------------------------------------------------------------------+
; Data Required Path                                                                                                      ;
+---------+---------+----+------+--------+---------------------+------------+---------------------------------------------+
; Total   ; Incr    ; RF ; Type ; Fanout ; Location            ; HS/LP      ; Element                                     ;
+---------+---------+----+------+--------+---------------------+------------+---------------------------------------------+
; 1.000   ; 1.000   ;    ;      ;        ;                     ;            ; latch edge time                             ;
; 5.159   ; 4.159   ;    ;      ;        ;                     ;            ; clock path                                  ;
;   1.000 ;   0.000 ;    ;      ;        ;                     ;            ; source latency                              ;
;   1.000 ;   0.000 ;    ;      ; 1      ; PIN_N5              ;            ; clk_i                                       ;
;   1.000 ;   0.000 ; RR ; IC   ; 1      ; IOIBUF_X150_Y60_N47 ;            ; clk_i~input|i                               ;
;   1.538 ;   0.538 ; RR ; CELL ; 1      ; IOIBUF_X150_Y60_N47 ;            ; clk_i~input|o                               ;
;   1.684 ;   0.146 ; RR ; CELL ; 1      ; IOIBUF_X150_Y60_N47 ;            ; clk_i~input~io_48_lvds_tile_edge/ioclkin[2] ;
;   1.684 ;   0.000 ; RR ; IC   ; 2      ; CLKCTRL_3C_G_I23    ;            ; clk_i~inputCLKENA0|inclk                    ;
;   2.194 ;   0.510 ; RR ; CELL ; 318    ; CLKCTRL_3C_G_I23    ;            ; clk_i~inputCLKENA0|outclk                   ;
;   5.159 ;   2.965 ; RR ; IC   ; 1      ; FF_X147_Y65_N28     ; High Speed ; ts_parser_inst|s_ts_target_pid_reg1[7]|clk  ;
;   5.159 ;   0.000 ; RR ; CELL ; 1      ; FF_X147_Y65_N28     ; High Speed ; ts_parser_inst|s_ts_target_pid_reg1[7]      ;
; 5.129   ; -0.030  ;    ;      ;        ;                     ;            ; clock uncertainty                           ;
; 5.203   ; 0.074   ;    ; uTsu ; 1      ; FF_X147_Y65_N28     ;            ; ts_parser_inst|s_ts_target_pid_reg1[7]      ;
+---------+---------+----+------+--------+---------------------+------------+---------------------------------------------+

----------------------------
; Extra Fitter Information ;
----------------------------
HTML report is unavailable in plain text report export.



Path #8: Setup slack is -2.146 (VIOLATED)
===============================================================================
+--------------------------------------------------------------+
; Path Summary                                                 ;
+--------------------+-----------------------------------------+
; Property           ; Value                                   ;
+--------------------+-----------------------------------------+
; From Node          ; rst_i                                   ;
; To Node            ; ts_parser_inst|s_ts_target_pid_reg1[11] ;
; Launch Clock       ; rst_i (INVERTED)                        ;
; Latch Clock        ; clk_i                                   ;
; Data Arrival Time  ; 7.349                                   ;
; Data Required Time ; 5.203                                   ;
; Slack              ; -2.146 (VIOLATED)                       ;
+--------------------+-----------------------------------------+

+--------------------------------------------------------------------------------------+
; Statistics                                                                           ;
+---------------------------+-------+-------+-------------+------------+-------+-------+
; Property                  ; Value ; Count ; Total Delay ; % of Total ; Min   ; Max   ;
+---------------------------+-------+-------+-------------+------------+-------+-------+
; Setup Relationship        ; 0.500 ;       ;             ;            ;       ;       ;
; Clock Skew                ; 4.159 ;       ;             ;            ;       ;       ;
; Data Delay                ; 6.849 ;       ;             ;            ;       ;       ;
; Number of Logic Levels    ;       ; 1     ;             ;            ;       ;       ;
; Physical Delays           ;       ;       ;             ;            ;       ;       ;
;  Arrival Path             ;       ;       ;             ;            ;       ;       ;
;   Clock                   ;       ;       ;             ;            ;       ;       ;
;    Clock Network (Lumped) ;       ; 1     ; 0.000       ;            ; 0.000 ; 0.000 ;
;   Data                    ;       ;       ;             ;            ;       ;       ;
;    IC                     ;       ; 2     ; 4.585       ; 67         ; 0.000 ; 4.585 ;
;    Cell                   ;       ; 3     ; 2.264       ; 33         ; 0.000 ; 1.760 ;
;  Required Path            ;       ;       ;             ;            ;       ;       ;
;   Clock                   ;       ;       ;             ;            ;       ;       ;
;    IC                     ;       ; 3     ; 2.965       ; 71         ; 0.000 ; 2.965 ;
;    Cell                   ;       ; 4     ; 1.194       ; 29         ; 0.000 ; 0.538 ;
+---------------------------+-------+-------+-------------+------------+-------+-------+
Note: Negative delays are omitted from totals when calculating percentages

+------------------------------------------------------------------------------------------------------------------------------+
; Data Arrival Path                                                                                                            ;
+---------+---------+----+------+--------+--------------------+------------+---------------------------------------------------+
; Total   ; Incr    ; RF ; Type ; Fanout ; Location           ; HS/LP      ; Element                                           ;
+---------+---------+----+------+--------+--------------------+------------+---------------------------------------------------+
; 0.500   ; 0.500   ;    ;      ;        ;                    ;            ; launch edge time                                  ;
; 0.500   ; 0.000   ;    ;      ;        ;                    ;            ; clock path                                        ;
;   0.500 ;   0.000 ; F  ;      ;        ;                    ;            ; clock network delay                               ;
;   0.500 ;   0.000 ;    ;      ; 1      ; PIN_AA7            ;            ; rst_i                                             ;
; 0.500   ; 0.000   ; F  ;      ; 1      ; PIN_AA7            ;            ; rst_i                                             ;
; 7.349   ; 6.849   ;    ;      ;        ;                    ;            ; data path                                         ;
;   0.500 ;   0.000 ; FF ; IC   ; 1      ; IOIBUF_X150_Y7_N47 ;            ; rst_i~input|i                                     ;
;   1.004 ;   0.504 ; FF ; CELL ; 2      ; IOIBUF_X150_Y7_N47 ;            ; rst_i~input|o                                     ;
;   2.764 ;   1.760 ; FF ; CELL ; 28     ; IOIBUF_X150_Y7_N47 ;            ; rst_i~input~io_48_lvds_tile_edge/cdata_pb25_in[0] ;
;   7.349 ;   4.585 ; FF ; IC   ; 1      ; FF_X147_Y65_N2     ; High Speed ; ts_parser_inst|s_ts_target_pid_reg1[11]|ena       ;
;   7.349 ;   0.000 ; FF ; CELL ; 1      ; FF_X147_Y65_N2     ; High Speed ; ts_parser_inst|s_ts_target_pid_reg1[11]           ;
+---------+---------+----+------+--------+--------------------+------------+---------------------------------------------------+

+-------------------------------------------------------------------------------------------------------------------------+
; Data Required Path                                                                                                      ;
+---------+---------+----+------+--------+---------------------+------------+---------------------------------------------+
; Total   ; Incr    ; RF ; Type ; Fanout ; Location            ; HS/LP      ; Element                                     ;
+---------+---------+----+------+--------+---------------------+------------+---------------------------------------------+
; 1.000   ; 1.000   ;    ;      ;        ;                     ;            ; latch edge time                             ;
; 5.159   ; 4.159   ;    ;      ;        ;                     ;            ; clock path                                  ;
;   1.000 ;   0.000 ;    ;      ;        ;                     ;            ; source latency                              ;
;   1.000 ;   0.000 ;    ;      ; 1      ; PIN_N5              ;            ; clk_i                                       ;
;   1.000 ;   0.000 ; RR ; IC   ; 1      ; IOIBUF_X150_Y60_N47 ;            ; clk_i~input|i                               ;
;   1.538 ;   0.538 ; RR ; CELL ; 1      ; IOIBUF_X150_Y60_N47 ;            ; clk_i~input|o                               ;
;   1.684 ;   0.146 ; RR ; CELL ; 1      ; IOIBUF_X150_Y60_N47 ;            ; clk_i~input~io_48_lvds_tile_edge/ioclkin[2] ;
;   1.684 ;   0.000 ; RR ; IC   ; 2      ; CLKCTRL_3C_G_I23    ;            ; clk_i~inputCLKENA0|inclk                    ;
;   2.194 ;   0.510 ; RR ; CELL ; 318    ; CLKCTRL_3C_G_I23    ;            ; clk_i~inputCLKENA0|outclk                   ;
;   5.159 ;   2.965 ; RR ; IC   ; 1      ; FF_X147_Y65_N2      ; High Speed ; ts_parser_inst|s_ts_target_pid_reg1[11]|clk ;
;   5.159 ;   0.000 ; RR ; CELL ; 1      ; FF_X147_Y65_N2      ; High Speed ; ts_parser_inst|s_ts_target_pid_reg1[11]     ;
; 5.129   ; -0.030  ;    ;      ;        ;                     ;            ; clock uncertainty                           ;
; 5.203   ; 0.074   ;    ; uTsu ; 1      ; FF_X147_Y65_N2      ;            ; ts_parser_inst|s_ts_target_pid_reg1[11]     ;
+---------+---------+----+------+--------+---------------------+------------+---------------------------------------------+

----------------------------
; Extra Fitter Information ;
----------------------------
HTML report is unavailable in plain text report export.



Path #9: Setup slack is -2.146 (VIOLATED)
===============================================================================
+--------------------------------------------------------------+
; Path Summary                                                 ;
+--------------------+-----------------------------------------+
; Property           ; Value                                   ;
+--------------------+-----------------------------------------+
; From Node          ; rst_i                                   ;
; To Node            ; ts_parser_inst|s_ts_target_pid_reg1[10] ;
; Launch Clock       ; rst_i (INVERTED)                        ;
; Latch Clock        ; clk_i                                   ;
; Data Arrival Time  ; 7.349                                   ;
; Data Required Time ; 5.203                                   ;
; Slack              ; -2.146 (VIOLATED)                       ;
+--------------------+-----------------------------------------+

+--------------------------------------------------------------------------------------+
; Statistics                                                                           ;
+---------------------------+-------+-------+-------------+------------+-------+-------+
; Property                  ; Value ; Count ; Total Delay ; % of Total ; Min   ; Max   ;
+---------------------------+-------+-------+-------------+------------+-------+-------+
; Setup Relationship        ; 0.500 ;       ;             ;            ;       ;       ;
; Clock Skew                ; 4.159 ;       ;             ;            ;       ;       ;
; Data Delay                ; 6.849 ;       ;             ;            ;       ;       ;
; Number of Logic Levels    ;       ; 1     ;             ;            ;       ;       ;
; Physical Delays           ;       ;       ;             ;            ;       ;       ;
;  Arrival Path             ;       ;       ;             ;            ;       ;       ;
;   Clock                   ;       ;       ;             ;            ;       ;       ;
;    Clock Network (Lumped) ;       ; 1     ; 0.000       ;            ; 0.000 ; 0.000 ;
;   Data                    ;       ;       ;             ;            ;       ;       ;
;    IC                     ;       ; 2     ; 4.585       ; 67         ; 0.000 ; 4.585 ;
;    Cell                   ;       ; 3     ; 2.264       ; 33         ; 0.000 ; 1.760 ;
;  Required Path            ;       ;       ;             ;            ;       ;       ;
;   Clock                   ;       ;       ;             ;            ;       ;       ;
;    IC                     ;       ; 3     ; 2.965       ; 71         ; 0.000 ; 2.965 ;
;    Cell                   ;       ; 4     ; 1.194       ; 29         ; 0.000 ; 0.538 ;
+---------------------------+-------+-------+-------------+------------+-------+-------+
Note: Negative delays are omitted from totals when calculating percentages

+------------------------------------------------------------------------------------------------------------------------------+
; Data Arrival Path                                                                                                            ;
+---------+---------+----+------+--------+--------------------+------------+---------------------------------------------------+
; Total   ; Incr    ; RF ; Type ; Fanout ; Location           ; HS/LP      ; Element                                           ;
+---------+---------+----+------+--------+--------------------+------------+---------------------------------------------------+
; 0.500   ; 0.500   ;    ;      ;        ;                    ;            ; launch edge time                                  ;
; 0.500   ; 0.000   ;    ;      ;        ;                    ;            ; clock path                                        ;
;   0.500 ;   0.000 ; F  ;      ;        ;                    ;            ; clock network delay                               ;
;   0.500 ;   0.000 ;    ;      ; 1      ; PIN_AA7            ;            ; rst_i                                             ;
; 0.500   ; 0.000   ; F  ;      ; 1      ; PIN_AA7            ;            ; rst_i                                             ;
; 7.349   ; 6.849   ;    ;      ;        ;                    ;            ; data path                                         ;
;   0.500 ;   0.000 ; FF ; IC   ; 1      ; IOIBUF_X150_Y7_N47 ;            ; rst_i~input|i                                     ;
;   1.004 ;   0.504 ; FF ; CELL ; 2      ; IOIBUF_X150_Y7_N47 ;            ; rst_i~input|o                                     ;
;   2.764 ;   1.760 ; FF ; CELL ; 28     ; IOIBUF_X150_Y7_N47 ;            ; rst_i~input~io_48_lvds_tile_edge/cdata_pb25_in[0] ;
;   7.349 ;   4.585 ; FF ; IC   ; 1      ; FF_X147_Y65_N4     ; High Speed ; ts_parser_inst|s_ts_target_pid_reg1[10]|ena       ;
;   7.349 ;   0.000 ; FF ; CELL ; 1      ; FF_X147_Y65_N4     ; High Speed ; ts_parser_inst|s_ts_target_pid_reg1[10]           ;
+---------+---------+----+------+--------+--------------------+------------+---------------------------------------------------+

+-------------------------------------------------------------------------------------------------------------------------+
; Data Required Path                                                                                                      ;
+---------+---------+----+------+--------+---------------------+------------+---------------------------------------------+
; Total   ; Incr    ; RF ; Type ; Fanout ; Location            ; HS/LP      ; Element                                     ;
+---------+---------+----+------+--------+---------------------+------------+---------------------------------------------+
; 1.000   ; 1.000   ;    ;      ;        ;                     ;            ; latch edge time                             ;
; 5.159   ; 4.159   ;    ;      ;        ;                     ;            ; clock path                                  ;
;   1.000 ;   0.000 ;    ;      ;        ;                     ;            ; source latency                              ;
;   1.000 ;   0.000 ;    ;      ; 1      ; PIN_N5              ;            ; clk_i                                       ;
;   1.000 ;   0.000 ; RR ; IC   ; 1      ; IOIBUF_X150_Y60_N47 ;            ; clk_i~input|i                               ;
;   1.538 ;   0.538 ; RR ; CELL ; 1      ; IOIBUF_X150_Y60_N47 ;            ; clk_i~input|o                               ;
;   1.684 ;   0.146 ; RR ; CELL ; 1      ; IOIBUF_X150_Y60_N47 ;            ; clk_i~input~io_48_lvds_tile_edge/ioclkin[2] ;
;   1.684 ;   0.000 ; RR ; IC   ; 2      ; CLKCTRL_3C_G_I23    ;            ; clk_i~inputCLKENA0|inclk                    ;
;   2.194 ;   0.510 ; RR ; CELL ; 318    ; CLKCTRL_3C_G_I23    ;            ; clk_i~inputCLKENA0|outclk                   ;
;   5.159 ;   2.965 ; RR ; IC   ; 1      ; FF_X147_Y65_N4      ; High Speed ; ts_parser_inst|s_ts_target_pid_reg1[10]|clk ;
;   5.159 ;   0.000 ; RR ; CELL ; 1      ; FF_X147_Y65_N4      ; High Speed ; ts_parser_inst|s_ts_target_pid_reg1[10]     ;
; 5.129   ; -0.030  ;    ;      ;        ;                     ;            ; clock uncertainty                           ;
; 5.203   ; 0.074   ;    ; uTsu ; 1      ; FF_X147_Y65_N4      ;            ; ts_parser_inst|s_ts_target_pid_reg1[10]     ;
+---------+---------+----+------+--------+---------------------+------------+---------------------------------------------+

----------------------------
; Extra Fitter Information ;
----------------------------
HTML report is unavailable in plain text report export.



Path #10: Setup slack is -2.126 (VIOLATED)
===============================================================================
+-----------------------------------------------------+
; Path Summary                                        ;
+--------------------+--------------------------------+
; Property           ; Value                          ;
+--------------------+--------------------------------+
; From Node          ; rst_i                          ;
; To Node            ; ts_parser_inst|s_ts_valid_reg1 ;
; Launch Clock       ; rst_i (INVERTED)               ;
; Latch Clock        ; clk_i                          ;
; Data Arrival Time  ; 7.335                          ;
; Data Required Time ; 5.209                          ;
; Slack              ; -2.126 (VIOLATED)              ;
+--------------------+--------------------------------+

+--------------------------------------------------------------------------------------+
; Statistics                                                                           ;
+---------------------------+-------+-------+-------------+------------+-------+-------+
; Property                  ; Value ; Count ; Total Delay ; % of Total ; Min   ; Max   ;
+---------------------------+-------+-------+-------------+------------+-------+-------+
; Setup Relationship        ; 0.500 ;       ;             ;            ;       ;       ;
; Clock Skew                ; 4.161 ;       ;             ;            ;       ;       ;
; Data Delay                ; 6.835 ;       ;             ;            ;       ;       ;
; Number of Logic Levels    ;       ; 1     ;             ;            ;       ;       ;
; Physical Delays           ;       ;       ;             ;            ;       ;       ;
;  Arrival Path             ;       ;       ;             ;            ;       ;       ;
;   Clock                   ;       ;       ;             ;            ;       ;       ;
;    Clock Network (Lumped) ;       ; 1     ; 0.000       ;            ; 0.000 ; 0.000 ;
;   Data                    ;       ;       ;             ;            ;       ;       ;
;    IC                     ;       ; 2     ; 4.571       ; 67         ; 0.000 ; 4.571 ;
;    Cell                   ;       ; 3     ; 2.264       ; 33         ; 0.000 ; 1.760 ;
;  Required Path            ;       ;       ;             ;            ;       ;       ;
;   Clock                   ;       ;       ;             ;            ;       ;       ;
;    IC                     ;       ; 3     ; 2.967       ; 71         ; 0.000 ; 2.967 ;
;    Cell                   ;       ; 4     ; 1.194       ; 29         ; 0.000 ; 0.538 ;
+---------------------------+-------+-------+-------------+------------+-------+-------+
Note: Negative delays are omitted from totals when calculating percentages

+------------------------------------------------------------------------------------------------------------------------------+
; Data Arrival Path                                                                                                            ;
+---------+---------+----+------+--------+--------------------+------------+---------------------------------------------------+
; Total   ; Incr    ; RF ; Type ; Fanout ; Location           ; HS/LP      ; Element                                           ;
+---------+---------+----+------+--------+--------------------+------------+---------------------------------------------------+
; 0.500   ; 0.500   ;    ;      ;        ;                    ;            ; launch edge time                                  ;
; 0.500   ; 0.000   ;    ;      ;        ;                    ;            ; clock path                                        ;
;   0.500 ;   0.000 ; F  ;      ;        ;                    ;            ; clock network delay                               ;
;   0.500 ;   0.000 ;    ;      ; 1      ; PIN_AA7            ;            ; rst_i                                             ;
; 0.500   ; 0.000   ; F  ;      ; 1      ; PIN_AA7            ;            ; rst_i                                             ;
; 7.335   ; 6.835   ;    ;      ;        ;                    ;            ; data path                                         ;
;   0.500 ;   0.000 ; FF ; IC   ; 1      ; IOIBUF_X150_Y7_N47 ;            ; rst_i~input|i                                     ;
;   1.004 ;   0.504 ; FF ; CELL ; 2      ; IOIBUF_X150_Y7_N47 ;            ; rst_i~input|o                                     ;
;   2.764 ;   1.760 ; FF ; CELL ; 28     ; IOIBUF_X150_Y7_N47 ;            ; rst_i~input~io_48_lvds_tile_edge/cdata_pb25_in[0] ;
;   7.335 ;   4.571 ; FF ; IC   ; 1      ; FF_X146_Y66_N58    ; High Speed ; ts_parser_inst|s_ts_valid_reg1|ena                ;
;   7.335 ;   0.000 ; FF ; CELL ; 1      ; FF_X146_Y66_N58    ; High Speed ; ts_parser_inst|s_ts_valid_reg1                    ;
+---------+---------+----+------+--------+--------------------+------------+---------------------------------------------------+

+-------------------------------------------------------------------------------------------------------------------------+
; Data Required Path                                                                                                      ;
+---------+---------+----+------+--------+---------------------+------------+---------------------------------------------+
; Total   ; Incr    ; RF ; Type ; Fanout ; Location            ; HS/LP      ; Element                                     ;
+---------+---------+----+------+--------+---------------------+------------+---------------------------------------------+
; 1.000   ; 1.000   ;    ;      ;        ;                     ;            ; latch edge time                             ;
; 5.161   ; 4.161   ;    ;      ;        ;                     ;            ; clock path                                  ;
;   1.000 ;   0.000 ;    ;      ;        ;                     ;            ; source latency                              ;
;   1.000 ;   0.000 ;    ;      ; 1      ; PIN_N5              ;            ; clk_i                                       ;
;   1.000 ;   0.000 ; RR ; IC   ; 1      ; IOIBUF_X150_Y60_N47 ;            ; clk_i~input|i                               ;
;   1.538 ;   0.538 ; RR ; CELL ; 1      ; IOIBUF_X150_Y60_N47 ;            ; clk_i~input|o                               ;
;   1.684 ;   0.146 ; RR ; CELL ; 1      ; IOIBUF_X150_Y60_N47 ;            ; clk_i~input~io_48_lvds_tile_edge/ioclkin[2] ;
;   1.684 ;   0.000 ; RR ; IC   ; 2      ; CLKCTRL_3C_G_I23    ;            ; clk_i~inputCLKENA0|inclk                    ;
;   2.194 ;   0.510 ; RR ; CELL ; 318    ; CLKCTRL_3C_G_I23    ;            ; clk_i~inputCLKENA0|outclk                   ;
;   5.161 ;   2.967 ; RR ; IC   ; 1      ; FF_X146_Y66_N58     ; High Speed ; ts_parser_inst|s_ts_valid_reg1|clk          ;
;   5.161 ;   0.000 ; RR ; CELL ; 1      ; FF_X146_Y66_N58     ; High Speed ; ts_parser_inst|s_ts_valid_reg1              ;
; 5.131   ; -0.030  ;    ;      ;        ;                     ;            ; clock uncertainty                           ;
; 5.209   ; 0.078   ;    ; uTsu ; 1      ; FF_X146_Y66_N58     ;            ; ts_parser_inst|s_ts_valid_reg1              ;
+---------+---------+----+------+--------+---------------------+------------+---------------------------------------------+

----------------------------
; Extra Fitter Information ;
----------------------------
HTML report is unavailable in plain text report export.



----------------
; Command Info ;
----------------
Report Timing: Found 10 hold paths (0 violated).  Worst case slack is 0.019 

Tcl Command:
    report_timing -hold -panel_name {Worst-Case Timing Paths||clk_i||Hold} -to_clock [get_clocks {clk_i}] -npaths 10 -detail full_path

Options:
    -to_clock [get_clocks {clk_i}] 
    -hold 
    -npaths 10 
    -detail full_path 
    -panel_name {Hold} 

Snapshot:
    final

Delay Models:
    Slow 900mV 100C Model
    Slow 900mV 0C Model
    Fast 900mV 100C Model
    Fast 900mV 0C Model


+-----------------------------------------------------------------------------------------------------------------------------------------------------------------------------------------------------+
; Summary of Paths                                                                                                                                                                                    ;
+-------+------------------------------------------------+------------------------------------------------+--------------+-------------+--------------+------------+------------+---------------------+
; Slack ; From Node                                      ; To Node                                        ; Launch Clock ; Latch Clock ; Relationship ; Clock Skew ; Data Delay ; Worst-Case Corner   ;
+-------+------------------------------------------------+------------------------------------------------+--------------+-------------+--------------+------------+------------+---------------------+
; 0.019 ; ts_parser_inst|s_cc_next[1]                    ; ts_parser_inst|s_cc_next[1]                    ; clk_i        ; clk_i       ; 0.000        ; 0.000      ; 0.253      ; Fast 900mV 0C Model ;
; 0.020 ; t2mi_parser_inst|s_state_ram_rd.null_pck_pid_l ; t2mi_parser_inst|s_state_ram_rd.null_pck_pid_l ; clk_i        ; clk_i       ; 0.000        ; 0.000      ; 0.258      ; Fast 900mV 0C Model ;
; 0.020 ; ts_parser_inst|s_state.pid_h                   ; ts_parser_inst|s_state.pid_h                   ; clk_i        ; clk_i       ; 0.000        ; 0.000      ; 0.259      ; Fast 900mV 0C Model ;
; 0.020 ; t2mi_parser_inst|s_state.up                    ; t2mi_parser_inst|s_state.up                    ; clk_i        ; clk_i       ; 0.000        ; 0.000      ; 0.256      ; Fast 900mV 0C Model ;
; 0.020 ; t2mi_parser_inst|s_cnt_payload_len_bytes[12]   ; t2mi_parser_inst|s_cnt_payload_len_bytes[12]   ; clk_i        ; clk_i       ; 0.000        ; 0.000      ; 0.253      ; Fast 900mV 0C Model ;
; 0.020 ; t2mi_parser_inst|s_cnt_payload_len_bytes[10]   ; t2mi_parser_inst|s_cnt_payload_len_bytes[10]   ; clk_i        ; clk_i       ; 0.000        ; 0.000      ; 0.254      ; Fast 900mV 0C Model ;
; 0.021 ; t2mi_parser_inst|s_state.bbpadding             ; t2mi_parser_inst|s_state.bbpadding             ; clk_i        ; clk_i       ; 0.000        ; 0.000      ; 0.255      ; Fast 900mV 0C Model ;
; 0.021 ; t2mi_parser_inst|tsup_sync_o                   ; t2mi_parser_inst|tsup_sync_o                   ; clk_i        ; clk_i       ; 0.000        ; 0.000      ; 0.258      ; Fast 900mV 0C Model ;
; 0.021 ; t2mi_parser_inst|s_init                        ; t2mi_parser_inst|s_init                        ; clk_i        ; clk_i       ; 0.000        ; 0.000      ; 0.252      ; Fast 900mV 0C Model ;
; 0.021 ; t2mi_parser_inst|s_state.bbpadding             ; t2mi_parser_inst|s_state.bbpadding~DUPLICATE   ; clk_i        ; clk_i       ; 0.000        ; 0.000      ; 0.255      ; Fast 900mV 0C Model ;
+-------+------------------------------------------------+------------------------------------------------+--------------+-------------+--------------+------------+------------+---------------------+


Path #1: Hold slack is 0.019 
===============================================================================
+--------------------------------------------------+
; Path Summary                                     ;
+--------------------+-----------------------------+
; Property           ; Value                       ;
+--------------------+-----------------------------+
; From Node          ; ts_parser_inst|s_cc_next[1] ;
; To Node            ; ts_parser_inst|s_cc_next[1] ;
; Launch Clock       ; clk_i                       ;
; Latch Clock        ; clk_i                       ;
; Data Arrival Time  ; 2.460                       ;
; Data Required Time ; 2.441                       ;
; Slack              ; 0.019                       ;
+--------------------+-----------------------------+

+-----------------------------------------------------------------------------------+
; Statistics                                                                        ;
+------------------------+-------+-------+-------------+------------+-------+-------+
; Property               ; Value ; Count ; Total Delay ; % of Total ; Min   ; Max   ;
+------------------------+-------+-------+-------------+------------+-------+-------+
; Hold Relationship      ; 0.000 ;       ;             ;            ;       ;       ;
; Clock Skew             ; 0.000 ;       ;             ;            ;       ;       ;
; Data Delay             ; 0.253 ;       ;             ;            ;       ;       ;
; Number of Logic Levels ;       ; 1     ;             ;            ;       ;       ;
; Physical Delays        ;       ;       ;             ;            ;       ;       ;
;  Arrival Path          ;       ;       ;             ;            ;       ;       ;
;   Clock                ;       ;       ;             ;            ;       ;       ;
;    IC                  ;       ; 3     ; 1.669       ; 76         ; 0.000 ; 1.669 ;
;    Cell                ;       ; 4     ; 0.538       ; 24         ; 0.000 ; 0.241 ;
;   Data                 ;       ;       ;             ;            ;       ;       ;
;    Cell                ;       ; 4     ; 0.155       ; 61         ; 0.000 ; 0.155 ;
;    uTco                ;       ; 1     ; 0.098       ; 39         ; 0.098 ; 0.098 ;
;  Required Path         ;       ;       ;             ;            ;       ;       ;
;   Clock                ;       ;       ;             ;            ;       ;       ;
;    IC                  ;       ; 3     ; 1.797       ; 75         ; 0.000 ; 1.797 ;
;    Cell                ;       ; 4     ; 0.601       ; 25         ; 0.000 ; 0.284 ;
+------------------------+-------+-------+-------------+------------+-------+-------+
Note: Negative delays are omitted from totals when calculating percentages

+--------------------------------------------------------------------------------------------------------------------------+
; Data Arrival Path                                                                                                        ;
+---------+---------+----+------+--------+----------------------+------------+---------------------------------------------+
; Total   ; Incr    ; RF ; Type ; Fanout ; Location             ; HS/LP      ; Element                                     ;
+---------+---------+----+------+--------+----------------------+------------+---------------------------------------------+
; 0.000   ; 0.000   ;    ;      ;        ;                      ;            ; launch edge time                            ;
; 2.207   ; 2.207   ;    ;      ;        ;                      ;            ; clock path                                  ;
;   0.000 ;   0.000 ;    ;      ;        ;                      ;            ; source latency                              ;
;   0.000 ;   0.000 ;    ;      ; 1      ; PIN_N5               ;            ; clk_i                                       ;
;   0.000 ;   0.000 ; RR ; IC   ; 1      ; IOIBUF_X150_Y60_N47  ;            ; clk_i~input|i                               ;
;   0.241 ;   0.241 ; RR ; CELL ; 1      ; IOIBUF_X150_Y60_N47  ;            ; clk_i~input|o                               ;
;   0.303 ;   0.062 ; RR ; CELL ; 1      ; IOIBUF_X150_Y60_N47  ;            ; clk_i~input~io_48_lvds_tile_edge/ioclkin[2] ;
;   0.303 ;   0.000 ; RR ; IC   ; 2      ; CLKCTRL_3C_G_I23     ;            ; clk_i~inputCLKENA0|inclk                    ;
;   0.538 ;   0.235 ; RR ; CELL ; 318    ; CLKCTRL_3C_G_I23     ;            ; clk_i~inputCLKENA0|outclk                   ;
;   2.207 ;   1.669 ; RR ; IC   ; 1      ; FF_X145_Y65_N13      ; High Speed ; ts_parser_inst|s_cc_next[1]|clk             ;
;   2.207 ;   0.000 ; RR ; CELL ; 1      ; FF_X145_Y65_N13      ; High Speed ; ts_parser_inst|s_cc_next[1]                 ;
; 2.460   ; 0.253   ;    ;      ;        ;                      ;            ; data path                                   ;
;   2.305 ;   0.098 ; FF ; uTco ; 2      ; FF_X145_Y65_N13      ;            ; ts_parser_inst|s_cc_next[1]|q               ;
;   2.305 ;   0.000 ; FF ; CELL ; 1      ; LABCELL_X145_Y65_N12 ; High Speed ; ts_parser_inst|Select_38~3|datae            ;
;   2.460 ;   0.155 ; FF ; CELL ; 1      ; LABCELL_X145_Y65_N12 ; High Speed ; ts_parser_inst|Select_38~3|combout          ;
;   2.460 ;   0.000 ; FF ; CELL ; 1      ; FF_X145_Y65_N13      ; High Speed ; ts_parser_inst|s_cc_next[1]|d               ;
;   2.460 ;   0.000 ; FF ; CELL ; 1      ; FF_X145_Y65_N13      ; High Speed ; ts_parser_inst|s_cc_next[1]                 ;
+---------+---------+----+------+--------+----------------------+------------+---------------------------------------------+

+--------------------------------------------------------------------------------------------------------------------------+
; Data Required Path                                                                                                       ;
+---------+----------+----+------+--------+---------------------+------------+---------------------------------------------+
; Total   ; Incr     ; RF ; Type ; Fanout ; Location            ; HS/LP      ; Element                                     ;
+---------+----------+----+------+--------+---------------------+------------+---------------------------------------------+
; 0.000   ; 0.000    ;    ;      ;        ;                     ;            ; latch edge time                             ;
; 2.207   ; 2.207    ;    ;      ;        ;                     ;            ; clock path                                  ;
;   0.000 ;   0.000  ;    ;      ;        ;                     ;            ; source latency                              ;
;   0.000 ;   0.000  ;    ;      ; 1      ; PIN_N5              ;            ; clk_i                                       ;
;   0.000 ;   0.000  ; RR ; IC   ; 1      ; IOIBUF_X150_Y60_N47 ;            ; clk_i~input|i                               ;
;   0.241 ;   0.241  ; RR ; CELL ; 1      ; IOIBUF_X150_Y60_N47 ;            ; clk_i~input|o                               ;
;   0.317 ;   0.076  ; RR ; CELL ; 1      ; IOIBUF_X150_Y60_N47 ;            ; clk_i~input~io_48_lvds_tile_edge/ioclkin[2] ;
;   0.317 ;   0.000  ; RR ; IC   ; 2      ; CLKCTRL_3C_G_I23    ;            ; clk_i~inputCLKENA0|inclk                    ;
;   0.601 ;   0.284  ; RR ; CELL ; 318    ; CLKCTRL_3C_G_I23    ;            ; clk_i~inputCLKENA0|outclk                   ;
;   2.398 ;   1.797  ; RR ; IC   ; 1      ; FF_X145_Y65_N13     ; High Speed ; ts_parser_inst|s_cc_next[1]|clk             ;
;   2.398 ;   0.000  ; RR ; CELL ; 1      ; FF_X145_Y65_N13     ; High Speed ; ts_parser_inst|s_cc_next[1]                 ;
;   2.207 ;   -0.191 ;    ;      ;        ;                     ;            ; clock pessimism removed                     ;
; 2.207   ; 0.000    ;    ;      ;        ;                     ;            ; clock uncertainty                           ;
; 2.441   ; 0.234    ;    ; uTh  ; 1      ; FF_X145_Y65_N13     ;            ; ts_parser_inst|s_cc_next[1]                 ;
+---------+----------+----+------+--------+---------------------+------------+---------------------------------------------+

----------------------------
; Extra Fitter Information ;
----------------------------
HTML report is unavailable in plain text report export.



Path #2: Hold slack is 0.020 
===============================================================================
+---------------------------------------------------------------------+
; Path Summary                                                        ;
+--------------------+------------------------------------------------+
; Property           ; Value                                          ;
+--------------------+------------------------------------------------+
; From Node          ; t2mi_parser_inst|s_state_ram_rd.null_pck_pid_l ;
; To Node            ; t2mi_parser_inst|s_state_ram_rd.null_pck_pid_l ;
; Launch Clock       ; clk_i                                          ;
; Latch Clock        ; clk_i                                          ;
; Data Arrival Time  ; 2.457                                          ;
; Data Required Time ; 2.437                                          ;
; Slack              ; 0.020                                          ;
+--------------------+------------------------------------------------+

+-----------------------------------------------------------------------------------+
; Statistics                                                                        ;
+------------------------+-------+-------+-------------+------------+-------+-------+
; Property               ; Value ; Count ; Total Delay ; % of Total ; Min   ; Max   ;
+------------------------+-------+-------+-------------+------------+-------+-------+
; Hold Relationship      ; 0.000 ;       ;             ;            ;       ;       ;
; Clock Skew             ; 0.000 ;       ;             ;            ;       ;       ;
; Data Delay             ; 0.258 ;       ;             ;            ;       ;       ;
; Number of Logic Levels ;       ; 1     ;             ;            ;       ;       ;
; Physical Delays        ;       ;       ;             ;            ;       ;       ;
;  Arrival Path          ;       ;       ;             ;            ;       ;       ;
;   Clock                ;       ;       ;             ;            ;       ;       ;
;    IC                  ;       ; 3     ; 1.661       ; 76         ; 0.000 ; 1.661 ;
;    Cell                ;       ; 4     ; 0.538       ; 24         ; 0.000 ; 0.241 ;
;   Data                 ;       ;       ;             ;            ;       ;       ;
;    Cell                ;       ; 4     ; 0.157       ; 61         ; 0.000 ; 0.157 ;
;    uTco                ;       ; 1     ; 0.101       ; 39         ; 0.101 ; 0.101 ;
;  Required Path         ;       ;       ;             ;            ;       ;       ;
;   Clock                ;       ;       ;             ;            ;       ;       ;
;    IC                  ;       ; 3     ; 1.789       ; 75         ; 0.000 ; 1.789 ;
;    Cell                ;       ; 4     ; 0.601       ; 25         ; 0.000 ; 0.284 ;
+------------------------+-------+-------+-------------+------------+-------+-------+
Note: Negative delays are omitted from totals when calculating percentages

+--------------------------------------------------------------------------------------------------------------------------------+
; Data Arrival Path                                                                                                              ;
+---------+---------+----+------+--------+---------------------+------------+----------------------------------------------------+
; Total   ; Incr    ; RF ; Type ; Fanout ; Location            ; HS/LP      ; Element                                            ;
+---------+---------+----+------+--------+---------------------+------------+----------------------------------------------------+
; 0.000   ; 0.000   ;    ;      ;        ;                     ;            ; launch edge time                                   ;
; 2.199   ; 2.199   ;    ;      ;        ;                     ;            ; clock path                                         ;
;   0.000 ;   0.000 ;    ;      ;        ;                     ;            ; source latency                                     ;
;   0.000 ;   0.000 ;    ;      ; 1      ; PIN_N5              ;            ; clk_i                                              ;
;   0.000 ;   0.000 ; RR ; IC   ; 1      ; IOIBUF_X150_Y60_N47 ;            ; clk_i~input|i                                      ;
;   0.241 ;   0.241 ; RR ; CELL ; 1      ; IOIBUF_X150_Y60_N47 ;            ; clk_i~input|o                                      ;
;   0.303 ;   0.062 ; RR ; CELL ; 1      ; IOIBUF_X150_Y60_N47 ;            ; clk_i~input~io_48_lvds_tile_edge/ioclkin[2]        ;
;   0.303 ;   0.000 ; RR ; IC   ; 2      ; CLKCTRL_3C_G_I23    ;            ; clk_i~inputCLKENA0|inclk                           ;
;   0.538 ;   0.235 ; RR ; CELL ; 318    ; CLKCTRL_3C_G_I23    ;            ; clk_i~inputCLKENA0|outclk                          ;
;   2.199 ;   1.661 ; RR ; IC   ; 1      ; FF_X143_Y74_N11     ; High Speed ; t2mi_parser_inst|s_state_ram_rd.null_pck_pid_l|clk ;
;   2.199 ;   0.000 ; RR ; CELL ; 1      ; FF_X143_Y74_N11     ; High Speed ; t2mi_parser_inst|s_state_ram_rd.null_pck_pid_l     ;
; 2.457   ; 0.258   ;    ;      ;        ;                     ;            ; data path                                          ;
;   2.300 ;   0.101 ; FF ; uTco ; 2      ; FF_X143_Y74_N11     ;            ; t2mi_parser_inst|s_state_ram_rd.null_pck_pid_l|q   ;
;   2.300 ;   0.000 ; FF ; CELL ; 1      ; LABCELL_X143_Y74_N9 ; High Speed ; t2mi_parser_inst|Select_119~0|datad                ;
;   2.457 ;   0.157 ; FF ; CELL ; 1      ; LABCELL_X143_Y74_N9 ; High Speed ; t2mi_parser_inst|Select_119~0|combout              ;
;   2.457 ;   0.000 ; FF ; CELL ; 1      ; FF_X143_Y74_N11     ; High Speed ; t2mi_parser_inst|s_state_ram_rd.null_pck_pid_l|d   ;
;   2.457 ;   0.000 ; FF ; CELL ; 1      ; FF_X143_Y74_N11     ; High Speed ; t2mi_parser_inst|s_state_ram_rd.null_pck_pid_l     ;
+---------+---------+----+------+--------+---------------------+------------+----------------------------------------------------+

+---------------------------------------------------------------------------------------------------------------------------------+
; Data Required Path                                                                                                              ;
+---------+----------+----+------+--------+---------------------+------------+----------------------------------------------------+
; Total   ; Incr     ; RF ; Type ; Fanout ; Location            ; HS/LP      ; Element                                            ;
+---------+----------+----+------+--------+---------------------+------------+----------------------------------------------------+
; 0.000   ; 0.000    ;    ;      ;        ;                     ;            ; latch edge time                                    ;
; 2.199   ; 2.199    ;    ;      ;        ;                     ;            ; clock path                                         ;
;   0.000 ;   0.000  ;    ;      ;        ;                     ;            ; source latency                                     ;
;   0.000 ;   0.000  ;    ;      ; 1      ; PIN_N5              ;            ; clk_i                                              ;
;   0.000 ;   0.000  ; RR ; IC   ; 1      ; IOIBUF_X150_Y60_N47 ;            ; clk_i~input|i                                      ;
;   0.241 ;   0.241  ; RR ; CELL ; 1      ; IOIBUF_X150_Y60_N47 ;            ; clk_i~input|o                                      ;
;   0.317 ;   0.076  ; RR ; CELL ; 1      ; IOIBUF_X150_Y60_N47 ;            ; clk_i~input~io_48_lvds_tile_edge/ioclkin[2]        ;
;   0.317 ;   0.000  ; RR ; IC   ; 2      ; CLKCTRL_3C_G_I23    ;            ; clk_i~inputCLKENA0|inclk                           ;
;   0.601 ;   0.284  ; RR ; CELL ; 318    ; CLKCTRL_3C_G_I23    ;            ; clk_i~inputCLKENA0|outclk                          ;
;   2.390 ;   1.789  ; RR ; IC   ; 1      ; FF_X143_Y74_N11     ; High Speed ; t2mi_parser_inst|s_state_ram_rd.null_pck_pid_l|clk ;
;   2.390 ;   0.000  ; RR ; CELL ; 1      ; FF_X143_Y74_N11     ; High Speed ; t2mi_parser_inst|s_state_ram_rd.null_pck_pid_l     ;
;   2.199 ;   -0.191 ;    ;      ;        ;                     ;            ; clock pessimism removed                            ;
; 2.199   ; 0.000    ;    ;      ;        ;                     ;            ; clock uncertainty                                  ;
; 2.437   ; 0.238    ;    ; uTh  ; 1      ; FF_X143_Y74_N11     ;            ; t2mi_parser_inst|s_state_ram_rd.null_pck_pid_l     ;
+---------+----------+----+------+--------+---------------------+------------+----------------------------------------------------+

----------------------------
; Extra Fitter Information ;
----------------------------
HTML report is unavailable in plain text report export.



Path #3: Hold slack is 0.020 
===============================================================================
+---------------------------------------------------+
; Path Summary                                      ;
+--------------------+------------------------------+
; Property           ; Value                        ;
+--------------------+------------------------------+
; From Node          ; ts_parser_inst|s_state.pid_h ;
; To Node            ; ts_parser_inst|s_state.pid_h ;
; Launch Clock       ; clk_i                        ;
; Latch Clock        ; clk_i                        ;
; Data Arrival Time  ; 2.465                        ;
; Data Required Time ; 2.445                        ;
; Slack              ; 0.020                        ;
+--------------------+------------------------------+

+-----------------------------------------------------------------------------------+
; Statistics                                                                        ;
+------------------------+-------+-------+-------------+------------+-------+-------+
; Property               ; Value ; Count ; Total Delay ; % of Total ; Min   ; Max   ;
+------------------------+-------+-------+-------------+------------+-------+-------+
; Hold Relationship      ; 0.000 ;       ;             ;            ;       ;       ;
; Clock Skew             ; 0.000 ;       ;             ;            ;       ;       ;
; Data Delay             ; 0.259 ;       ;             ;            ;       ;       ;
; Number of Logic Levels ;       ; 1     ;             ;            ;       ;       ;
; Physical Delays        ;       ;       ;             ;            ;       ;       ;
;  Arrival Path          ;       ;       ;             ;            ;       ;       ;
;   Clock                ;       ;       ;             ;            ;       ;       ;
;    IC                  ;       ; 3     ; 1.668       ; 76         ; 0.000 ; 1.668 ;
;    Cell                ;       ; 4     ; 0.538       ; 24         ; 0.000 ; 0.241 ;
;   Data                 ;       ;       ;             ;            ;       ;       ;
;    Cell                ;       ; 4     ; 0.158       ; 61         ; 0.000 ; 0.158 ;
;    uTco                ;       ; 1     ; 0.101       ; 39         ; 0.101 ; 0.101 ;
;  Required Path         ;       ;       ;             ;            ;       ;       ;
;   Clock                ;       ;       ;             ;            ;       ;       ;
;    IC                  ;       ; 3     ; 1.796       ; 75         ; 0.000 ; 1.796 ;
;    Cell                ;       ; 4     ; 0.601       ; 25         ; 0.000 ; 0.284 ;
+------------------------+-------+-------+-------------+------------+-------+-------+
Note: Negative delays are omitted from totals when calculating percentages

+--------------------------------------------------------------------------------------------------------------------------+
; Data Arrival Path                                                                                                        ;
+---------+---------+----+------+--------+----------------------+------------+---------------------------------------------+
; Total   ; Incr    ; RF ; Type ; Fanout ; Location             ; HS/LP      ; Element                                     ;
+---------+---------+----+------+--------+----------------------+------------+---------------------------------------------+
; 0.000   ; 0.000   ;    ;      ;        ;                      ;            ; launch edge time                            ;
; 2.206   ; 2.206   ;    ;      ;        ;                      ;            ; clock path                                  ;
;   0.000 ;   0.000 ;    ;      ;        ;                      ;            ; source latency                              ;
;   0.000 ;   0.000 ;    ;      ; 1      ; PIN_N5               ;            ; clk_i                                       ;
;   0.000 ;   0.000 ; RR ; IC   ; 1      ; IOIBUF_X150_Y60_N47  ;            ; clk_i~input|i                               ;
;   0.241 ;   0.241 ; RR ; CELL ; 1      ; IOIBUF_X150_Y60_N47  ;            ; clk_i~input|o                               ;
;   0.303 ;   0.062 ; RR ; CELL ; 1      ; IOIBUF_X150_Y60_N47  ;            ; clk_i~input~io_48_lvds_tile_edge/ioclkin[2] ;
;   0.303 ;   0.000 ; RR ; IC   ; 2      ; CLKCTRL_3C_G_I23     ;            ; clk_i~inputCLKENA0|inclk                    ;
;   0.538 ;   0.235 ; RR ; CELL ; 318    ; CLKCTRL_3C_G_I23     ;            ; clk_i~inputCLKENA0|outclk                   ;
;   2.206 ;   1.668 ; RR ; IC   ; 1      ; FF_X146_Y66_N14      ; High Speed ; ts_parser_inst|s_state.pid_h|clk            ;
;   2.206 ;   0.000 ; RR ; CELL ; 1      ; FF_X146_Y66_N14      ; High Speed ; ts_parser_inst|s_state.pid_h                ;
; 2.465   ; 0.259   ;    ;      ;        ;                      ;            ; data path                                   ;
;   2.307 ;   0.101 ; FF ; uTco ; 2      ; FF_X146_Y66_N14      ;            ; ts_parser_inst|s_state.pid_h|q              ;
;   2.307 ;   0.000 ; FF ; CELL ; 1      ; LABCELL_X146_Y66_N12 ; High Speed ; ts_parser_inst|i501~0|datae                 ;
;   2.465 ;   0.158 ; FF ; CELL ; 1      ; LABCELL_X146_Y66_N12 ; High Speed ; ts_parser_inst|i501~0|combout               ;
;   2.465 ;   0.000 ; FF ; CELL ; 1      ; FF_X146_Y66_N14      ; High Speed ; ts_parser_inst|s_state.pid_h|d              ;
;   2.465 ;   0.000 ; FF ; CELL ; 1      ; FF_X146_Y66_N14      ; High Speed ; ts_parser_inst|s_state.pid_h                ;
+---------+---------+----+------+--------+----------------------+------------+---------------------------------------------+

+--------------------------------------------------------------------------------------------------------------------------+
; Data Required Path                                                                                                       ;
+---------+----------+----+------+--------+---------------------+------------+---------------------------------------------+
; Total   ; Incr     ; RF ; Type ; Fanout ; Location            ; HS/LP      ; Element                                     ;
+---------+----------+----+------+--------+---------------------+------------+---------------------------------------------+
; 0.000   ; 0.000    ;    ;      ;        ;                     ;            ; latch edge time                             ;
; 2.206   ; 2.206    ;    ;      ;        ;                     ;            ; clock path                                  ;
;   0.000 ;   0.000  ;    ;      ;        ;                     ;            ; source latency                              ;
;   0.000 ;   0.000  ;    ;      ; 1      ; PIN_N5              ;            ; clk_i                                       ;
;   0.000 ;   0.000  ; RR ; IC   ; 1      ; IOIBUF_X150_Y60_N47 ;            ; clk_i~input|i                               ;
;   0.241 ;   0.241  ; RR ; CELL ; 1      ; IOIBUF_X150_Y60_N47 ;            ; clk_i~input|o                               ;
;   0.317 ;   0.076  ; RR ; CELL ; 1      ; IOIBUF_X150_Y60_N47 ;            ; clk_i~input~io_48_lvds_tile_edge/ioclkin[2] ;
;   0.317 ;   0.000  ; RR ; IC   ; 2      ; CLKCTRL_3C_G_I23    ;            ; clk_i~inputCLKENA0|inclk                    ;
;   0.601 ;   0.284  ; RR ; CELL ; 318    ; CLKCTRL_3C_G_I23    ;            ; clk_i~inputCLKENA0|outclk                   ;
;   2.397 ;   1.796  ; RR ; IC   ; 1      ; FF_X146_Y66_N14     ; High Speed ; ts_parser_inst|s_state.pid_h|clk            ;
;   2.397 ;   0.000  ; RR ; CELL ; 1      ; FF_X146_Y66_N14     ; High Speed ; ts_parser_inst|s_state.pid_h                ;
;   2.206 ;   -0.191 ;    ;      ;        ;                     ;            ; clock pessimism removed                     ;
; 2.206   ; 0.000    ;    ;      ;        ;                     ;            ; clock uncertainty                           ;
; 2.445   ; 0.239    ;    ; uTh  ; 1      ; FF_X146_Y66_N14     ;            ; ts_parser_inst|s_state.pid_h                ;
+---------+----------+----+------+--------+---------------------+------------+---------------------------------------------+

----------------------------
; Extra Fitter Information ;
----------------------------
HTML report is unavailable in plain text report export.



Path #4: Hold slack is 0.020 
===============================================================================
+--------------------------------------------------+
; Path Summary                                     ;
+--------------------+-----------------------------+
; Property           ; Value                       ;
+--------------------+-----------------------------+
; From Node          ; t2mi_parser_inst|s_state.up ;
; To Node            ; t2mi_parser_inst|s_state.up ;
; Launch Clock       ; clk_i                       ;
; Latch Clock        ; clk_i                       ;
; Data Arrival Time  ; 2.456                       ;
; Data Required Time ; 2.436                       ;
; Slack              ; 0.020                       ;
+--------------------+-----------------------------+

+-----------------------------------------------------------------------------------+
; Statistics                                                                        ;
+------------------------+-------+-------+-------------+------------+-------+-------+
; Property               ; Value ; Count ; Total Delay ; % of Total ; Min   ; Max   ;
+------------------------+-------+-------+-------------+------------+-------+-------+
; Hold Relationship      ; 0.000 ;       ;             ;            ;       ;       ;
; Clock Skew             ; 0.000 ;       ;             ;            ;       ;       ;
; Data Delay             ; 0.256 ;       ;             ;            ;       ;       ;
; Number of Logic Levels ;       ; 1     ;             ;            ;       ;       ;
; Physical Delays        ;       ;       ;             ;            ;       ;       ;
;  Arrival Path          ;       ;       ;             ;            ;       ;       ;
;   Clock                ;       ;       ;             ;            ;       ;       ;
;    IC                  ;       ; 3     ; 1.662       ; 76         ; 0.000 ; 1.662 ;
;    Cell                ;       ; 4     ; 0.538       ; 24         ; 0.000 ; 0.241 ;
;   Data                 ;       ;       ;             ;            ;       ;       ;
;    Cell                ;       ; 4     ; 0.157       ; 61         ; 0.000 ; 0.157 ;
;    uTco                ;       ; 1     ; 0.099       ; 39         ; 0.099 ; 0.099 ;
;  Required Path         ;       ;       ;             ;            ;       ;       ;
;   Clock                ;       ;       ;             ;            ;       ;       ;
;    IC                  ;       ; 3     ; 1.790       ; 75         ; 0.000 ; 1.790 ;
;    Cell                ;       ; 4     ; 0.601       ; 25         ; 0.000 ; 0.284 ;
+------------------------+-------+-------+-------------+------------+-------+-------+
Note: Negative delays are omitted from totals when calculating percentages

+-------------------------------------------------------------------------------------------------------------------------+
; Data Arrival Path                                                                                                       ;
+---------+---------+----+------+--------+---------------------+------------+---------------------------------------------+
; Total   ; Incr    ; RF ; Type ; Fanout ; Location            ; HS/LP      ; Element                                     ;
+---------+---------+----+------+--------+---------------------+------------+---------------------------------------------+
; 0.000   ; 0.000   ;    ;      ;        ;                     ;            ; launch edge time                            ;
; 2.200   ; 2.200   ;    ;      ;        ;                     ;            ; clock path                                  ;
;   0.000 ;   0.000 ;    ;      ;        ;                     ;            ; source latency                              ;
;   0.000 ;   0.000 ;    ;      ; 1      ; PIN_N5              ;            ; clk_i                                       ;
;   0.000 ;   0.000 ; RR ; IC   ; 1      ; IOIBUF_X150_Y60_N47 ;            ; clk_i~input|i                               ;
;   0.241 ;   0.241 ; RR ; CELL ; 1      ; IOIBUF_X150_Y60_N47 ;            ; clk_i~input|o                               ;
;   0.303 ;   0.062 ; RR ; CELL ; 1      ; IOIBUF_X150_Y60_N47 ;            ; clk_i~input~io_48_lvds_tile_edge/ioclkin[2] ;
;   0.303 ;   0.000 ; RR ; IC   ; 2      ; CLKCTRL_3C_G_I23    ;            ; clk_i~inputCLKENA0|inclk                    ;
;   0.538 ;   0.235 ; RR ; CELL ; 318    ; CLKCTRL_3C_G_I23    ;            ; clk_i~inputCLKENA0|outclk                   ;
;   2.200 ;   1.662 ; RR ; IC   ; 1      ; FF_X146_Y74_N8      ; High Speed ; t2mi_parser_inst|s_state.up|clk             ;
;   2.200 ;   0.000 ; RR ; CELL ; 1      ; FF_X146_Y74_N8      ; High Speed ; t2mi_parser_inst|s_state.up                 ;
; 2.456   ; 0.256   ;    ;      ;        ;                     ;            ; data path                                   ;
;   2.299 ;   0.099 ; FF ; uTco ; 2      ; FF_X146_Y74_N8      ;            ; t2mi_parser_inst|s_state.up|q               ;
;   2.299 ;   0.000 ; FF ; CELL ; 1      ; LABCELL_X146_Y74_N6 ; High Speed ; t2mi_parser_inst|Select_2~3|datae           ;
;   2.456 ;   0.157 ; FF ; CELL ; 2      ; LABCELL_X146_Y74_N6 ; High Speed ; t2mi_parser_inst|Select_2~3|combout         ;
;   2.456 ;   0.000 ; FF ; CELL ; 1      ; FF_X146_Y74_N8      ; High Speed ; t2mi_parser_inst|s_state.up|d               ;
;   2.456 ;   0.000 ; FF ; CELL ; 1      ; FF_X146_Y74_N8      ; High Speed ; t2mi_parser_inst|s_state.up                 ;
+---------+---------+----+------+--------+---------------------+------------+---------------------------------------------+

+--------------------------------------------------------------------------------------------------------------------------+
; Data Required Path                                                                                                       ;
+---------+----------+----+------+--------+---------------------+------------+---------------------------------------------+
; Total   ; Incr     ; RF ; Type ; Fanout ; Location            ; HS/LP      ; Element                                     ;
+---------+----------+----+------+--------+---------------------+------------+---------------------------------------------+
; 0.000   ; 0.000    ;    ;      ;        ;                     ;            ; latch edge time                             ;
; 2.200   ; 2.200    ;    ;      ;        ;                     ;            ; clock path                                  ;
;   0.000 ;   0.000  ;    ;      ;        ;                     ;            ; source latency                              ;
;   0.000 ;   0.000  ;    ;      ; 1      ; PIN_N5              ;            ; clk_i                                       ;
;   0.000 ;   0.000  ; RR ; IC   ; 1      ; IOIBUF_X150_Y60_N47 ;            ; clk_i~input|i                               ;
;   0.241 ;   0.241  ; RR ; CELL ; 1      ; IOIBUF_X150_Y60_N47 ;            ; clk_i~input|o                               ;
;   0.317 ;   0.076  ; RR ; CELL ; 1      ; IOIBUF_X150_Y60_N47 ;            ; clk_i~input~io_48_lvds_tile_edge/ioclkin[2] ;
;   0.317 ;   0.000  ; RR ; IC   ; 2      ; CLKCTRL_3C_G_I23    ;            ; clk_i~inputCLKENA0|inclk                    ;
;   0.601 ;   0.284  ; RR ; CELL ; 318    ; CLKCTRL_3C_G_I23    ;            ; clk_i~inputCLKENA0|outclk                   ;
;   2.391 ;   1.790  ; RR ; IC   ; 1      ; FF_X146_Y74_N8      ; High Speed ; t2mi_parser_inst|s_state.up|clk             ;
;   2.391 ;   0.000  ; RR ; CELL ; 1      ; FF_X146_Y74_N8      ; High Speed ; t2mi_parser_inst|s_state.up                 ;
;   2.200 ;   -0.191 ;    ;      ;        ;                     ;            ; clock pessimism removed                     ;
; 2.200   ; 0.000    ;    ;      ;        ;                     ;            ; clock uncertainty                           ;
; 2.436   ; 0.236    ;    ; uTh  ; 1      ; FF_X146_Y74_N8      ;            ; t2mi_parser_inst|s_state.up                 ;
+---------+----------+----+------+--------+---------------------+------------+---------------------------------------------+

----------------------------
; Extra Fitter Information ;
----------------------------
HTML report is unavailable in plain text report export.



Path #5: Hold slack is 0.020 
===============================================================================
+-------------------------------------------------------------------+
; Path Summary                                                      ;
+--------------------+----------------------------------------------+
; Property           ; Value                                        ;
+--------------------+----------------------------------------------+
; From Node          ; t2mi_parser_inst|s_cnt_payload_len_bytes[12] ;
; To Node            ; t2mi_parser_inst|s_cnt_payload_len_bytes[12] ;
; Launch Clock       ; clk_i                                        ;
; Latch Clock        ; clk_i                                        ;
; Data Arrival Time  ; 2.454                                        ;
; Data Required Time ; 2.434                                        ;
; Slack              ; 0.020                                        ;
+--------------------+----------------------------------------------+

+-----------------------------------------------------------------------------------+
; Statistics                                                                        ;
+------------------------+-------+-------+-------------+------------+-------+-------+
; Property               ; Value ; Count ; Total Delay ; % of Total ; Min   ; Max   ;
+------------------------+-------+-------+-------------+------------+-------+-------+
; Hold Relationship      ; 0.000 ;       ;             ;            ;       ;       ;
; Clock Skew             ; 0.000 ;       ;             ;            ;       ;       ;
; Data Delay             ; 0.253 ;       ;             ;            ;       ;       ;
; Number of Logic Levels ;       ; 1     ;             ;            ;       ;       ;
; Physical Delays        ;       ;       ;             ;            ;       ;       ;
;  Arrival Path          ;       ;       ;             ;            ;       ;       ;
;   Clock                ;       ;       ;             ;            ;       ;       ;
;    IC                  ;       ; 3     ; 1.663       ; 76         ; 0.000 ; 1.663 ;
;    Cell                ;       ; 4     ; 0.538       ; 24         ; 0.000 ; 0.241 ;
;   Data                 ;       ;       ;             ;            ;       ;       ;
;    Cell                ;       ; 4     ; 0.155       ; 61         ; 0.000 ; 0.155 ;
;    uTco                ;       ; 1     ; 0.098       ; 39         ; 0.098 ; 0.098 ;
;  Required Path         ;       ;       ;             ;            ;       ;       ;
;   Clock                ;       ;       ;             ;            ;       ;       ;
;    IC                  ;       ; 3     ; 1.791       ; 75         ; 0.000 ; 1.791 ;
;    Cell                ;       ; 4     ; 0.601       ; 25         ; 0.000 ; 0.284 ;
+------------------------+-------+-------+-------------+------------+-------+-------+
Note: Negative delays are omitted from totals when calculating percentages

+-------------------------------------------------------------------------------------------------------------------------------+
; Data Arrival Path                                                                                                             ;
+---------+---------+----+------+--------+----------------------+------------+--------------------------------------------------+
; Total   ; Incr    ; RF ; Type ; Fanout ; Location             ; HS/LP      ; Element                                          ;
+---------+---------+----+------+--------+----------------------+------------+--------------------------------------------------+
; 0.000   ; 0.000   ;    ;      ;        ;                      ;            ; launch edge time                                 ;
; 2.201   ; 2.201   ;    ;      ;        ;                      ;            ; clock path                                       ;
;   0.000 ;   0.000 ;    ;      ;        ;                      ;            ; source latency                                   ;
;   0.000 ;   0.000 ;    ;      ; 1      ; PIN_N5               ;            ; clk_i                                            ;
;   0.000 ;   0.000 ; RR ; IC   ; 1      ; IOIBUF_X150_Y60_N47  ;            ; clk_i~input|i                                    ;
;   0.241 ;   0.241 ; RR ; CELL ; 1      ; IOIBUF_X150_Y60_N47  ;            ; clk_i~input|o                                    ;
;   0.303 ;   0.062 ; RR ; CELL ; 1      ; IOIBUF_X150_Y60_N47  ;            ; clk_i~input~io_48_lvds_tile_edge/ioclkin[2]      ;
;   0.303 ;   0.000 ; RR ; IC   ; 2      ; CLKCTRL_3C_G_I23     ;            ; clk_i~inputCLKENA0|inclk                         ;
;   0.538 ;   0.235 ; RR ; CELL ; 318    ; CLKCTRL_3C_G_I23     ;            ; clk_i~inputCLKENA0|outclk                        ;
;   2.201 ;   1.663 ; RR ; IC   ; 1      ; FF_X147_Y75_N37      ; High Speed ; t2mi_parser_inst|s_cnt_payload_len_bytes[12]|clk ;
;   2.201 ;   0.000 ; RR ; CELL ; 1      ; FF_X147_Y75_N37      ; High Speed ; t2mi_parser_inst|s_cnt_payload_len_bytes[12]     ;
; 2.454   ; 0.253   ;    ;      ;        ;                      ;            ; data path                                        ;
;   2.299 ;   0.098 ; FF ; uTco ; 2      ; FF_X147_Y75_N37      ;            ; t2mi_parser_inst|s_cnt_payload_len_bytes[12]|q   ;
;   2.299 ;   0.000 ; FF ; CELL ; 1      ; LABCELL_X147_Y75_N36 ; High Speed ; t2mi_parser_inst|Select_35~12|datae              ;
;   2.454 ;   0.155 ; FF ; CELL ; 1      ; LABCELL_X147_Y75_N36 ; High Speed ; t2mi_parser_inst|Select_35~12|combout            ;
;   2.454 ;   0.000 ; FF ; CELL ; 1      ; FF_X147_Y75_N37      ; High Speed ; t2mi_parser_inst|s_cnt_payload_len_bytes[12]|d   ;
;   2.454 ;   0.000 ; FF ; CELL ; 1      ; FF_X147_Y75_N37      ; High Speed ; t2mi_parser_inst|s_cnt_payload_len_bytes[12]     ;
+---------+---------+----+------+--------+----------------------+------------+--------------------------------------------------+

+-------------------------------------------------------------------------------------------------------------------------------+
; Data Required Path                                                                                                            ;
+---------+----------+----+------+--------+---------------------+------------+--------------------------------------------------+
; Total   ; Incr     ; RF ; Type ; Fanout ; Location            ; HS/LP      ; Element                                          ;
+---------+----------+----+------+--------+---------------------+------------+--------------------------------------------------+
; 0.000   ; 0.000    ;    ;      ;        ;                     ;            ; latch edge time                                  ;
; 2.201   ; 2.201    ;    ;      ;        ;                     ;            ; clock path                                       ;
;   0.000 ;   0.000  ;    ;      ;        ;                     ;            ; source latency                                   ;
;   0.000 ;   0.000  ;    ;      ; 1      ; PIN_N5              ;            ; clk_i                                            ;
;   0.000 ;   0.000  ; RR ; IC   ; 1      ; IOIBUF_X150_Y60_N47 ;            ; clk_i~input|i                                    ;
;   0.241 ;   0.241  ; RR ; CELL ; 1      ; IOIBUF_X150_Y60_N47 ;            ; clk_i~input|o                                    ;
;   0.317 ;   0.076  ; RR ; CELL ; 1      ; IOIBUF_X150_Y60_N47 ;            ; clk_i~input~io_48_lvds_tile_edge/ioclkin[2]      ;
;   0.317 ;   0.000  ; RR ; IC   ; 2      ; CLKCTRL_3C_G_I23    ;            ; clk_i~inputCLKENA0|inclk                         ;
;   0.601 ;   0.284  ; RR ; CELL ; 318    ; CLKCTRL_3C_G_I23    ;            ; clk_i~inputCLKENA0|outclk                        ;
;   2.392 ;   1.791  ; RR ; IC   ; 1      ; FF_X147_Y75_N37     ; High Speed ; t2mi_parser_inst|s_cnt_payload_len_bytes[12]|clk ;
;   2.392 ;   0.000  ; RR ; CELL ; 1      ; FF_X147_Y75_N37     ; High Speed ; t2mi_parser_inst|s_cnt_payload_len_bytes[12]     ;
;   2.201 ;   -0.191 ;    ;      ;        ;                     ;            ; clock pessimism removed                          ;
; 2.201   ; 0.000    ;    ;      ;        ;                     ;            ; clock uncertainty                                ;
; 2.434   ; 0.233    ;    ; uTh  ; 1      ; FF_X147_Y75_N37     ;            ; t2mi_parser_inst|s_cnt_payload_len_bytes[12]     ;
+---------+----------+----+------+--------+---------------------+------------+--------------------------------------------------+

----------------------------
; Extra Fitter Information ;
----------------------------
HTML report is unavailable in plain text report export.



Path #6: Hold slack is 0.020 
===============================================================================
+-------------------------------------------------------------------+
; Path Summary                                                      ;
+--------------------+----------------------------------------------+
; Property           ; Value                                        ;
+--------------------+----------------------------------------------+
; From Node          ; t2mi_parser_inst|s_cnt_payload_len_bytes[10] ;
; To Node            ; t2mi_parser_inst|s_cnt_payload_len_bytes[10] ;
; Launch Clock       ; clk_i                                        ;
; Latch Clock        ; clk_i                                        ;
; Data Arrival Time  ; 2.457                                        ;
; Data Required Time ; 2.437                                        ;
; Slack              ; 0.020                                        ;
+--------------------+----------------------------------------------+

+-----------------------------------------------------------------------------------+
; Statistics                                                                        ;
+------------------------+-------+-------+-------------+------------+-------+-------+
; Property               ; Value ; Count ; Total Delay ; % of Total ; Min   ; Max   ;
+------------------------+-------+-------+-------------+------------+-------+-------+
; Hold Relationship      ; 0.000 ;       ;             ;            ;       ;       ;
; Clock Skew             ; 0.000 ;       ;             ;            ;       ;       ;
; Data Delay             ; 0.254 ;       ;             ;            ;       ;       ;
; Number of Logic Levels ;       ; 1     ;             ;            ;       ;       ;
; Physical Delays        ;       ;       ;             ;            ;       ;       ;
;  Arrival Path          ;       ;       ;             ;            ;       ;       ;
;   Clock                ;       ;       ;             ;            ;       ;       ;
;    IC                  ;       ; 3     ; 1.665       ; 76         ; 0.000 ; 1.665 ;
;    Cell                ;       ; 4     ; 0.538       ; 24         ; 0.000 ; 0.241 ;
;   Data                 ;       ;       ;             ;            ;       ;       ;
;    Cell                ;       ; 4     ; 0.157       ; 62         ; 0.000 ; 0.157 ;
;    uTco                ;       ; 1     ; 0.097       ; 38         ; 0.097 ; 0.097 ;
;  Required Path         ;       ;       ;             ;            ;       ;       ;
;   Clock                ;       ;       ;             ;            ;       ;       ;
;    IC                  ;       ; 3     ; 1.793       ; 75         ; 0.000 ; 1.793 ;
;    Cell                ;       ; 4     ; 0.601       ; 25         ; 0.000 ; 0.284 ;
+------------------------+-------+-------+-------------+------------+-------+-------+
Note: Negative delays are omitted from totals when calculating percentages

+-------------------------------------------------------------------------------------------------------------------------------+
; Data Arrival Path                                                                                                             ;
+---------+---------+----+------+--------+----------------------+------------+--------------------------------------------------+
; Total   ; Incr    ; RF ; Type ; Fanout ; Location             ; HS/LP      ; Element                                          ;
+---------+---------+----+------+--------+----------------------+------------+--------------------------------------------------+
; 0.000   ; 0.000   ;    ;      ;        ;                      ;            ; launch edge time                                 ;
; 2.203   ; 2.203   ;    ;      ;        ;                      ;            ; clock path                                       ;
;   0.000 ;   0.000 ;    ;      ;        ;                      ;            ; source latency                                   ;
;   0.000 ;   0.000 ;    ;      ; 1      ; PIN_N5               ;            ; clk_i                                            ;
;   0.000 ;   0.000 ; RR ; IC   ; 1      ; IOIBUF_X150_Y60_N47  ;            ; clk_i~input|i                                    ;
;   0.241 ;   0.241 ; RR ; CELL ; 1      ; IOIBUF_X150_Y60_N47  ;            ; clk_i~input|o                                    ;
;   0.303 ;   0.062 ; RR ; CELL ; 1      ; IOIBUF_X150_Y60_N47  ;            ; clk_i~input~io_48_lvds_tile_edge/ioclkin[2]      ;
;   0.303 ;   0.000 ; RR ; IC   ; 2      ; CLKCTRL_3C_G_I23     ;            ; clk_i~inputCLKENA0|inclk                         ;
;   0.538 ;   0.235 ; RR ; CELL ; 318    ; CLKCTRL_3C_G_I23     ;            ; clk_i~inputCLKENA0|outclk                        ;
;   2.203 ;   1.665 ; RR ; IC   ; 1      ; FF_X149_Y76_N47      ; High Speed ; t2mi_parser_inst|s_cnt_payload_len_bytes[10]|clk ;
;   2.203 ;   0.000 ; RR ; CELL ; 1      ; FF_X149_Y76_N47      ; High Speed ; t2mi_parser_inst|s_cnt_payload_len_bytes[10]     ;
; 2.457   ; 0.254   ;    ;      ;        ;                      ;            ; data path                                        ;
;   2.300 ;   0.097 ; FF ; uTco ; 2      ; FF_X149_Y76_N47      ;            ; t2mi_parser_inst|s_cnt_payload_len_bytes[10]|q   ;
;   2.300 ;   0.000 ; FF ; CELL ; 1      ; LABCELL_X149_Y76_N45 ; High Speed ; t2mi_parser_inst|Select_35~10|datad              ;
;   2.457 ;   0.157 ; FF ; CELL ; 1      ; LABCELL_X149_Y76_N45 ; High Speed ; t2mi_parser_inst|Select_35~10|combout            ;
;   2.457 ;   0.000 ; FF ; CELL ; 1      ; FF_X149_Y76_N47      ; High Speed ; t2mi_parser_inst|s_cnt_payload_len_bytes[10]|d   ;
;   2.457 ;   0.000 ; FF ; CELL ; 1      ; FF_X149_Y76_N47      ; High Speed ; t2mi_parser_inst|s_cnt_payload_len_bytes[10]     ;
+---------+---------+----+------+--------+----------------------+------------+--------------------------------------------------+

+-------------------------------------------------------------------------------------------------------------------------------+
; Data Required Path                                                                                                            ;
+---------+----------+----+------+--------+---------------------+------------+--------------------------------------------------+
; Total   ; Incr     ; RF ; Type ; Fanout ; Location            ; HS/LP      ; Element                                          ;
+---------+----------+----+------+--------+---------------------+------------+--------------------------------------------------+
; 0.000   ; 0.000    ;    ;      ;        ;                     ;            ; latch edge time                                  ;
; 2.203   ; 2.203    ;    ;      ;        ;                     ;            ; clock path                                       ;
;   0.000 ;   0.000  ;    ;      ;        ;                     ;            ; source latency                                   ;
;   0.000 ;   0.000  ;    ;      ; 1      ; PIN_N5              ;            ; clk_i                                            ;
;   0.000 ;   0.000  ; RR ; IC   ; 1      ; IOIBUF_X150_Y60_N47 ;            ; clk_i~input|i                                    ;
;   0.241 ;   0.241  ; RR ; CELL ; 1      ; IOIBUF_X150_Y60_N47 ;            ; clk_i~input|o                                    ;
;   0.317 ;   0.076  ; RR ; CELL ; 1      ; IOIBUF_X150_Y60_N47 ;            ; clk_i~input~io_48_lvds_tile_edge/ioclkin[2]      ;
;   0.317 ;   0.000  ; RR ; IC   ; 2      ; CLKCTRL_3C_G_I23    ;            ; clk_i~inputCLKENA0|inclk                         ;
;   0.601 ;   0.284  ; RR ; CELL ; 318    ; CLKCTRL_3C_G_I23    ;            ; clk_i~inputCLKENA0|outclk                        ;
;   2.394 ;   1.793  ; RR ; IC   ; 1      ; FF_X149_Y76_N47     ; High Speed ; t2mi_parser_inst|s_cnt_payload_len_bytes[10]|clk ;
;   2.394 ;   0.000  ; RR ; CELL ; 1      ; FF_X149_Y76_N47     ; High Speed ; t2mi_parser_inst|s_cnt_payload_len_bytes[10]     ;
;   2.203 ;   -0.191 ;    ;      ;        ;                     ;            ; clock pessimism removed                          ;
; 2.203   ; 0.000    ;    ;      ;        ;                     ;            ; clock uncertainty                                ;
; 2.437   ; 0.234    ;    ; uTh  ; 1      ; FF_X149_Y76_N47     ;            ; t2mi_parser_inst|s_cnt_payload_len_bytes[10]     ;
+---------+----------+----+------+--------+---------------------+------------+--------------------------------------------------+

----------------------------
; Extra Fitter Information ;
----------------------------
HTML report is unavailable in plain text report export.



Path #7: Hold slack is 0.021 
===============================================================================
+---------------------------------------------------------+
; Path Summary                                            ;
+--------------------+------------------------------------+
; Property           ; Value                              ;
+--------------------+------------------------------------+
; From Node          ; t2mi_parser_inst|s_state.bbpadding ;
; To Node            ; t2mi_parser_inst|s_state.bbpadding ;
; Launch Clock       ; clk_i                              ;
; Latch Clock        ; clk_i                              ;
; Data Arrival Time  ; 2.455                              ;
; Data Required Time ; 2.434                              ;
; Slack              ; 0.021                              ;
+--------------------+------------------------------------+

+-----------------------------------------------------------------------------------+
; Statistics                                                                        ;
+------------------------+-------+-------+-------------+------------+-------+-------+
; Property               ; Value ; Count ; Total Delay ; % of Total ; Min   ; Max   ;
+------------------------+-------+-------+-------------+------------+-------+-------+
; Hold Relationship      ; 0.000 ;       ;             ;            ;       ;       ;
; Clock Skew             ; 0.000 ;       ;             ;            ;       ;       ;
; Data Delay             ; 0.255 ;       ;             ;            ;       ;       ;
; Number of Logic Levels ;       ; 1     ;             ;            ;       ;       ;
; Physical Delays        ;       ;       ;             ;            ;       ;       ;
;  Arrival Path          ;       ;       ;             ;            ;       ;       ;
;   Clock                ;       ;       ;             ;            ;       ;       ;
;    IC                  ;       ; 3     ; 1.662       ; 76         ; 0.000 ; 1.662 ;
;    Cell                ;       ; 4     ; 0.538       ; 24         ; 0.000 ; 0.241 ;
;   Data                 ;       ;       ;             ;            ;       ;       ;
;    Cell                ;       ; 4     ; 0.157       ; 62         ; 0.000 ; 0.157 ;
;    uTco                ;       ; 1     ; 0.098       ; 38         ; 0.098 ; 0.098 ;
;  Required Path         ;       ;       ;             ;            ;       ;       ;
;   Clock                ;       ;       ;             ;            ;       ;       ;
;    IC                  ;       ; 3     ; 1.790       ; 75         ; 0.000 ; 1.790 ;
;    Cell                ;       ; 4     ; 0.601       ; 25         ; 0.000 ; 0.284 ;
+------------------------+-------+-------+-------------+------------+-------+-------+
Note: Negative delays are omitted from totals when calculating percentages

+--------------------------------------------------------------------------------------------------------------------------+
; Data Arrival Path                                                                                                        ;
+---------+---------+----+------+--------+----------------------+------------+---------------------------------------------+
; Total   ; Incr    ; RF ; Type ; Fanout ; Location             ; HS/LP      ; Element                                     ;
+---------+---------+----+------+--------+----------------------+------------+---------------------------------------------+
; 0.000   ; 0.000   ;    ;      ;        ;                      ;            ; launch edge time                            ;
; 2.200   ; 2.200   ;    ;      ;        ;                      ;            ; clock path                                  ;
;   0.000 ;   0.000 ;    ;      ;        ;                      ;            ; source latency                              ;
;   0.000 ;   0.000 ;    ;      ; 1      ; PIN_N5               ;            ; clk_i                                       ;
;   0.000 ;   0.000 ; RR ; IC   ; 1      ; IOIBUF_X150_Y60_N47  ;            ; clk_i~input|i                               ;
;   0.241 ;   0.241 ; RR ; CELL ; 1      ; IOIBUF_X150_Y60_N47  ;            ; clk_i~input|o                               ;
;   0.303 ;   0.062 ; RR ; CELL ; 1      ; IOIBUF_X150_Y60_N47  ;            ; clk_i~input~io_48_lvds_tile_edge/ioclkin[2] ;
;   0.303 ;   0.000 ; RR ; IC   ; 2      ; CLKCTRL_3C_G_I23     ;            ; clk_i~inputCLKENA0|inclk                    ;
;   0.538 ;   0.235 ; RR ; CELL ; 318    ; CLKCTRL_3C_G_I23     ;            ; clk_i~inputCLKENA0|outclk                   ;
;   2.200 ;   1.662 ; RR ; IC   ; 1      ; FF_X146_Y74_N20      ; High Speed ; t2mi_parser_inst|s_state.bbpadding|clk      ;
;   2.200 ;   0.000 ; RR ; CELL ; 1      ; FF_X146_Y74_N20      ; High Speed ; t2mi_parser_inst|s_state.bbpadding          ;
; 2.455   ; 0.255   ;    ;      ;        ;                      ;            ; data path                                   ;
;   2.298 ;   0.098 ; FF ; uTco ; 2      ; FF_X146_Y74_N20      ;            ; t2mi_parser_inst|s_state.bbpadding|q        ;
;   2.298 ;   0.000 ; FF ; CELL ; 1      ; LABCELL_X146_Y74_N18 ; High Speed ; t2mi_parser_inst|Select_3~1|datae           ;
;   2.455 ;   0.157 ; FF ; CELL ; 2      ; LABCELL_X146_Y74_N18 ; High Speed ; t2mi_parser_inst|Select_3~1|combout         ;
;   2.455 ;   0.000 ; FF ; CELL ; 1      ; FF_X146_Y74_N20      ; High Speed ; t2mi_parser_inst|s_state.bbpadding|d        ;
;   2.455 ;   0.000 ; FF ; CELL ; 1      ; FF_X146_Y74_N20      ; High Speed ; t2mi_parser_inst|s_state.bbpadding          ;
+---------+---------+----+------+--------+----------------------+------------+---------------------------------------------+

+--------------------------------------------------------------------------------------------------------------------------+
; Data Required Path                                                                                                       ;
+---------+----------+----+------+--------+---------------------+------------+---------------------------------------------+
; Total   ; Incr     ; RF ; Type ; Fanout ; Location            ; HS/LP      ; Element                                     ;
+---------+----------+----+------+--------+---------------------+------------+---------------------------------------------+
; 0.000   ; 0.000    ;    ;      ;        ;                     ;            ; latch edge time                             ;
; 2.200   ; 2.200    ;    ;      ;        ;                     ;            ; clock path                                  ;
;   0.000 ;   0.000  ;    ;      ;        ;                     ;            ; source latency                              ;
;   0.000 ;   0.000  ;    ;      ; 1      ; PIN_N5              ;            ; clk_i                                       ;
;   0.000 ;   0.000  ; RR ; IC   ; 1      ; IOIBUF_X150_Y60_N47 ;            ; clk_i~input|i                               ;
;   0.241 ;   0.241  ; RR ; CELL ; 1      ; IOIBUF_X150_Y60_N47 ;            ; clk_i~input|o                               ;
;   0.317 ;   0.076  ; RR ; CELL ; 1      ; IOIBUF_X150_Y60_N47 ;            ; clk_i~input~io_48_lvds_tile_edge/ioclkin[2] ;
;   0.317 ;   0.000  ; RR ; IC   ; 2      ; CLKCTRL_3C_G_I23    ;            ; clk_i~inputCLKENA0|inclk                    ;
;   0.601 ;   0.284  ; RR ; CELL ; 318    ; CLKCTRL_3C_G_I23    ;            ; clk_i~inputCLKENA0|outclk                   ;
;   2.391 ;   1.790  ; RR ; IC   ; 1      ; FF_X146_Y74_N20     ; High Speed ; t2mi_parser_inst|s_state.bbpadding|clk      ;
;   2.391 ;   0.000  ; RR ; CELL ; 1      ; FF_X146_Y74_N20     ; High Speed ; t2mi_parser_inst|s_state.bbpadding          ;
;   2.200 ;   -0.191 ;    ;      ;        ;                     ;            ; clock pessimism removed                     ;
; 2.200   ; 0.000    ;    ;      ;        ;                     ;            ; clock uncertainty                           ;
; 2.434   ; 0.234    ;    ; uTh  ; 1      ; FF_X146_Y74_N20     ;            ; t2mi_parser_inst|s_state.bbpadding          ;
+---------+----------+----+------+--------+---------------------+------------+---------------------------------------------+

----------------------------
; Extra Fitter Information ;
----------------------------
HTML report is unavailable in plain text report export.



Path #8: Hold slack is 0.021 
===============================================================================
+---------------------------------------------------+
; Path Summary                                      ;
+--------------------+------------------------------+
; Property           ; Value                        ;
+--------------------+------------------------------+
; From Node          ; t2mi_parser_inst|tsup_sync_o ;
; To Node            ; t2mi_parser_inst|tsup_sync_o ;
; Launch Clock       ; clk_i                        ;
; Latch Clock        ; clk_i                        ;
; Data Arrival Time  ; 2.457                        ;
; Data Required Time ; 2.436                        ;
; Slack              ; 0.021                        ;
+--------------------+------------------------------+

+-----------------------------------------------------------------------------------+
; Statistics                                                                        ;
+------------------------+-------+-------+-------------+------------+-------+-------+
; Property               ; Value ; Count ; Total Delay ; % of Total ; Min   ; Max   ;
+------------------------+-------+-------+-------------+------------+-------+-------+
; Hold Relationship      ; 0.000 ;       ;             ;            ;       ;       ;
; Clock Skew             ; 0.000 ;       ;             ;            ;       ;       ;
; Data Delay             ; 0.258 ;       ;             ;            ;       ;       ;
; Number of Logic Levels ;       ; 1     ;             ;            ;       ;       ;
; Physical Delays        ;       ;       ;             ;            ;       ;       ;
;  Arrival Path          ;       ;       ;             ;            ;       ;       ;
;   Clock                ;       ;       ;             ;            ;       ;       ;
;    IC                  ;       ; 3     ; 1.661       ; 76         ; 0.000 ; 1.661 ;
;    Cell                ;       ; 4     ; 0.538       ; 24         ; 0.000 ; 0.241 ;
;   Data                 ;       ;       ;             ;            ;       ;       ;
;    Cell                ;       ; 4     ; 0.157       ; 61         ; 0.000 ; 0.157 ;
;    uTco                ;       ; 1     ; 0.101       ; 39         ; 0.101 ; 0.101 ;
;  Required Path         ;       ;       ;             ;            ;       ;       ;
;   Clock                ;       ;       ;             ;            ;       ;       ;
;    IC                  ;       ; 3     ; 1.789       ; 75         ; 0.000 ; 1.789 ;
;    Cell                ;       ; 4     ; 0.601       ; 25         ; 0.000 ; 0.284 ;
+------------------------+-------+-------+-------------+------------+-------+-------+
Note: Negative delays are omitted from totals when calculating percentages

+-------------------------------------------------------------------------------------------------------------------------+
; Data Arrival Path                                                                                                       ;
+---------+---------+----+------+--------+---------------------+------------+---------------------------------------------+
; Total   ; Incr    ; RF ; Type ; Fanout ; Location            ; HS/LP      ; Element                                     ;
+---------+---------+----+------+--------+---------------------+------------+---------------------------------------------+
; 0.000   ; 0.000   ;    ;      ;        ;                     ;            ; launch edge time                            ;
; 2.199   ; 2.199   ;    ;      ;        ;                     ;            ; clock path                                  ;
;   0.000 ;   0.000 ;    ;      ;        ;                     ;            ; source latency                              ;
;   0.000 ;   0.000 ;    ;      ; 1      ; PIN_N5              ;            ; clk_i                                       ;
;   0.000 ;   0.000 ; RR ; IC   ; 1      ; IOIBUF_X150_Y60_N47 ;            ; clk_i~input|i                               ;
;   0.241 ;   0.241 ; RR ; CELL ; 1      ; IOIBUF_X150_Y60_N47 ;            ; clk_i~input|o                               ;
;   0.303 ;   0.062 ; RR ; CELL ; 1      ; IOIBUF_X150_Y60_N47 ;            ; clk_i~input~io_48_lvds_tile_edge/ioclkin[2] ;
;   0.303 ;   0.000 ; RR ; IC   ; 2      ; CLKCTRL_3C_G_I23    ;            ; clk_i~inputCLKENA0|inclk                    ;
;   0.538 ;   0.235 ; RR ; CELL ; 318    ; CLKCTRL_3C_G_I23    ;            ; clk_i~inputCLKENA0|outclk                   ;
;   2.199 ;   1.661 ; RR ; IC   ; 1      ; FF_X143_Y74_N7      ; High Speed ; t2mi_parser_inst|tsup_sync_o|clk            ;
;   2.199 ;   0.000 ; RR ; CELL ; 1      ; FF_X143_Y74_N7      ; High Speed ; t2mi_parser_inst|tsup_sync_o                ;
; 2.457   ; 0.258   ;    ;      ;        ;                     ;            ; data path                                   ;
;   2.300 ;   0.101 ; FF ; uTco ; 2      ; FF_X143_Y74_N7      ;            ; t2mi_parser_inst|tsup_sync_o|q              ;
;   2.300 ;   0.000 ; FF ; CELL ; 1      ; LABCELL_X143_Y74_N6 ; High Speed ; t2mi_parser_inst|tsup_sync_o~0|datad        ;
;   2.457 ;   0.157 ; FF ; CELL ; 1      ; LABCELL_X143_Y74_N6 ; High Speed ; t2mi_parser_inst|tsup_sync_o~0|combout      ;
;   2.457 ;   0.000 ; FF ; CELL ; 1      ; FF_X143_Y74_N7      ; High Speed ; t2mi_parser_inst|tsup_sync_o|d              ;
;   2.457 ;   0.000 ; FF ; CELL ; 1      ; FF_X143_Y74_N7      ; High Speed ; t2mi_parser_inst|tsup_sync_o                ;
+---------+---------+----+------+--------+---------------------+------------+---------------------------------------------+

+--------------------------------------------------------------------------------------------------------------------------+
; Data Required Path                                                                                                       ;
+---------+----------+----+------+--------+---------------------+------------+---------------------------------------------+
; Total   ; Incr     ; RF ; Type ; Fanout ; Location            ; HS/LP      ; Element                                     ;
+---------+----------+----+------+--------+---------------------+------------+---------------------------------------------+
; 0.000   ; 0.000    ;    ;      ;        ;                     ;            ; latch edge time                             ;
; 2.199   ; 2.199    ;    ;      ;        ;                     ;            ; clock path                                  ;
;   0.000 ;   0.000  ;    ;      ;        ;                     ;            ; source latency                              ;
;   0.000 ;   0.000  ;    ;      ; 1      ; PIN_N5              ;            ; clk_i                                       ;
;   0.000 ;   0.000  ; RR ; IC   ; 1      ; IOIBUF_X150_Y60_N47 ;            ; clk_i~input|i                               ;
;   0.241 ;   0.241  ; RR ; CELL ; 1      ; IOIBUF_X150_Y60_N47 ;            ; clk_i~input|o                               ;
;   0.317 ;   0.076  ; RR ; CELL ; 1      ; IOIBUF_X150_Y60_N47 ;            ; clk_i~input~io_48_lvds_tile_edge/ioclkin[2] ;
;   0.317 ;   0.000  ; RR ; IC   ; 2      ; CLKCTRL_3C_G_I23    ;            ; clk_i~inputCLKENA0|inclk                    ;
;   0.601 ;   0.284  ; RR ; CELL ; 318    ; CLKCTRL_3C_G_I23    ;            ; clk_i~inputCLKENA0|outclk                   ;
;   2.390 ;   1.789  ; RR ; IC   ; 1      ; FF_X143_Y74_N7      ; High Speed ; t2mi_parser_inst|tsup_sync_o|clk            ;
;   2.390 ;   0.000  ; RR ; CELL ; 1      ; FF_X143_Y74_N7      ; High Speed ; t2mi_parser_inst|tsup_sync_o                ;
;   2.199 ;   -0.191 ;    ;      ;        ;                     ;            ; clock pessimism removed                     ;
; 2.199   ; 0.000    ;    ;      ;        ;                     ;            ; clock uncertainty                           ;
; 2.436   ; 0.237    ;    ; uTh  ; 1      ; FF_X143_Y74_N7      ;            ; t2mi_parser_inst|tsup_sync_o                ;
+---------+----------+----+------+--------+---------------------+------------+---------------------------------------------+

----------------------------
; Extra Fitter Information ;
----------------------------
HTML report is unavailable in plain text report export.



Path #9: Hold slack is 0.021 
===============================================================================
+----------------------------------------------+
; Path Summary                                 ;
+--------------------+-------------------------+
; Property           ; Value                   ;
+--------------------+-------------------------+
; From Node          ; t2mi_parser_inst|s_init ;
; To Node            ; t2mi_parser_inst|s_init ;
; Launch Clock       ; clk_i                   ;
; Latch Clock        ; clk_i                   ;
; Data Arrival Time  ; 2.450                   ;
; Data Required Time ; 2.429                   ;
; Slack              ; 0.021                   ;
+--------------------+-------------------------+

+-----------------------------------------------------------------------------------+
; Statistics                                                                        ;
+------------------------+-------+-------+-------------+------------+-------+-------+
; Property               ; Value ; Count ; Total Delay ; % of Total ; Min   ; Max   ;
+------------------------+-------+-------+-------------+------------+-------+-------+
; Hold Relationship      ; 0.000 ;       ;             ;            ;       ;       ;
; Clock Skew             ; 0.000 ;       ;             ;            ;       ;       ;
; Data Delay             ; 0.252 ;       ;             ;            ;       ;       ;
; Number of Logic Levels ;       ; 1     ;             ;            ;       ;       ;
; Physical Delays        ;       ;       ;             ;            ;       ;       ;
;  Arrival Path          ;       ;       ;             ;            ;       ;       ;
;   Clock                ;       ;       ;             ;            ;       ;       ;
;    IC                  ;       ; 3     ; 1.660       ; 76         ; 0.000 ; 1.660 ;
;    Cell                ;       ; 4     ; 0.538       ; 24         ; 0.000 ; 0.241 ;
;   Data                 ;       ;       ;             ;            ;       ;       ;
;    Cell                ;       ; 4     ; 0.155       ; 62         ; 0.000 ; 0.155 ;
;    uTco                ;       ; 1     ; 0.097       ; 38         ; 0.097 ; 0.097 ;
;  Required Path         ;       ;       ;             ;            ;       ;       ;
;   Clock                ;       ;       ;             ;            ;       ;       ;
;    IC                  ;       ; 3     ; 1.788       ; 75         ; 0.000 ; 1.788 ;
;    Cell                ;       ; 4     ; 0.601       ; 25         ; 0.000 ; 0.284 ;
+------------------------+-------+-------+-------------+------------+-------+-------+
Note: Negative delays are omitted from totals when calculating percentages

+--------------------------------------------------------------------------------------------------------------------------+
; Data Arrival Path                                                                                                        ;
+---------+---------+----+------+--------+----------------------+------------+---------------------------------------------+
; Total   ; Incr    ; RF ; Type ; Fanout ; Location             ; HS/LP      ; Element                                     ;
+---------+---------+----+------+--------+----------------------+------------+---------------------------------------------+
; 0.000   ; 0.000   ;    ;      ;        ;                      ;            ; launch edge time                            ;
; 2.198   ; 2.198   ;    ;      ;        ;                      ;            ; clock path                                  ;
;   0.000 ;   0.000 ;    ;      ;        ;                      ;            ; source latency                              ;
;   0.000 ;   0.000 ;    ;      ; 1      ; PIN_N5               ;            ; clk_i                                       ;
;   0.000 ;   0.000 ; RR ; IC   ; 1      ; IOIBUF_X150_Y60_N47  ;            ; clk_i~input|i                               ;
;   0.241 ;   0.241 ; RR ; CELL ; 1      ; IOIBUF_X150_Y60_N47  ;            ; clk_i~input|o                               ;
;   0.303 ;   0.062 ; RR ; CELL ; 1      ; IOIBUF_X150_Y60_N47  ;            ; clk_i~input~io_48_lvds_tile_edge/ioclkin[2] ;
;   0.303 ;   0.000 ; RR ; IC   ; 2      ; CLKCTRL_3C_G_I23     ;            ; clk_i~inputCLKENA0|inclk                    ;
;   0.538 ;   0.235 ; RR ; CELL ; 318    ; CLKCTRL_3C_G_I23     ;            ; clk_i~inputCLKENA0|outclk                   ;
;   2.198 ;   1.660 ; RR ; IC   ; 1      ; FF_X146_Y72_N19      ; High Speed ; t2mi_parser_inst|s_init|clk                 ;
;   2.198 ;   0.000 ; RR ; CELL ; 1      ; FF_X146_Y72_N19      ; High Speed ; t2mi_parser_inst|s_init                     ;
; 2.450   ; 0.252   ;    ;      ;        ;                      ;            ; data path                                   ;
;   2.295 ;   0.097 ; FF ; uTco ; 2      ; FF_X146_Y72_N19      ;            ; t2mi_parser_inst|s_init|q                   ;
;   2.295 ;   0.000 ; FF ; CELL ; 1      ; LABCELL_X146_Y72_N18 ; High Speed ; t2mi_parser_inst|Select_111~0|datae         ;
;   2.450 ;   0.155 ; FF ; CELL ; 1      ; LABCELL_X146_Y72_N18 ; High Speed ; t2mi_parser_inst|Select_111~0|combout       ;
;   2.450 ;   0.000 ; FF ; CELL ; 1      ; FF_X146_Y72_N19      ; High Speed ; t2mi_parser_inst|s_init|d                   ;
;   2.450 ;   0.000 ; FF ; CELL ; 1      ; FF_X146_Y72_N19      ; High Speed ; t2mi_parser_inst|s_init                     ;
+---------+---------+----+------+--------+----------------------+------------+---------------------------------------------+

+--------------------------------------------------------------------------------------------------------------------------+
; Data Required Path                                                                                                       ;
+---------+----------+----+------+--------+---------------------+------------+---------------------------------------------+
; Total   ; Incr     ; RF ; Type ; Fanout ; Location            ; HS/LP      ; Element                                     ;
+---------+----------+----+------+--------+---------------------+------------+---------------------------------------------+
; 0.000   ; 0.000    ;    ;      ;        ;                     ;            ; latch edge time                             ;
; 2.198   ; 2.198    ;    ;      ;        ;                     ;            ; clock path                                  ;
;   0.000 ;   0.000  ;    ;      ;        ;                     ;            ; source latency                              ;
;   0.000 ;   0.000  ;    ;      ; 1      ; PIN_N5              ;            ; clk_i                                       ;
;   0.000 ;   0.000  ; RR ; IC   ; 1      ; IOIBUF_X150_Y60_N47 ;            ; clk_i~input|i                               ;
;   0.241 ;   0.241  ; RR ; CELL ; 1      ; IOIBUF_X150_Y60_N47 ;            ; clk_i~input|o                               ;
;   0.317 ;   0.076  ; RR ; CELL ; 1      ; IOIBUF_X150_Y60_N47 ;            ; clk_i~input~io_48_lvds_tile_edge/ioclkin[2] ;
;   0.317 ;   0.000  ; RR ; IC   ; 2      ; CLKCTRL_3C_G_I23    ;            ; clk_i~inputCLKENA0|inclk                    ;
;   0.601 ;   0.284  ; RR ; CELL ; 318    ; CLKCTRL_3C_G_I23    ;            ; clk_i~inputCLKENA0|outclk                   ;
;   2.389 ;   1.788  ; RR ; IC   ; 1      ; FF_X146_Y72_N19     ; High Speed ; t2mi_parser_inst|s_init|clk                 ;
;   2.389 ;   0.000  ; RR ; CELL ; 1      ; FF_X146_Y72_N19     ; High Speed ; t2mi_parser_inst|s_init                     ;
;   2.198 ;   -0.191 ;    ;      ;        ;                     ;            ; clock pessimism removed                     ;
; 2.198   ; 0.000    ;    ;      ;        ;                     ;            ; clock uncertainty                           ;
; 2.429   ; 0.231    ;    ; uTh  ; 1      ; FF_X146_Y72_N19     ;            ; t2mi_parser_inst|s_init                     ;
+---------+----------+----+------+--------+---------------------+------------+---------------------------------------------+

----------------------------
; Extra Fitter Information ;
----------------------------
HTML report is unavailable in plain text report export.



Path #10: Hold slack is 0.021 
===============================================================================
+-------------------------------------------------------------------+
; Path Summary                                                      ;
+--------------------+----------------------------------------------+
; Property           ; Value                                        ;
+--------------------+----------------------------------------------+
; From Node          ; t2mi_parser_inst|s_state.bbpadding           ;
; To Node            ; t2mi_parser_inst|s_state.bbpadding~DUPLICATE ;
; Launch Clock       ; clk_i                                        ;
; Latch Clock        ; clk_i                                        ;
; Data Arrival Time  ; 2.455                                        ;
; Data Required Time ; 2.434                                        ;
; Slack              ; 0.021                                        ;
+--------------------+----------------------------------------------+

+-----------------------------------------------------------------------------------+
; Statistics                                                                        ;
+------------------------+-------+-------+-------------+------------+-------+-------+
; Property               ; Value ; Count ; Total Delay ; % of Total ; Min   ; Max   ;
+------------------------+-------+-------+-------------+------------+-------+-------+
; Hold Relationship      ; 0.000 ;       ;             ;            ;       ;       ;
; Clock Skew             ; 0.000 ;       ;             ;            ;       ;       ;
; Data Delay             ; 0.255 ;       ;             ;            ;       ;       ;
; Number of Logic Levels ;       ; 1     ;             ;            ;       ;       ;
; Physical Delays        ;       ;       ;             ;            ;       ;       ;
;  Arrival Path          ;       ;       ;             ;            ;       ;       ;
;   Clock                ;       ;       ;             ;            ;       ;       ;
;    IC                  ;       ; 3     ; 1.662       ; 76         ; 0.000 ; 1.662 ;
;    Cell                ;       ; 4     ; 0.538       ; 24         ; 0.000 ; 0.241 ;
;   Data                 ;       ;       ;             ;            ;       ;       ;
;    Cell                ;       ; 4     ; 0.157       ; 62         ; 0.000 ; 0.157 ;
;    uTco                ;       ; 1     ; 0.098       ; 38         ; 0.098 ; 0.098 ;
;  Required Path         ;       ;       ;             ;            ;       ;       ;
;   Clock                ;       ;       ;             ;            ;       ;       ;
;    IC                  ;       ; 3     ; 1.790       ; 75         ; 0.000 ; 1.790 ;
;    Cell                ;       ; 4     ; 0.601       ; 25         ; 0.000 ; 0.284 ;
+------------------------+-------+-------+-------------+------------+-------+-------+
Note: Negative delays are omitted from totals when calculating percentages

+-----------------------------------------------------------------------------------------------------------------------------+
; Data Arrival Path                                                                                                           ;
+---------+---------+----+------+--------+----------------------+------------+------------------------------------------------+
; Total   ; Incr    ; RF ; Type ; Fanout ; Location             ; HS/LP      ; Element                                        ;
+---------+---------+----+------+--------+----------------------+------------+------------------------------------------------+
; 0.000   ; 0.000   ;    ;      ;        ;                      ;            ; launch edge time                               ;
; 2.200   ; 2.200   ;    ;      ;        ;                      ;            ; clock path                                     ;
;   0.000 ;   0.000 ;    ;      ;        ;                      ;            ; source latency                                 ;
;   0.000 ;   0.000 ;    ;      ; 1      ; PIN_N5               ;            ; clk_i                                          ;
;   0.000 ;   0.000 ; RR ; IC   ; 1      ; IOIBUF_X150_Y60_N47  ;            ; clk_i~input|i                                  ;
;   0.241 ;   0.241 ; RR ; CELL ; 1      ; IOIBUF_X150_Y60_N47  ;            ; clk_i~input|o                                  ;
;   0.303 ;   0.062 ; RR ; CELL ; 1      ; IOIBUF_X150_Y60_N47  ;            ; clk_i~input~io_48_lvds_tile_edge/ioclkin[2]    ;
;   0.303 ;   0.000 ; RR ; IC   ; 2      ; CLKCTRL_3C_G_I23     ;            ; clk_i~inputCLKENA0|inclk                       ;
;   0.538 ;   0.235 ; RR ; CELL ; 318    ; CLKCTRL_3C_G_I23     ;            ; clk_i~inputCLKENA0|outclk                      ;
;   2.200 ;   1.662 ; RR ; IC   ; 1      ; FF_X146_Y74_N20      ; High Speed ; t2mi_parser_inst|s_state.bbpadding|clk         ;
;   2.200 ;   0.000 ; RR ; CELL ; 1      ; FF_X146_Y74_N20      ; High Speed ; t2mi_parser_inst|s_state.bbpadding             ;
; 2.455   ; 0.255   ;    ;      ;        ;                      ;            ; data path                                      ;
;   2.298 ;   0.098 ; FF ; uTco ; 2      ; FF_X146_Y74_N20      ;            ; t2mi_parser_inst|s_state.bbpadding|q           ;
;   2.298 ;   0.000 ; FF ; CELL ; 1      ; LABCELL_X146_Y74_N18 ; High Speed ; t2mi_parser_inst|Select_3~1|datae              ;
;   2.455 ;   0.157 ; FF ; CELL ; 2      ; LABCELL_X146_Y74_N18 ; High Speed ; t2mi_parser_inst|Select_3~1|combout            ;
;   2.455 ;   0.000 ; FF ; CELL ; 1      ; FF_X146_Y74_N19      ; High Speed ; t2mi_parser_inst|s_state.bbpadding~DUPLICATE|d ;
;   2.455 ;   0.000 ; FF ; CELL ; 1      ; FF_X146_Y74_N19      ; High Speed ; t2mi_parser_inst|s_state.bbpadding~DUPLICATE   ;
+---------+---------+----+------+--------+----------------------+------------+------------------------------------------------+

+-------------------------------------------------------------------------------------------------------------------------------+
; Data Required Path                                                                                                            ;
+---------+----------+----+------+--------+---------------------+------------+--------------------------------------------------+
; Total   ; Incr     ; RF ; Type ; Fanout ; Location            ; HS/LP      ; Element                                          ;
+---------+----------+----+------+--------+---------------------+------------+--------------------------------------------------+
; 0.000   ; 0.000    ;    ;      ;        ;                     ;            ; latch edge time                                  ;
; 2.200   ; 2.200    ;    ;      ;        ;                     ;            ; clock path                                       ;
;   0.000 ;   0.000  ;    ;      ;        ;                     ;            ; source latency                                   ;
;   0.000 ;   0.000  ;    ;      ; 1      ; PIN_N5              ;            ; clk_i                                            ;
;   0.000 ;   0.000  ; RR ; IC   ; 1      ; IOIBUF_X150_Y60_N47 ;            ; clk_i~input|i                                    ;
;   0.241 ;   0.241  ; RR ; CELL ; 1      ; IOIBUF_X150_Y60_N47 ;            ; clk_i~input|o                                    ;
;   0.317 ;   0.076  ; RR ; CELL ; 1      ; IOIBUF_X150_Y60_N47 ;            ; clk_i~input~io_48_lvds_tile_edge/ioclkin[2]      ;
;   0.317 ;   0.000  ; RR ; IC   ; 2      ; CLKCTRL_3C_G_I23    ;            ; clk_i~inputCLKENA0|inclk                         ;
;   0.601 ;   0.284  ; RR ; CELL ; 318    ; CLKCTRL_3C_G_I23    ;            ; clk_i~inputCLKENA0|outclk                        ;
;   2.391 ;   1.790  ; RR ; IC   ; 1      ; FF_X146_Y74_N19     ; High Speed ; t2mi_parser_inst|s_state.bbpadding~DUPLICATE|clk ;
;   2.391 ;   0.000  ; RR ; CELL ; 1      ; FF_X146_Y74_N19     ; High Speed ; t2mi_parser_inst|s_state.bbpadding~DUPLICATE     ;
;   2.200 ;   -0.191 ;    ;      ;        ;                     ;            ; clock pessimism removed                          ;
; 2.200   ; 0.000    ;    ;      ;        ;                     ;            ; clock uncertainty                                ;
; 2.434   ; 0.234    ;    ; uTh  ; 1      ; FF_X146_Y74_N19     ;            ; t2mi_parser_inst|s_state.bbpadding~DUPLICATE     ;
+---------+----------+----+------+--------+---------------------+------------+--------------------------------------------------+

----------------------------
; Extra Fitter Information ;
----------------------------
HTML report is unavailable in plain text report export.



----------------
; Command Info ;
----------------
Report Timing: Found 10 recovery paths (0 violated).  Worst case slack is 0.012 

Tcl Command:
    report_timing -recovery -panel_name {Worst-Case Timing Paths||clk_i||Recovery} -to_clock [get_clocks {clk_i}] -npaths 10 -detail full_path

Options:
    -to_clock [get_clocks {clk_i}] 
    -recovery 
    -npaths 10 
    -detail full_path 
    -panel_name {Recovery} 

Snapshot:
    final

Delay Models:
    Slow 900mV 100C Model
    Slow 900mV 0C Model
    Fast 900mV 100C Model
    Fast 900mV 0C Model


+-----------------------------------------------------------------------------------------------------------------------------------------------------------------+
; Summary of Paths                                                                                                                                                ;
+-------+-----------+-------------------------------------------+------------------+-------------+--------------+------------+------------+-----------------------+
; Slack ; From Node ; To Node                                   ; Launch Clock     ; Latch Clock ; Relationship ; Clock Skew ; Data Delay ; Worst-Case Corner     ;
+-------+-----------+-------------------------------------------+------------------+-------------+--------------+------------+------------+-----------------------+
; 0.012 ; rst_i     ; ts_parser_inst|s_state.payload            ; rst_i (INVERTED) ; clk_i       ; 0.500        ; 4.155      ; 4.469      ; Slow 900mV 100C Model ;
; 0.012 ; rst_i     ; ts_parser_inst|s_cnt_tsp_byte[1]          ; rst_i (INVERTED) ; clk_i       ; 0.500        ; 4.155      ; 4.470      ; Slow 900mV 100C Model ;
; 0.013 ; rst_i     ; ts_parser_inst|s_state.adaptation_field   ; rst_i (INVERTED) ; clk_i       ; 0.500        ; 4.155      ; 4.469      ; Slow 900mV 100C Model ;
; 0.013 ; rst_i     ; ts_parser_inst|s_cnt_tsp_byte[0]          ; rst_i (INVERTED) ; clk_i       ; 0.500        ; 4.155      ; 4.470      ; Slow 900mV 100C Model ;
; 0.014 ; rst_i     ; ts_parser_inst|s_cnt_tsp_byte[5]          ; rst_i (INVERTED) ; clk_i       ; 0.500        ; 4.155      ; 4.470      ; Slow 900mV 100C Model ;
; 0.015 ; rst_i     ; ts_parser_inst|s_cc_next[3]               ; rst_i (INVERTED) ; clk_i       ; 0.500        ; 4.155      ; 4.470      ; Slow 900mV 100C Model ;
; 0.015 ; rst_i     ; ts_parser_inst|s_cnt_tsp_byte[4]          ; rst_i (INVERTED) ; clk_i       ; 0.500        ; 4.155      ; 4.470      ; Slow 900mV 100C Model ;
; 0.020 ; rst_i     ; ts_parser_inst|s_cnt_adaptation_length[4] ; rst_i (INVERTED) ; clk_i       ; 0.500        ; 4.159      ; 4.470      ; Slow 900mV 100C Model ;
; 0.020 ; rst_i     ; ts_parser_inst|s_cnt_adaptation_length[6] ; rst_i (INVERTED) ; clk_i       ; 0.500        ; 4.159      ; 4.470      ; Slow 900mV 100C Model ;
; 0.029 ; rst_i     ; ts_parser_inst|s_cnt_adaptation_length[7] ; rst_i (INVERTED) ; clk_i       ; 0.500        ; 4.159      ; 4.470      ; Slow 900mV 100C Model ;
+-------+-----------+-------------------------------------------+------------------+-------------+--------------+------------+------------+-----------------------+


Path #1: Recovery slack is 0.012 
===============================================================================
+-----------------------------------------------------+
; Path Summary                                        ;
+--------------------+--------------------------------+
; Property           ; Value                          ;
+--------------------+--------------------------------+
; From Node          ; rst_i                          ;
; To Node            ; ts_parser_inst|s_state.payload ;
; Launch Clock       ; rst_i (INVERTED)               ;
; Latch Clock        ; clk_i                          ;
; Data Arrival Time  ; 4.969                          ;
; Data Required Time ; 4.981                          ;
; Slack              ; 0.012                          ;
+--------------------+--------------------------------+

+--------------------------------------------------------------------------------------+
; Statistics                                                                           ;
+---------------------------+-------+-------+-------------+------------+-------+-------+
; Property                  ; Value ; Count ; Total Delay ; % of Total ; Min   ; Max   ;
+---------------------------+-------+-------+-------------+------------+-------+-------+
; Recovery Relationship     ; 0.500 ;       ;             ;            ;       ;       ;
; Clock Skew                ; 4.155 ;       ;             ;            ;       ;       ;
; Data Delay                ; 4.469 ;       ;             ;            ;       ;       ;
; Number of Logic Levels    ;       ; 2     ;             ;            ;       ;       ;
; Physical Delays           ;       ;       ;             ;            ;       ;       ;
;  Arrival Path             ;       ;       ;             ;            ;       ;       ;
;   Clock                   ;       ;       ;             ;            ;       ;       ;
;    Clock Network (Lumped) ;       ; 1     ; 0.000       ;            ; 0.000 ; 0.000 ;
;   Data                    ;       ;       ;             ;            ;       ;       ;
;    IC                     ;       ; 3     ; 3.238       ; 72         ; 0.000 ; 3.238 ;
;    Cell                   ;       ; 4     ; 1.231       ; 28         ; 0.000 ; 0.548 ;
;  Required Path            ;       ;       ;             ;            ;       ;       ;
;   Clock                   ;       ;       ;             ;            ;       ;       ;
;    IC                     ;       ; 3     ; 2.961       ; 71         ; 0.000 ; 2.961 ;
;    Cell                   ;       ; 4     ; 1.194       ; 29         ; 0.000 ; 0.538 ;
+---------------------------+-------+-------+-------------+------------+-------+-------+
Note: Negative delays are omitted from totals when calculating percentages

+------------------------------------------------------------------------------------------------------------------------+
; Data Arrival Path                                                                                                      ;
+---------+---------+----+------+--------+--------------------+------------+---------------------------------------------+
; Total   ; Incr    ; RF ; Type ; Fanout ; Location           ; HS/LP      ; Element                                     ;
+---------+---------+----+------+--------+--------------------+------------+---------------------------------------------+
; 0.500   ; 0.500   ;    ;      ;        ;                    ;            ; launch edge time                            ;
; 0.500   ; 0.000   ;    ;      ;        ;                    ;            ; clock path                                  ;
;   0.500 ;   0.000 ; F  ;      ;        ;                    ;            ; clock network delay                         ;
;   0.500 ;   0.000 ;    ;      ; 1      ; PIN_AA7            ;            ; rst_i                                       ;
; 0.500   ; 0.000   ; F  ;      ; 1      ; PIN_AA7            ;            ; rst_i                                       ;
; 4.969   ; 4.469   ;    ;      ;        ;                    ;            ; data path                                   ;
;   0.500 ;   0.000 ; FF ; IC   ; 1      ; IOIBUF_X150_Y7_N47 ;            ; rst_i~input|i                               ;
;   1.004 ;   0.504 ; FF ; CELL ; 2      ; IOIBUF_X150_Y7_N47 ;            ; rst_i~input|o                               ;
;   1.183 ;   0.179 ; FF ; CELL ; 1      ; IOIBUF_X150_Y7_N47 ;            ; rst_i~input~io_48_lvds_tile_edge/ioclkin[3] ;
;   1.183 ;   0.000 ; FF ; IC   ; 2      ; CLKCTRL_3A_G_I22   ;            ; rst_i~inputCLKENA0|inclk                    ;
;   1.731 ;   0.548 ; FF ; CELL ; 276    ; CLKCTRL_3A_G_I22   ;            ; rst_i~inputCLKENA0|outclk                   ;
;   4.969 ;   3.238 ; FF ; IC   ; 1      ; FF_X143_Y65_N20    ; High Speed ; ts_parser_inst|s_state.payload|clrn         ;
;   4.969 ;   0.000 ; FF ; CELL ; 1      ; FF_X143_Y65_N20    ; High Speed ; ts_parser_inst|s_state.payload              ;
+---------+---------+----+------+--------+--------------------+------------+---------------------------------------------+

+-------------------------------------------------------------------------------------------------------------------------+
; Data Required Path                                                                                                      ;
+---------+---------+----+------+--------+---------------------+------------+---------------------------------------------+
; Total   ; Incr    ; RF ; Type ; Fanout ; Location            ; HS/LP      ; Element                                     ;
+---------+---------+----+------+--------+---------------------+------------+---------------------------------------------+
; 1.000   ; 1.000   ;    ;      ;        ;                     ;            ; latch edge time                             ;
; 5.155   ; 4.155   ;    ;      ;        ;                     ;            ; clock path                                  ;
;   1.000 ;   0.000 ;    ;      ;        ;                     ;            ; source latency                              ;
;   1.000 ;   0.000 ;    ;      ; 1      ; PIN_N5              ;            ; clk_i                                       ;
;   1.000 ;   0.000 ; RR ; IC   ; 1      ; IOIBUF_X150_Y60_N47 ;            ; clk_i~input|i                               ;
;   1.538 ;   0.538 ; RR ; CELL ; 1      ; IOIBUF_X150_Y60_N47 ;            ; clk_i~input|o                               ;
;   1.684 ;   0.146 ; RR ; CELL ; 1      ; IOIBUF_X150_Y60_N47 ;            ; clk_i~input~io_48_lvds_tile_edge/ioclkin[2] ;
;   1.684 ;   0.000 ; RR ; IC   ; 2      ; CLKCTRL_3C_G_I23    ;            ; clk_i~inputCLKENA0|inclk                    ;
;   2.194 ;   0.510 ; RR ; CELL ; 318    ; CLKCTRL_3C_G_I23    ;            ; clk_i~inputCLKENA0|outclk                   ;
;   5.155 ;   2.961 ; RR ; IC   ; 1      ; FF_X143_Y65_N20     ; High Speed ; ts_parser_inst|s_state.payload|clk          ;
;   5.155 ;   0.000 ; RR ; CELL ; 1      ; FF_X143_Y65_N20     ; High Speed ; ts_parser_inst|s_state.payload              ;
; 5.125   ; -0.030  ;    ;      ;        ;                     ;            ; clock uncertainty                           ;
; 4.981   ; -0.144  ;    ; uTsu ; 1      ; FF_X143_Y65_N20     ;            ; ts_parser_inst|s_state.payload              ;
+---------+---------+----+------+--------+---------------------+------------+---------------------------------------------+

----------------------------
; Extra Fitter Information ;
----------------------------
HTML report is unavailable in plain text report export.



Path #2: Recovery slack is 0.012 
===============================================================================
+-------------------------------------------------------+
; Path Summary                                          ;
+--------------------+----------------------------------+
; Property           ; Value                            ;
+--------------------+----------------------------------+
; From Node          ; rst_i                            ;
; To Node            ; ts_parser_inst|s_cnt_tsp_byte[1] ;
; Launch Clock       ; rst_i (INVERTED)                 ;
; Latch Clock        ; clk_i                            ;
; Data Arrival Time  ; 4.970                            ;
; Data Required Time ; 4.982                            ;
; Slack              ; 0.012                            ;
+--------------------+----------------------------------+

+--------------------------------------------------------------------------------------+
; Statistics                                                                           ;
+---------------------------+-------+-------+-------------+------------+-------+-------+
; Property                  ; Value ; Count ; Total Delay ; % of Total ; Min   ; Max   ;
+---------------------------+-------+-------+-------------+------------+-------+-------+
; Recovery Relationship     ; 0.500 ;       ;             ;            ;       ;       ;
; Clock Skew                ; 4.155 ;       ;             ;            ;       ;       ;
; Data Delay                ; 4.470 ;       ;             ;            ;       ;       ;
; Number of Logic Levels    ;       ; 2     ;             ;            ;       ;       ;
; Physical Delays           ;       ;       ;             ;            ;       ;       ;
;  Arrival Path             ;       ;       ;             ;            ;       ;       ;
;   Clock                   ;       ;       ;             ;            ;       ;       ;
;    Clock Network (Lumped) ;       ; 1     ; 0.000       ;            ; 0.000 ; 0.000 ;
;   Data                    ;       ;       ;             ;            ;       ;       ;
;    IC                     ;       ; 3     ; 3.239       ; 72         ; 0.000 ; 3.239 ;
;    Cell                   ;       ; 4     ; 1.231       ; 28         ; 0.000 ; 0.548 ;
;  Required Path            ;       ;       ;             ;            ;       ;       ;
;   Clock                   ;       ;       ;             ;            ;       ;       ;
;    IC                     ;       ; 3     ; 2.961       ; 71         ; 0.000 ; 2.961 ;
;    Cell                   ;       ; 4     ; 1.194       ; 29         ; 0.000 ; 0.538 ;
+---------------------------+-------+-------+-------------+------------+-------+-------+
Note: Negative delays are omitted from totals when calculating percentages

+------------------------------------------------------------------------------------------------------------------------+
; Data Arrival Path                                                                                                      ;
+---------+---------+----+------+--------+--------------------+------------+---------------------------------------------+
; Total   ; Incr    ; RF ; Type ; Fanout ; Location           ; HS/LP      ; Element                                     ;
+---------+---------+----+------+--------+--------------------+------------+---------------------------------------------+
; 0.500   ; 0.500   ;    ;      ;        ;                    ;            ; launch edge time                            ;
; 0.500   ; 0.000   ;    ;      ;        ;                    ;            ; clock path                                  ;
;   0.500 ;   0.000 ; F  ;      ;        ;                    ;            ; clock network delay                         ;
;   0.500 ;   0.000 ;    ;      ; 1      ; PIN_AA7            ;            ; rst_i                                       ;
; 0.500   ; 0.000   ; F  ;      ; 1      ; PIN_AA7            ;            ; rst_i                                       ;
; 4.970   ; 4.470   ;    ;      ;        ;                    ;            ; data path                                   ;
;   0.500 ;   0.000 ; FF ; IC   ; 1      ; IOIBUF_X150_Y7_N47 ;            ; rst_i~input|i                               ;
;   1.004 ;   0.504 ; FF ; CELL ; 2      ; IOIBUF_X150_Y7_N47 ;            ; rst_i~input|o                               ;
;   1.183 ;   0.179 ; FF ; CELL ; 1      ; IOIBUF_X150_Y7_N47 ;            ; rst_i~input~io_48_lvds_tile_edge/ioclkin[3] ;
;   1.183 ;   0.000 ; FF ; IC   ; 2      ; CLKCTRL_3A_G_I22   ;            ; rst_i~inputCLKENA0|inclk                    ;
;   1.731 ;   0.548 ; FF ; CELL ; 276    ; CLKCTRL_3A_G_I22   ;            ; rst_i~inputCLKENA0|outclk                   ;
;   4.970 ;   3.239 ; FF ; IC   ; 1      ; FF_X144_Y65_N2     ; High Speed ; ts_parser_inst|s_cnt_tsp_byte[1]|clrn       ;
;   4.970 ;   0.000 ; FF ; CELL ; 1      ; FF_X144_Y65_N2     ; High Speed ; ts_parser_inst|s_cnt_tsp_byte[1]            ;
+---------+---------+----+------+--------+--------------------+------------+---------------------------------------------+

+-------------------------------------------------------------------------------------------------------------------------+
; Data Required Path                                                                                                      ;
+---------+---------+----+------+--------+---------------------+------------+---------------------------------------------+
; Total   ; Incr    ; RF ; Type ; Fanout ; Location            ; HS/LP      ; Element                                     ;
+---------+---------+----+------+--------+---------------------+------------+---------------------------------------------+
; 1.000   ; 1.000   ;    ;      ;        ;                     ;            ; latch edge time                             ;
; 5.155   ; 4.155   ;    ;      ;        ;                     ;            ; clock path                                  ;
;   1.000 ;   0.000 ;    ;      ;        ;                     ;            ; source latency                              ;
;   1.000 ;   0.000 ;    ;      ; 1      ; PIN_N5              ;            ; clk_i                                       ;
;   1.000 ;   0.000 ; RR ; IC   ; 1      ; IOIBUF_X150_Y60_N47 ;            ; clk_i~input|i                               ;
;   1.538 ;   0.538 ; RR ; CELL ; 1      ; IOIBUF_X150_Y60_N47 ;            ; clk_i~input|o                               ;
;   1.684 ;   0.146 ; RR ; CELL ; 1      ; IOIBUF_X150_Y60_N47 ;            ; clk_i~input~io_48_lvds_tile_edge/ioclkin[2] ;
;   1.684 ;   0.000 ; RR ; IC   ; 2      ; CLKCTRL_3C_G_I23    ;            ; clk_i~inputCLKENA0|inclk                    ;
;   2.194 ;   0.510 ; RR ; CELL ; 318    ; CLKCTRL_3C_G_I23    ;            ; clk_i~inputCLKENA0|outclk                   ;
;   5.155 ;   2.961 ; RR ; IC   ; 1      ; FF_X144_Y65_N2      ; High Speed ; ts_parser_inst|s_cnt_tsp_byte[1]|clk        ;
;   5.155 ;   0.000 ; RR ; CELL ; 1      ; FF_X144_Y65_N2      ; High Speed ; ts_parser_inst|s_cnt_tsp_byte[1]            ;
; 5.125   ; -0.030  ;    ;      ;        ;                     ;            ; clock uncertainty                           ;
; 4.982   ; -0.143  ;    ; uTsu ; 1      ; FF_X144_Y65_N2      ;            ; ts_parser_inst|s_cnt_tsp_byte[1]            ;
+---------+---------+----+------+--------+---------------------+------------+---------------------------------------------+

----------------------------
; Extra Fitter Information ;
----------------------------
HTML report is unavailable in plain text report export.



Path #3: Recovery slack is 0.013 
===============================================================================
+--------------------------------------------------------------+
; Path Summary                                                 ;
+--------------------+-----------------------------------------+
; Property           ; Value                                   ;
+--------------------+-----------------------------------------+
; From Node          ; rst_i                                   ;
; To Node            ; ts_parser_inst|s_state.adaptation_field ;
; Launch Clock       ; rst_i (INVERTED)                        ;
; Latch Clock        ; clk_i                                   ;
; Data Arrival Time  ; 4.969                                   ;
; Data Required Time ; 4.982                                   ;
; Slack              ; 0.013                                   ;
+--------------------+-----------------------------------------+

+--------------------------------------------------------------------------------------+
; Statistics                                                                           ;
+---------------------------+-------+-------+-------------+------------+-------+-------+
; Property                  ; Value ; Count ; Total Delay ; % of Total ; Min   ; Max   ;
+---------------------------+-------+-------+-------------+------------+-------+-------+
; Recovery Relationship     ; 0.500 ;       ;             ;            ;       ;       ;
; Clock Skew                ; 4.155 ;       ;             ;            ;       ;       ;
; Data Delay                ; 4.469 ;       ;             ;            ;       ;       ;
; Number of Logic Levels    ;       ; 2     ;             ;            ;       ;       ;
; Physical Delays           ;       ;       ;             ;            ;       ;       ;
;  Arrival Path             ;       ;       ;             ;            ;       ;       ;
;   Clock                   ;       ;       ;             ;            ;       ;       ;
;    Clock Network (Lumped) ;       ; 1     ; 0.000       ;            ; 0.000 ; 0.000 ;
;   Data                    ;       ;       ;             ;            ;       ;       ;
;    IC                     ;       ; 3     ; 3.238       ; 72         ; 0.000 ; 3.238 ;
;    Cell                   ;       ; 4     ; 1.231       ; 28         ; 0.000 ; 0.548 ;
;  Required Path            ;       ;       ;             ;            ;       ;       ;
;   Clock                   ;       ;       ;             ;            ;       ;       ;
;    IC                     ;       ; 3     ; 2.961       ; 71         ; 0.000 ; 2.961 ;
;    Cell                   ;       ; 4     ; 1.194       ; 29         ; 0.000 ; 0.538 ;
+---------------------------+-------+-------+-------------+------------+-------+-------+
Note: Negative delays are omitted from totals when calculating percentages

+-------------------------------------------------------------------------------------------------------------------------+
; Data Arrival Path                                                                                                       ;
+---------+---------+----+------+--------+--------------------+------------+----------------------------------------------+
; Total   ; Incr    ; RF ; Type ; Fanout ; Location           ; HS/LP      ; Element                                      ;
+---------+---------+----+------+--------+--------------------+------------+----------------------------------------------+
; 0.500   ; 0.500   ;    ;      ;        ;                    ;            ; launch edge time                             ;
; 0.500   ; 0.000   ;    ;      ;        ;                    ;            ; clock path                                   ;
;   0.500 ;   0.000 ; F  ;      ;        ;                    ;            ; clock network delay                          ;
;   0.500 ;   0.000 ;    ;      ; 1      ; PIN_AA7            ;            ; rst_i                                        ;
; 0.500   ; 0.000   ; F  ;      ; 1      ; PIN_AA7            ;            ; rst_i                                        ;
; 4.969   ; 4.469   ;    ;      ;        ;                    ;            ; data path                                    ;
;   0.500 ;   0.000 ; FF ; IC   ; 1      ; IOIBUF_X150_Y7_N47 ;            ; rst_i~input|i                                ;
;   1.004 ;   0.504 ; FF ; CELL ; 2      ; IOIBUF_X150_Y7_N47 ;            ; rst_i~input|o                                ;
;   1.183 ;   0.179 ; FF ; CELL ; 1      ; IOIBUF_X150_Y7_N47 ;            ; rst_i~input~io_48_lvds_tile_edge/ioclkin[3]  ;
;   1.183 ;   0.000 ; FF ; IC   ; 2      ; CLKCTRL_3A_G_I22   ;            ; rst_i~inputCLKENA0|inclk                     ;
;   1.731 ;   0.548 ; FF ; CELL ; 276    ; CLKCTRL_3A_G_I22   ;            ; rst_i~inputCLKENA0|outclk                    ;
;   4.969 ;   3.238 ; FF ; IC   ; 1      ; FF_X143_Y65_N14    ; High Speed ; ts_parser_inst|s_state.adaptation_field|clrn ;
;   4.969 ;   0.000 ; FF ; CELL ; 1      ; FF_X143_Y65_N14    ; High Speed ; ts_parser_inst|s_state.adaptation_field      ;
+---------+---------+----+------+--------+--------------------+------------+----------------------------------------------+

+-------------------------------------------------------------------------------------------------------------------------+
; Data Required Path                                                                                                      ;
+---------+---------+----+------+--------+---------------------+------------+---------------------------------------------+
; Total   ; Incr    ; RF ; Type ; Fanout ; Location            ; HS/LP      ; Element                                     ;
+---------+---------+----+------+--------+---------------------+------------+---------------------------------------------+
; 1.000   ; 1.000   ;    ;      ;        ;                     ;            ; latch edge time                             ;
; 5.155   ; 4.155   ;    ;      ;        ;                     ;            ; clock path                                  ;
;   1.000 ;   0.000 ;    ;      ;        ;                     ;            ; source latency                              ;
;   1.000 ;   0.000 ;    ;      ; 1      ; PIN_N5              ;            ; clk_i                                       ;
;   1.000 ;   0.000 ; RR ; IC   ; 1      ; IOIBUF_X150_Y60_N47 ;            ; clk_i~input|i                               ;
;   1.538 ;   0.538 ; RR ; CELL ; 1      ; IOIBUF_X150_Y60_N47 ;            ; clk_i~input|o                               ;
;   1.684 ;   0.146 ; RR ; CELL ; 1      ; IOIBUF_X150_Y60_N47 ;            ; clk_i~input~io_48_lvds_tile_edge/ioclkin[2] ;
;   1.684 ;   0.000 ; RR ; IC   ; 2      ; CLKCTRL_3C_G_I23    ;            ; clk_i~inputCLKENA0|inclk                    ;
;   2.194 ;   0.510 ; RR ; CELL ; 318    ; CLKCTRL_3C_G_I23    ;            ; clk_i~inputCLKENA0|outclk                   ;
;   5.155 ;   2.961 ; RR ; IC   ; 1      ; FF_X143_Y65_N14     ; High Speed ; ts_parser_inst|s_state.adaptation_field|clk ;
;   5.155 ;   0.000 ; RR ; CELL ; 1      ; FF_X143_Y65_N14     ; High Speed ; ts_parser_inst|s_state.adaptation_field     ;
; 5.125   ; -0.030  ;    ;      ;        ;                     ;            ; clock uncertainty                           ;
; 4.982   ; -0.143  ;    ; uTsu ; 1      ; FF_X143_Y65_N14     ;            ; ts_parser_inst|s_state.adaptation_field     ;
+---------+---------+----+------+--------+---------------------+------------+---------------------------------------------+

----------------------------
; Extra Fitter Information ;
----------------------------
HTML report is unavailable in plain text report export.



Path #4: Recovery slack is 0.013 
===============================================================================
+-------------------------------------------------------+
; Path Summary                                          ;
+--------------------+----------------------------------+
; Property           ; Value                            ;
+--------------------+----------------------------------+
; From Node          ; rst_i                            ;
; To Node            ; ts_parser_inst|s_cnt_tsp_byte[0] ;
; Launch Clock       ; rst_i (INVERTED)                 ;
; Latch Clock        ; clk_i                            ;
; Data Arrival Time  ; 4.970                            ;
; Data Required Time ; 4.983                            ;
; Slack              ; 0.013                            ;
+--------------------+----------------------------------+

+--------------------------------------------------------------------------------------+
; Statistics                                                                           ;
+---------------------------+-------+-------+-------------+------------+-------+-------+
; Property                  ; Value ; Count ; Total Delay ; % of Total ; Min   ; Max   ;
+---------------------------+-------+-------+-------------+------------+-------+-------+
; Recovery Relationship     ; 0.500 ;       ;             ;            ;       ;       ;
; Clock Skew                ; 4.155 ;       ;             ;            ;       ;       ;
; Data Delay                ; 4.470 ;       ;             ;            ;       ;       ;
; Number of Logic Levels    ;       ; 2     ;             ;            ;       ;       ;
; Physical Delays           ;       ;       ;             ;            ;       ;       ;
;  Arrival Path             ;       ;       ;             ;            ;       ;       ;
;   Clock                   ;       ;       ;             ;            ;       ;       ;
;    Clock Network (Lumped) ;       ; 1     ; 0.000       ;            ; 0.000 ; 0.000 ;
;   Data                    ;       ;       ;             ;            ;       ;       ;
;    IC                     ;       ; 3     ; 3.239       ; 72         ; 0.000 ; 3.239 ;
;    Cell                   ;       ; 4     ; 1.231       ; 28         ; 0.000 ; 0.548 ;
;  Required Path            ;       ;       ;             ;            ;       ;       ;
;   Clock                   ;       ;       ;             ;            ;       ;       ;
;    IC                     ;       ; 3     ; 2.961       ; 71         ; 0.000 ; 2.961 ;
;    Cell                   ;       ; 4     ; 1.194       ; 29         ; 0.000 ; 0.538 ;
+---------------------------+-------+-------+-------------+------------+-------+-------+
Note: Negative delays are omitted from totals when calculating percentages

+------------------------------------------------------------------------------------------------------------------------+
; Data Arrival Path                                                                                                      ;
+---------+---------+----+------+--------+--------------------+------------+---------------------------------------------+
; Total   ; Incr    ; RF ; Type ; Fanout ; Location           ; HS/LP      ; Element                                     ;
+---------+---------+----+------+--------+--------------------+------------+---------------------------------------------+
; 0.500   ; 0.500   ;    ;      ;        ;                    ;            ; launch edge time                            ;
; 0.500   ; 0.000   ;    ;      ;        ;                    ;            ; clock path                                  ;
;   0.500 ;   0.000 ; F  ;      ;        ;                    ;            ; clock network delay                         ;
;   0.500 ;   0.000 ;    ;      ; 1      ; PIN_AA7            ;            ; rst_i                                       ;
; 0.500   ; 0.000   ; F  ;      ; 1      ; PIN_AA7            ;            ; rst_i                                       ;
; 4.970   ; 4.470   ;    ;      ;        ;                    ;            ; data path                                   ;
;   0.500 ;   0.000 ; FF ; IC   ; 1      ; IOIBUF_X150_Y7_N47 ;            ; rst_i~input|i                               ;
;   1.004 ;   0.504 ; FF ; CELL ; 2      ; IOIBUF_X150_Y7_N47 ;            ; rst_i~input|o                               ;
;   1.183 ;   0.179 ; FF ; CELL ; 1      ; IOIBUF_X150_Y7_N47 ;            ; rst_i~input~io_48_lvds_tile_edge/ioclkin[3] ;
;   1.183 ;   0.000 ; FF ; IC   ; 2      ; CLKCTRL_3A_G_I22   ;            ; rst_i~inputCLKENA0|inclk                    ;
;   1.731 ;   0.548 ; FF ; CELL ; 276    ; CLKCTRL_3A_G_I22   ;            ; rst_i~inputCLKENA0|outclk                   ;
;   4.970 ;   3.239 ; FF ; IC   ; 1      ; FF_X144_Y65_N32    ; High Speed ; ts_parser_inst|s_cnt_tsp_byte[0]|clrn       ;
;   4.970 ;   0.000 ; FF ; CELL ; 1      ; FF_X144_Y65_N32    ; High Speed ; ts_parser_inst|s_cnt_tsp_byte[0]            ;
+---------+---------+----+------+--------+--------------------+------------+---------------------------------------------+

+-------------------------------------------------------------------------------------------------------------------------+
; Data Required Path                                                                                                      ;
+---------+---------+----+------+--------+---------------------+------------+---------------------------------------------+
; Total   ; Incr    ; RF ; Type ; Fanout ; Location            ; HS/LP      ; Element                                     ;
+---------+---------+----+------+--------+---------------------+------------+---------------------------------------------+
; 1.000   ; 1.000   ;    ;      ;        ;                     ;            ; latch edge time                             ;
; 5.155   ; 4.155   ;    ;      ;        ;                     ;            ; clock path                                  ;
;   1.000 ;   0.000 ;    ;      ;        ;                     ;            ; source latency                              ;
;   1.000 ;   0.000 ;    ;      ; 1      ; PIN_N5              ;            ; clk_i                                       ;
;   1.000 ;   0.000 ; RR ; IC   ; 1      ; IOIBUF_X150_Y60_N47 ;            ; clk_i~input|i                               ;
;   1.538 ;   0.538 ; RR ; CELL ; 1      ; IOIBUF_X150_Y60_N47 ;            ; clk_i~input|o                               ;
;   1.684 ;   0.146 ; RR ; CELL ; 1      ; IOIBUF_X150_Y60_N47 ;            ; clk_i~input~io_48_lvds_tile_edge/ioclkin[2] ;
;   1.684 ;   0.000 ; RR ; IC   ; 2      ; CLKCTRL_3C_G_I23    ;            ; clk_i~inputCLKENA0|inclk                    ;
;   2.194 ;   0.510 ; RR ; CELL ; 318    ; CLKCTRL_3C_G_I23    ;            ; clk_i~inputCLKENA0|outclk                   ;
;   5.155 ;   2.961 ; RR ; IC   ; 1      ; FF_X144_Y65_N32     ; High Speed ; ts_parser_inst|s_cnt_tsp_byte[0]|clk        ;
;   5.155 ;   0.000 ; RR ; CELL ; 1      ; FF_X144_Y65_N32     ; High Speed ; ts_parser_inst|s_cnt_tsp_byte[0]            ;
; 5.125   ; -0.030  ;    ;      ;        ;                     ;            ; clock uncertainty                           ;
; 4.983   ; -0.142  ;    ; uTsu ; 1      ; FF_X144_Y65_N32     ;            ; ts_parser_inst|s_cnt_tsp_byte[0]            ;
+---------+---------+----+------+--------+---------------------+------------+---------------------------------------------+

----------------------------
; Extra Fitter Information ;
----------------------------
HTML report is unavailable in plain text report export.



Path #5: Recovery slack is 0.014 
===============================================================================
+-------------------------------------------------------+
; Path Summary                                          ;
+--------------------+----------------------------------+
; Property           ; Value                            ;
+--------------------+----------------------------------+
; From Node          ; rst_i                            ;
; To Node            ; ts_parser_inst|s_cnt_tsp_byte[5] ;
; Launch Clock       ; rst_i (INVERTED)                 ;
; Latch Clock        ; clk_i                            ;
; Data Arrival Time  ; 4.970                            ;
; Data Required Time ; 4.984                            ;
; Slack              ; 0.014                            ;
+--------------------+----------------------------------+

+--------------------------------------------------------------------------------------+
; Statistics                                                                           ;
+---------------------------+-------+-------+-------------+------------+-------+-------+
; Property                  ; Value ; Count ; Total Delay ; % of Total ; Min   ; Max   ;
+---------------------------+-------+-------+-------------+------------+-------+-------+
; Recovery Relationship     ; 0.500 ;       ;             ;            ;       ;       ;
; Clock Skew                ; 4.155 ;       ;             ;            ;       ;       ;
; Data Delay                ; 4.470 ;       ;             ;            ;       ;       ;
; Number of Logic Levels    ;       ; 2     ;             ;            ;       ;       ;
; Physical Delays           ;       ;       ;             ;            ;       ;       ;
;  Arrival Path             ;       ;       ;             ;            ;       ;       ;
;   Clock                   ;       ;       ;             ;            ;       ;       ;
;    Clock Network (Lumped) ;       ; 1     ; 0.000       ;            ; 0.000 ; 0.000 ;
;   Data                    ;       ;       ;             ;            ;       ;       ;
;    IC                     ;       ; 3     ; 3.239       ; 72         ; 0.000 ; 3.239 ;
;    Cell                   ;       ; 4     ; 1.231       ; 28         ; 0.000 ; 0.548 ;
;  Required Path            ;       ;       ;             ;            ;       ;       ;
;   Clock                   ;       ;       ;             ;            ;       ;       ;
;    IC                     ;       ; 3     ; 2.961       ; 71         ; 0.000 ; 2.961 ;
;    Cell                   ;       ; 4     ; 1.194       ; 29         ; 0.000 ; 0.538 ;
+---------------------------+-------+-------+-------------+------------+-------+-------+
Note: Negative delays are omitted from totals when calculating percentages

+------------------------------------------------------------------------------------------------------------------------+
; Data Arrival Path                                                                                                      ;
+---------+---------+----+------+--------+--------------------+------------+---------------------------------------------+
; Total   ; Incr    ; RF ; Type ; Fanout ; Location           ; HS/LP      ; Element                                     ;
+---------+---------+----+------+--------+--------------------+------------+---------------------------------------------+
; 0.500   ; 0.500   ;    ;      ;        ;                    ;            ; launch edge time                            ;
; 0.500   ; 0.000   ;    ;      ;        ;                    ;            ; clock path                                  ;
;   0.500 ;   0.000 ; F  ;      ;        ;                    ;            ; clock network delay                         ;
;   0.500 ;   0.000 ;    ;      ; 1      ; PIN_AA7            ;            ; rst_i                                       ;
; 0.500   ; 0.000   ; F  ;      ; 1      ; PIN_AA7            ;            ; rst_i                                       ;
; 4.970   ; 4.470   ;    ;      ;        ;                    ;            ; data path                                   ;
;   0.500 ;   0.000 ; FF ; IC   ; 1      ; IOIBUF_X150_Y7_N47 ;            ; rst_i~input|i                               ;
;   1.004 ;   0.504 ; FF ; CELL ; 2      ; IOIBUF_X150_Y7_N47 ;            ; rst_i~input|o                               ;
;   1.183 ;   0.179 ; FF ; CELL ; 1      ; IOIBUF_X150_Y7_N47 ;            ; rst_i~input~io_48_lvds_tile_edge/ioclkin[3] ;
;   1.183 ;   0.000 ; FF ; IC   ; 2      ; CLKCTRL_3A_G_I22   ;            ; rst_i~inputCLKENA0|inclk                    ;
;   1.731 ;   0.548 ; FF ; CELL ; 276    ; CLKCTRL_3A_G_I22   ;            ; rst_i~inputCLKENA0|outclk                   ;
;   4.970 ;   3.239 ; FF ; IC   ; 1      ; FF_X144_Y65_N44    ; High Speed ; ts_parser_inst|s_cnt_tsp_byte[5]|clrn       ;
;   4.970 ;   0.000 ; FF ; CELL ; 1      ; FF_X144_Y65_N44    ; High Speed ; ts_parser_inst|s_cnt_tsp_byte[5]            ;
+---------+---------+----+------+--------+--------------------+------------+---------------------------------------------+

+-------------------------------------------------------------------------------------------------------------------------+
; Data Required Path                                                                                                      ;
+---------+---------+----+------+--------+---------------------+------------+---------------------------------------------+
; Total   ; Incr    ; RF ; Type ; Fanout ; Location            ; HS/LP      ; Element                                     ;
+---------+---------+----+------+--------+---------------------+------------+---------------------------------------------+
; 1.000   ; 1.000   ;    ;      ;        ;                     ;            ; latch edge time                             ;
; 5.155   ; 4.155   ;    ;      ;        ;                     ;            ; clock path                                  ;
;   1.000 ;   0.000 ;    ;      ;        ;                     ;            ; source latency                              ;
;   1.000 ;   0.000 ;    ;      ; 1      ; PIN_N5              ;            ; clk_i                                       ;
;   1.000 ;   0.000 ; RR ; IC   ; 1      ; IOIBUF_X150_Y60_N47 ;            ; clk_i~input|i                               ;
;   1.538 ;   0.538 ; RR ; CELL ; 1      ; IOIBUF_X150_Y60_N47 ;            ; clk_i~input|o                               ;
;   1.684 ;   0.146 ; RR ; CELL ; 1      ; IOIBUF_X150_Y60_N47 ;            ; clk_i~input~io_48_lvds_tile_edge/ioclkin[2] ;
;   1.684 ;   0.000 ; RR ; IC   ; 2      ; CLKCTRL_3C_G_I23    ;            ; clk_i~inputCLKENA0|inclk                    ;
;   2.194 ;   0.510 ; RR ; CELL ; 318    ; CLKCTRL_3C_G_I23    ;            ; clk_i~inputCLKENA0|outclk                   ;
;   5.155 ;   2.961 ; RR ; IC   ; 1      ; FF_X144_Y65_N44     ; High Speed ; ts_parser_inst|s_cnt_tsp_byte[5]|clk        ;
;   5.155 ;   0.000 ; RR ; CELL ; 1      ; FF_X144_Y65_N44     ; High Speed ; ts_parser_inst|s_cnt_tsp_byte[5]            ;
; 5.125   ; -0.030  ;    ;      ;        ;                     ;            ; clock uncertainty                           ;
; 4.984   ; -0.141  ;    ; uTsu ; 1      ; FF_X144_Y65_N44     ;            ; ts_parser_inst|s_cnt_tsp_byte[5]            ;
+---------+---------+----+------+--------+---------------------+------------+---------------------------------------------+

----------------------------
; Extra Fitter Information ;
----------------------------
HTML report is unavailable in plain text report export.



Path #6: Recovery slack is 0.015 
===============================================================================
+--------------------------------------------------+
; Path Summary                                     ;
+--------------------+-----------------------------+
; Property           ; Value                       ;
+--------------------+-----------------------------+
; From Node          ; rst_i                       ;
; To Node            ; ts_parser_inst|s_cc_next[3] ;
; Launch Clock       ; rst_i (INVERTED)            ;
; Latch Clock        ; clk_i                       ;
; Data Arrival Time  ; 4.970                       ;
; Data Required Time ; 4.985                       ;
; Slack              ; 0.015                       ;
+--------------------+-----------------------------+

+--------------------------------------------------------------------------------------+
; Statistics                                                                           ;
+---------------------------+-------+-------+-------------+------------+-------+-------+
; Property                  ; Value ; Count ; Total Delay ; % of Total ; Min   ; Max   ;
+---------------------------+-------+-------+-------------+------------+-------+-------+
; Recovery Relationship     ; 0.500 ;       ;             ;            ;       ;       ;
; Clock Skew                ; 4.155 ;       ;             ;            ;       ;       ;
; Data Delay                ; 4.470 ;       ;             ;            ;       ;       ;
; Number of Logic Levels    ;       ; 2     ;             ;            ;       ;       ;
; Physical Delays           ;       ;       ;             ;            ;       ;       ;
;  Arrival Path             ;       ;       ;             ;            ;       ;       ;
;   Clock                   ;       ;       ;             ;            ;       ;       ;
;    Clock Network (Lumped) ;       ; 1     ; 0.000       ;            ; 0.000 ; 0.000 ;
;   Data                    ;       ;       ;             ;            ;       ;       ;
;    IC                     ;       ; 3     ; 3.239       ; 72         ; 0.000 ; 3.239 ;
;    Cell                   ;       ; 4     ; 1.231       ; 28         ; 0.000 ; 0.548 ;
;  Required Path            ;       ;       ;             ;            ;       ;       ;
;   Clock                   ;       ;       ;             ;            ;       ;       ;
;    IC                     ;       ; 3     ; 2.961       ; 71         ; 0.000 ; 2.961 ;
;    Cell                   ;       ; 4     ; 1.194       ; 29         ; 0.000 ; 0.538 ;
+---------------------------+-------+-------+-------------+------------+-------+-------+
Note: Negative delays are omitted from totals when calculating percentages

+------------------------------------------------------------------------------------------------------------------------+
; Data Arrival Path                                                                                                      ;
+---------+---------+----+------+--------+--------------------+------------+---------------------------------------------+
; Total   ; Incr    ; RF ; Type ; Fanout ; Location           ; HS/LP      ; Element                                     ;
+---------+---------+----+------+--------+--------------------+------------+---------------------------------------------+
; 0.500   ; 0.500   ;    ;      ;        ;                    ;            ; launch edge time                            ;
; 0.500   ; 0.000   ;    ;      ;        ;                    ;            ; clock path                                  ;
;   0.500 ;   0.000 ; F  ;      ;        ;                    ;            ; clock network delay                         ;
;   0.500 ;   0.000 ;    ;      ; 1      ; PIN_AA7            ;            ; rst_i                                       ;
; 0.500   ; 0.000   ; F  ;      ; 1      ; PIN_AA7            ;            ; rst_i                                       ;
; 4.970   ; 4.470   ;    ;      ;        ;                    ;            ; data path                                   ;
;   0.500 ;   0.000 ; FF ; IC   ; 1      ; IOIBUF_X150_Y7_N47 ;            ; rst_i~input|i                               ;
;   1.004 ;   0.504 ; FF ; CELL ; 2      ; IOIBUF_X150_Y7_N47 ;            ; rst_i~input|o                               ;
;   1.183 ;   0.179 ; FF ; CELL ; 1      ; IOIBUF_X150_Y7_N47 ;            ; rst_i~input~io_48_lvds_tile_edge/ioclkin[3] ;
;   1.183 ;   0.000 ; FF ; IC   ; 2      ; CLKCTRL_3A_G_I22   ;            ; rst_i~inputCLKENA0|inclk                    ;
;   1.731 ;   0.548 ; FF ; CELL ; 276    ; CLKCTRL_3A_G_I22   ;            ; rst_i~inputCLKENA0|outclk                   ;
;   4.970 ;   3.239 ; FF ; IC   ; 1      ; FF_X145_Y65_N2     ; High Speed ; ts_parser_inst|s_cc_next[3]|clrn            ;
;   4.970 ;   0.000 ; FF ; CELL ; 1      ; FF_X145_Y65_N2     ; High Speed ; ts_parser_inst|s_cc_next[3]                 ;
+---------+---------+----+------+--------+--------------------+------------+---------------------------------------------+

+-------------------------------------------------------------------------------------------------------------------------+
; Data Required Path                                                                                                      ;
+---------+---------+----+------+--------+---------------------+------------+---------------------------------------------+
; Total   ; Incr    ; RF ; Type ; Fanout ; Location            ; HS/LP      ; Element                                     ;
+---------+---------+----+------+--------+---------------------+------------+---------------------------------------------+
; 1.000   ; 1.000   ;    ;      ;        ;                     ;            ; latch edge time                             ;
; 5.155   ; 4.155   ;    ;      ;        ;                     ;            ; clock path                                  ;
;   1.000 ;   0.000 ;    ;      ;        ;                     ;            ; source latency                              ;
;   1.000 ;   0.000 ;    ;      ; 1      ; PIN_N5              ;            ; clk_i                                       ;
;   1.000 ;   0.000 ; RR ; IC   ; 1      ; IOIBUF_X150_Y60_N47 ;            ; clk_i~input|i                               ;
;   1.538 ;   0.538 ; RR ; CELL ; 1      ; IOIBUF_X150_Y60_N47 ;            ; clk_i~input|o                               ;
;   1.684 ;   0.146 ; RR ; CELL ; 1      ; IOIBUF_X150_Y60_N47 ;            ; clk_i~input~io_48_lvds_tile_edge/ioclkin[2] ;
;   1.684 ;   0.000 ; RR ; IC   ; 2      ; CLKCTRL_3C_G_I23    ;            ; clk_i~inputCLKENA0|inclk                    ;
;   2.194 ;   0.510 ; RR ; CELL ; 318    ; CLKCTRL_3C_G_I23    ;            ; clk_i~inputCLKENA0|outclk                   ;
;   5.155 ;   2.961 ; RR ; IC   ; 1      ; FF_X145_Y65_N2      ; High Speed ; ts_parser_inst|s_cc_next[3]|clk             ;
;   5.155 ;   0.000 ; RR ; CELL ; 1      ; FF_X145_Y65_N2      ; High Speed ; ts_parser_inst|s_cc_next[3]                 ;
; 5.125   ; -0.030  ;    ;      ;        ;                     ;            ; clock uncertainty                           ;
; 4.985   ; -0.140  ;    ; uTsu ; 1      ; FF_X145_Y65_N2      ;            ; ts_parser_inst|s_cc_next[3]                 ;
+---------+---------+----+------+--------+---------------------+------------+---------------------------------------------+

----------------------------
; Extra Fitter Information ;
----------------------------
HTML report is unavailable in plain text report export.



Path #7: Recovery slack is 0.015 
===============================================================================
+-------------------------------------------------------+
; Path Summary                                          ;
+--------------------+----------------------------------+
; Property           ; Value                            ;
+--------------------+----------------------------------+
; From Node          ; rst_i                            ;
; To Node            ; ts_parser_inst|s_cnt_tsp_byte[4] ;
; Launch Clock       ; rst_i (INVERTED)                 ;
; Latch Clock        ; clk_i                            ;
; Data Arrival Time  ; 4.970                            ;
; Data Required Time ; 4.985                            ;
; Slack              ; 0.015                            ;
+--------------------+----------------------------------+

+--------------------------------------------------------------------------------------+
; Statistics                                                                           ;
+---------------------------+-------+-------+-------------+------------+-------+-------+
; Property                  ; Value ; Count ; Total Delay ; % of Total ; Min   ; Max   ;
+---------------------------+-------+-------+-------------+------------+-------+-------+
; Recovery Relationship     ; 0.500 ;       ;             ;            ;       ;       ;
; Clock Skew                ; 4.155 ;       ;             ;            ;       ;       ;
; Data Delay                ; 4.470 ;       ;             ;            ;       ;       ;
; Number of Logic Levels    ;       ; 2     ;             ;            ;       ;       ;
; Physical Delays           ;       ;       ;             ;            ;       ;       ;
;  Arrival Path             ;       ;       ;             ;            ;       ;       ;
;   Clock                   ;       ;       ;             ;            ;       ;       ;
;    Clock Network (Lumped) ;       ; 1     ; 0.000       ;            ; 0.000 ; 0.000 ;
;   Data                    ;       ;       ;             ;            ;       ;       ;
;    IC                     ;       ; 3     ; 3.239       ; 72         ; 0.000 ; 3.239 ;
;    Cell                   ;       ; 4     ; 1.231       ; 28         ; 0.000 ; 0.548 ;
;  Required Path            ;       ;       ;             ;            ;       ;       ;
;   Clock                   ;       ;       ;             ;            ;       ;       ;
;    IC                     ;       ; 3     ; 2.961       ; 71         ; 0.000 ; 2.961 ;
;    Cell                   ;       ; 4     ; 1.194       ; 29         ; 0.000 ; 0.538 ;
+---------------------------+-------+-------+-------------+------------+-------+-------+
Note: Negative delays are omitted from totals when calculating percentages

+------------------------------------------------------------------------------------------------------------------------+
; Data Arrival Path                                                                                                      ;
+---------+---------+----+------+--------+--------------------+------------+---------------------------------------------+
; Total   ; Incr    ; RF ; Type ; Fanout ; Location           ; HS/LP      ; Element                                     ;
+---------+---------+----+------+--------+--------------------+------------+---------------------------------------------+
; 0.500   ; 0.500   ;    ;      ;        ;                    ;            ; launch edge time                            ;
; 0.500   ; 0.000   ;    ;      ;        ;                    ;            ; clock path                                  ;
;   0.500 ;   0.000 ; F  ;      ;        ;                    ;            ; clock network delay                         ;
;   0.500 ;   0.000 ;    ;      ; 1      ; PIN_AA7            ;            ; rst_i                                       ;
; 0.500   ; 0.000   ; F  ;      ; 1      ; PIN_AA7            ;            ; rst_i                                       ;
; 4.970   ; 4.470   ;    ;      ;        ;                    ;            ; data path                                   ;
;   0.500 ;   0.000 ; FF ; IC   ; 1      ; IOIBUF_X150_Y7_N47 ;            ; rst_i~input|i                               ;
;   1.004 ;   0.504 ; FF ; CELL ; 2      ; IOIBUF_X150_Y7_N47 ;            ; rst_i~input|o                               ;
;   1.183 ;   0.179 ; FF ; CELL ; 1      ; IOIBUF_X150_Y7_N47 ;            ; rst_i~input~io_48_lvds_tile_edge/ioclkin[3] ;
;   1.183 ;   0.000 ; FF ; IC   ; 2      ; CLKCTRL_3A_G_I22   ;            ; rst_i~inputCLKENA0|inclk                    ;
;   1.731 ;   0.548 ; FF ; CELL ; 276    ; CLKCTRL_3A_G_I22   ;            ; rst_i~inputCLKENA0|outclk                   ;
;   4.970 ;   3.239 ; FF ; IC   ; 1      ; FF_X144_Y65_N56    ; High Speed ; ts_parser_inst|s_cnt_tsp_byte[4]|clrn       ;
;   4.970 ;   0.000 ; FF ; CELL ; 1      ; FF_X144_Y65_N56    ; High Speed ; ts_parser_inst|s_cnt_tsp_byte[4]            ;
+---------+---------+----+------+--------+--------------------+------------+---------------------------------------------+

+-------------------------------------------------------------------------------------------------------------------------+
; Data Required Path                                                                                                      ;
+---------+---------+----+------+--------+---------------------+------------+---------------------------------------------+
; Total   ; Incr    ; RF ; Type ; Fanout ; Location            ; HS/LP      ; Element                                     ;
+---------+---------+----+------+--------+---------------------+------------+---------------------------------------------+
; 1.000   ; 1.000   ;    ;      ;        ;                     ;            ; latch edge time                             ;
; 5.155   ; 4.155   ;    ;      ;        ;                     ;            ; clock path                                  ;
;   1.000 ;   0.000 ;    ;      ;        ;                     ;            ; source latency                              ;
;   1.000 ;   0.000 ;    ;      ; 1      ; PIN_N5              ;            ; clk_i                                       ;
;   1.000 ;   0.000 ; RR ; IC   ; 1      ; IOIBUF_X150_Y60_N47 ;            ; clk_i~input|i                               ;
;   1.538 ;   0.538 ; RR ; CELL ; 1      ; IOIBUF_X150_Y60_N47 ;            ; clk_i~input|o                               ;
;   1.684 ;   0.146 ; RR ; CELL ; 1      ; IOIBUF_X150_Y60_N47 ;            ; clk_i~input~io_48_lvds_tile_edge/ioclkin[2] ;
;   1.684 ;   0.000 ; RR ; IC   ; 2      ; CLKCTRL_3C_G_I23    ;            ; clk_i~inputCLKENA0|inclk                    ;
;   2.194 ;   0.510 ; RR ; CELL ; 318    ; CLKCTRL_3C_G_I23    ;            ; clk_i~inputCLKENA0|outclk                   ;
;   5.155 ;   2.961 ; RR ; IC   ; 1      ; FF_X144_Y65_N56     ; High Speed ; ts_parser_inst|s_cnt_tsp_byte[4]|clk        ;
;   5.155 ;   0.000 ; RR ; CELL ; 1      ; FF_X144_Y65_N56     ; High Speed ; ts_parser_inst|s_cnt_tsp_byte[4]            ;
; 5.125   ; -0.030  ;    ;      ;        ;                     ;            ; clock uncertainty                           ;
; 4.985   ; -0.140  ;    ; uTsu ; 1      ; FF_X144_Y65_N56     ;            ; ts_parser_inst|s_cnt_tsp_byte[4]            ;
+---------+---------+----+------+--------+---------------------+------------+---------------------------------------------+

----------------------------
; Extra Fitter Information ;
----------------------------
HTML report is unavailable in plain text report export.



Path #8: Recovery slack is 0.020 
===============================================================================
+----------------------------------------------------------------+
; Path Summary                                                   ;
+--------------------+-------------------------------------------+
; Property           ; Value                                     ;
+--------------------+-------------------------------------------+
; From Node          ; rst_i                                     ;
; To Node            ; ts_parser_inst|s_cnt_adaptation_length[4] ;
; Launch Clock       ; rst_i (INVERTED)                          ;
; Latch Clock        ; clk_i                                     ;
; Data Arrival Time  ; 4.970                                     ;
; Data Required Time ; 4.990                                     ;
; Slack              ; 0.020                                     ;
+--------------------+-------------------------------------------+

+--------------------------------------------------------------------------------------+
; Statistics                                                                           ;
+---------------------------+-------+-------+-------------+------------+-------+-------+
; Property                  ; Value ; Count ; Total Delay ; % of Total ; Min   ; Max   ;
+---------------------------+-------+-------+-------------+------------+-------+-------+
; Recovery Relationship     ; 0.500 ;       ;             ;            ;       ;       ;
; Clock Skew                ; 4.159 ;       ;             ;            ;       ;       ;
; Data Delay                ; 4.470 ;       ;             ;            ;       ;       ;
; Number of Logic Levels    ;       ; 2     ;             ;            ;       ;       ;
; Physical Delays           ;       ;       ;             ;            ;       ;       ;
;  Arrival Path             ;       ;       ;             ;            ;       ;       ;
;   Clock                   ;       ;       ;             ;            ;       ;       ;
;    Clock Network (Lumped) ;       ; 1     ; 0.000       ;            ; 0.000 ; 0.000 ;
;   Data                    ;       ;       ;             ;            ;       ;       ;
;    IC                     ;       ; 3     ; 3.239       ; 72         ; 0.000 ; 3.239 ;
;    Cell                   ;       ; 4     ; 1.231       ; 28         ; 0.000 ; 0.548 ;
;  Required Path            ;       ;       ;             ;            ;       ;       ;
;   Clock                   ;       ;       ;             ;            ;       ;       ;
;    IC                     ;       ; 3     ; 2.965       ; 71         ; 0.000 ; 2.965 ;
;    Cell                   ;       ; 4     ; 1.194       ; 29         ; 0.000 ; 0.538 ;
+---------------------------+-------+-------+-------------+------------+-------+-------+
Note: Negative delays are omitted from totals when calculating percentages

+---------------------------------------------------------------------------------------------------------------------------+
; Data Arrival Path                                                                                                         ;
+---------+---------+----+------+--------+--------------------+------------+------------------------------------------------+
; Total   ; Incr    ; RF ; Type ; Fanout ; Location           ; HS/LP      ; Element                                        ;
+---------+---------+----+------+--------+--------------------+------------+------------------------------------------------+
; 0.500   ; 0.500   ;    ;      ;        ;                    ;            ; launch edge time                               ;
; 0.500   ; 0.000   ;    ;      ;        ;                    ;            ; clock path                                     ;
;   0.500 ;   0.000 ; F  ;      ;        ;                    ;            ; clock network delay                            ;
;   0.500 ;   0.000 ;    ;      ; 1      ; PIN_AA7            ;            ; rst_i                                          ;
; 0.500   ; 0.000   ; F  ;      ; 1      ; PIN_AA7            ;            ; rst_i                                          ;
; 4.970   ; 4.470   ;    ;      ;        ;                    ;            ; data path                                      ;
;   0.500 ;   0.000 ; FF ; IC   ; 1      ; IOIBUF_X150_Y7_N47 ;            ; rst_i~input|i                                  ;
;   1.004 ;   0.504 ; FF ; CELL ; 2      ; IOIBUF_X150_Y7_N47 ;            ; rst_i~input|o                                  ;
;   1.183 ;   0.179 ; FF ; CELL ; 1      ; IOIBUF_X150_Y7_N47 ;            ; rst_i~input~io_48_lvds_tile_edge/ioclkin[3]    ;
;   1.183 ;   0.000 ; FF ; IC   ; 2      ; CLKCTRL_3A_G_I22   ;            ; rst_i~inputCLKENA0|inclk                       ;
;   1.731 ;   0.548 ; FF ; CELL ; 276    ; CLKCTRL_3A_G_I22   ;            ; rst_i~inputCLKENA0|outclk                      ;
;   4.970 ;   3.239 ; FF ; IC   ; 1      ; FF_X147_Y65_N44    ; High Speed ; ts_parser_inst|s_cnt_adaptation_length[4]|clrn ;
;   4.970 ;   0.000 ; FF ; CELL ; 1      ; FF_X147_Y65_N44    ; High Speed ; ts_parser_inst|s_cnt_adaptation_length[4]      ;
+---------+---------+----+------+--------+--------------------+------------+------------------------------------------------+

+---------------------------------------------------------------------------------------------------------------------------+
; Data Required Path                                                                                                        ;
+---------+---------+----+------+--------+---------------------+------------+-----------------------------------------------+
; Total   ; Incr    ; RF ; Type ; Fanout ; Location            ; HS/LP      ; Element                                       ;
+---------+---------+----+------+--------+---------------------+------------+-----------------------------------------------+
; 1.000   ; 1.000   ;    ;      ;        ;                     ;            ; latch edge time                               ;
; 5.159   ; 4.159   ;    ;      ;        ;                     ;            ; clock path                                    ;
;   1.000 ;   0.000 ;    ;      ;        ;                     ;            ; source latency                                ;
;   1.000 ;   0.000 ;    ;      ; 1      ; PIN_N5              ;            ; clk_i                                         ;
;   1.000 ;   0.000 ; RR ; IC   ; 1      ; IOIBUF_X150_Y60_N47 ;            ; clk_i~input|i                                 ;
;   1.538 ;   0.538 ; RR ; CELL ; 1      ; IOIBUF_X150_Y60_N47 ;            ; clk_i~input|o                                 ;
;   1.684 ;   0.146 ; RR ; CELL ; 1      ; IOIBUF_X150_Y60_N47 ;            ; clk_i~input~io_48_lvds_tile_edge/ioclkin[2]   ;
;   1.684 ;   0.000 ; RR ; IC   ; 2      ; CLKCTRL_3C_G_I23    ;            ; clk_i~inputCLKENA0|inclk                      ;
;   2.194 ;   0.510 ; RR ; CELL ; 318    ; CLKCTRL_3C_G_I23    ;            ; clk_i~inputCLKENA0|outclk                     ;
;   5.159 ;   2.965 ; RR ; IC   ; 1      ; FF_X147_Y65_N44     ; High Speed ; ts_parser_inst|s_cnt_adaptation_length[4]|clk ;
;   5.159 ;   0.000 ; RR ; CELL ; 1      ; FF_X147_Y65_N44     ; High Speed ; ts_parser_inst|s_cnt_adaptation_length[4]     ;
; 5.129   ; -0.030  ;    ;      ;        ;                     ;            ; clock uncertainty                             ;
; 4.990   ; -0.139  ;    ; uTsu ; 1      ; FF_X147_Y65_N44     ;            ; ts_parser_inst|s_cnt_adaptation_length[4]     ;
+---------+---------+----+------+--------+---------------------+------------+-----------------------------------------------+

----------------------------
; Extra Fitter Information ;
----------------------------
HTML report is unavailable in plain text report export.



Path #9: Recovery slack is 0.020 
===============================================================================
+----------------------------------------------------------------+
; Path Summary                                                   ;
+--------------------+-------------------------------------------+
; Property           ; Value                                     ;
+--------------------+-------------------------------------------+
; From Node          ; rst_i                                     ;
; To Node            ; ts_parser_inst|s_cnt_adaptation_length[6] ;
; Launch Clock       ; rst_i (INVERTED)                          ;
; Latch Clock        ; clk_i                                     ;
; Data Arrival Time  ; 4.970                                     ;
; Data Required Time ; 4.990                                     ;
; Slack              ; 0.020                                     ;
+--------------------+-------------------------------------------+

+--------------------------------------------------------------------------------------+
; Statistics                                                                           ;
+---------------------------+-------+-------+-------------+------------+-------+-------+
; Property                  ; Value ; Count ; Total Delay ; % of Total ; Min   ; Max   ;
+---------------------------+-------+-------+-------------+------------+-------+-------+
; Recovery Relationship     ; 0.500 ;       ;             ;            ;       ;       ;
; Clock Skew                ; 4.159 ;       ;             ;            ;       ;       ;
; Data Delay                ; 4.470 ;       ;             ;            ;       ;       ;
; Number of Logic Levels    ;       ; 2     ;             ;            ;       ;       ;
; Physical Delays           ;       ;       ;             ;            ;       ;       ;
;  Arrival Path             ;       ;       ;             ;            ;       ;       ;
;   Clock                   ;       ;       ;             ;            ;       ;       ;
;    Clock Network (Lumped) ;       ; 1     ; 0.000       ;            ; 0.000 ; 0.000 ;
;   Data                    ;       ;       ;             ;            ;       ;       ;
;    IC                     ;       ; 3     ; 3.239       ; 72         ; 0.000 ; 3.239 ;
;    Cell                   ;       ; 4     ; 1.231       ; 28         ; 0.000 ; 0.548 ;
;  Required Path            ;       ;       ;             ;            ;       ;       ;
;   Clock                   ;       ;       ;             ;            ;       ;       ;
;    IC                     ;       ; 3     ; 2.965       ; 71         ; 0.000 ; 2.965 ;
;    Cell                   ;       ; 4     ; 1.194       ; 29         ; 0.000 ; 0.538 ;
+---------------------------+-------+-------+-------------+------------+-------+-------+
Note: Negative delays are omitted from totals when calculating percentages

+---------------------------------------------------------------------------------------------------------------------------+
; Data Arrival Path                                                                                                         ;
+---------+---------+----+------+--------+--------------------+------------+------------------------------------------------+
; Total   ; Incr    ; RF ; Type ; Fanout ; Location           ; HS/LP      ; Element                                        ;
+---------+---------+----+------+--------+--------------------+------------+------------------------------------------------+
; 0.500   ; 0.500   ;    ;      ;        ;                    ;            ; launch edge time                               ;
; 0.500   ; 0.000   ;    ;      ;        ;                    ;            ; clock path                                     ;
;   0.500 ;   0.000 ; F  ;      ;        ;                    ;            ; clock network delay                            ;
;   0.500 ;   0.000 ;    ;      ; 1      ; PIN_AA7            ;            ; rst_i                                          ;
; 0.500   ; 0.000   ; F  ;      ; 1      ; PIN_AA7            ;            ; rst_i                                          ;
; 4.970   ; 4.470   ;    ;      ;        ;                    ;            ; data path                                      ;
;   0.500 ;   0.000 ; FF ; IC   ; 1      ; IOIBUF_X150_Y7_N47 ;            ; rst_i~input|i                                  ;
;   1.004 ;   0.504 ; FF ; CELL ; 2      ; IOIBUF_X150_Y7_N47 ;            ; rst_i~input|o                                  ;
;   1.183 ;   0.179 ; FF ; CELL ; 1      ; IOIBUF_X150_Y7_N47 ;            ; rst_i~input~io_48_lvds_tile_edge/ioclkin[3]    ;
;   1.183 ;   0.000 ; FF ; IC   ; 2      ; CLKCTRL_3A_G_I22   ;            ; rst_i~inputCLKENA0|inclk                       ;
;   1.731 ;   0.548 ; FF ; CELL ; 276    ; CLKCTRL_3A_G_I22   ;            ; rst_i~inputCLKENA0|outclk                      ;
;   4.970 ;   3.239 ; FF ; IC   ; 1      ; FF_X147_Y65_N50    ; High Speed ; ts_parser_inst|s_cnt_adaptation_length[6]|clrn ;
;   4.970 ;   0.000 ; FF ; CELL ; 1      ; FF_X147_Y65_N50    ; High Speed ; ts_parser_inst|s_cnt_adaptation_length[6]      ;
+---------+---------+----+------+--------+--------------------+------------+------------------------------------------------+

+---------------------------------------------------------------------------------------------------------------------------+
; Data Required Path                                                                                                        ;
+---------+---------+----+------+--------+---------------------+------------+-----------------------------------------------+
; Total   ; Incr    ; RF ; Type ; Fanout ; Location            ; HS/LP      ; Element                                       ;
+---------+---------+----+------+--------+---------------------+------------+-----------------------------------------------+
; 1.000   ; 1.000   ;    ;      ;        ;                     ;            ; latch edge time                               ;
; 5.159   ; 4.159   ;    ;      ;        ;                     ;            ; clock path                                    ;
;   1.000 ;   0.000 ;    ;      ;        ;                     ;            ; source latency                                ;
;   1.000 ;   0.000 ;    ;      ; 1      ; PIN_N5              ;            ; clk_i                                         ;
;   1.000 ;   0.000 ; RR ; IC   ; 1      ; IOIBUF_X150_Y60_N47 ;            ; clk_i~input|i                                 ;
;   1.538 ;   0.538 ; RR ; CELL ; 1      ; IOIBUF_X150_Y60_N47 ;            ; clk_i~input|o                                 ;
;   1.684 ;   0.146 ; RR ; CELL ; 1      ; IOIBUF_X150_Y60_N47 ;            ; clk_i~input~io_48_lvds_tile_edge/ioclkin[2]   ;
;   1.684 ;   0.000 ; RR ; IC   ; 2      ; CLKCTRL_3C_G_I23    ;            ; clk_i~inputCLKENA0|inclk                      ;
;   2.194 ;   0.510 ; RR ; CELL ; 318    ; CLKCTRL_3C_G_I23    ;            ; clk_i~inputCLKENA0|outclk                     ;
;   5.159 ;   2.965 ; RR ; IC   ; 1      ; FF_X147_Y65_N50     ; High Speed ; ts_parser_inst|s_cnt_adaptation_length[6]|clk ;
;   5.159 ;   0.000 ; RR ; CELL ; 1      ; FF_X147_Y65_N50     ; High Speed ; ts_parser_inst|s_cnt_adaptation_length[6]     ;
; 5.129   ; -0.030  ;    ;      ;        ;                     ;            ; clock uncertainty                             ;
; 4.990   ; -0.139  ;    ; uTsu ; 1      ; FF_X147_Y65_N50     ;            ; ts_parser_inst|s_cnt_adaptation_length[6]     ;
+---------+---------+----+------+--------+---------------------+------------+-----------------------------------------------+

----------------------------
; Extra Fitter Information ;
----------------------------
HTML report is unavailable in plain text report export.



Path #10: Recovery slack is 0.029 
===============================================================================
+----------------------------------------------------------------+
; Path Summary                                                   ;
+--------------------+-------------------------------------------+
; Property           ; Value                                     ;
+--------------------+-------------------------------------------+
; From Node          ; rst_i                                     ;
; To Node            ; ts_parser_inst|s_cnt_adaptation_length[7] ;
; Launch Clock       ; rst_i (INVERTED)                          ;
; Latch Clock        ; clk_i                                     ;
; Data Arrival Time  ; 4.970                                     ;
; Data Required Time ; 4.999                                     ;
; Slack              ; 0.029                                     ;
+--------------------+-------------------------------------------+

+--------------------------------------------------------------------------------------+
; Statistics                                                                           ;
+---------------------------+-------+-------+-------------+------------+-------+-------+
; Property                  ; Value ; Count ; Total Delay ; % of Total ; Min   ; Max   ;
+---------------------------+-------+-------+-------------+------------+-------+-------+
; Recovery Relationship     ; 0.500 ;       ;             ;            ;       ;       ;
; Clock Skew                ; 4.159 ;       ;             ;            ;       ;       ;
; Data Delay                ; 4.470 ;       ;             ;            ;       ;       ;
; Number of Logic Levels    ;       ; 2     ;             ;            ;       ;       ;
; Physical Delays           ;       ;       ;             ;            ;       ;       ;
;  Arrival Path             ;       ;       ;             ;            ;       ;       ;
;   Clock                   ;       ;       ;             ;            ;       ;       ;
;    Clock Network (Lumped) ;       ; 1     ; 0.000       ;            ; 0.000 ; 0.000 ;
;   Data                    ;       ;       ;             ;            ;       ;       ;
;    IC                     ;       ; 3     ; 3.239       ; 72         ; 0.000 ; 3.239 ;
;    Cell                   ;       ; 4     ; 1.231       ; 28         ; 0.000 ; 0.548 ;
;  Required Path            ;       ;       ;             ;            ;       ;       ;
;   Clock                   ;       ;       ;             ;            ;       ;       ;
;    IC                     ;       ; 3     ; 2.965       ; 71         ; 0.000 ; 2.965 ;
;    Cell                   ;       ; 4     ; 1.194       ; 29         ; 0.000 ; 0.538 ;
+---------------------------+-------+-------+-------------+------------+-------+-------+
Note: Negative delays are omitted from totals when calculating percentages

+---------------------------------------------------------------------------------------------------------------------------+
; Data Arrival Path                                                                                                         ;
+---------+---------+----+------+--------+--------------------+------------+------------------------------------------------+
; Total   ; Incr    ; RF ; Type ; Fanout ; Location           ; HS/LP      ; Element                                        ;
+---------+---------+----+------+--------+--------------------+------------+------------------------------------------------+
; 0.500   ; 0.500   ;    ;      ;        ;                    ;            ; launch edge time                               ;
; 0.500   ; 0.000   ;    ;      ;        ;                    ;            ; clock path                                     ;
;   0.500 ;   0.000 ; F  ;      ;        ;                    ;            ; clock network delay                            ;
;   0.500 ;   0.000 ;    ;      ; 1      ; PIN_AA7            ;            ; rst_i                                          ;
; 0.500   ; 0.000   ; F  ;      ; 1      ; PIN_AA7            ;            ; rst_i                                          ;
; 4.970   ; 4.470   ;    ;      ;        ;                    ;            ; data path                                      ;
;   0.500 ;   0.000 ; FF ; IC   ; 1      ; IOIBUF_X150_Y7_N47 ;            ; rst_i~input|i                                  ;
;   1.004 ;   0.504 ; FF ; CELL ; 2      ; IOIBUF_X150_Y7_N47 ;            ; rst_i~input|o                                  ;
;   1.183 ;   0.179 ; FF ; CELL ; 1      ; IOIBUF_X150_Y7_N47 ;            ; rst_i~input~io_48_lvds_tile_edge/ioclkin[3]    ;
;   1.183 ;   0.000 ; FF ; IC   ; 2      ; CLKCTRL_3A_G_I22   ;            ; rst_i~inputCLKENA0|inclk                       ;
;   1.731 ;   0.548 ; FF ; CELL ; 276    ; CLKCTRL_3A_G_I22   ;            ; rst_i~inputCLKENA0|outclk                      ;
;   4.970 ;   3.239 ; FF ; IC   ; 1      ; FF_X147_Y65_N53    ; High Speed ; ts_parser_inst|s_cnt_adaptation_length[7]|clrn ;
;   4.970 ;   0.000 ; FF ; CELL ; 1      ; FF_X147_Y65_N53    ; High Speed ; ts_parser_inst|s_cnt_adaptation_length[7]      ;
+---------+---------+----+------+--------+--------------------+------------+------------------------------------------------+

+---------------------------------------------------------------------------------------------------------------------------+
; Data Required Path                                                                                                        ;
+---------+---------+----+------+--------+---------------------+------------+-----------------------------------------------+
; Total   ; Incr    ; RF ; Type ; Fanout ; Location            ; HS/LP      ; Element                                       ;
+---------+---------+----+------+--------+---------------------+------------+-----------------------------------------------+
; 1.000   ; 1.000   ;    ;      ;        ;                     ;            ; latch edge time                               ;
; 5.159   ; 4.159   ;    ;      ;        ;                     ;            ; clock path                                    ;
;   1.000 ;   0.000 ;    ;      ;        ;                     ;            ; source latency                                ;
;   1.000 ;   0.000 ;    ;      ; 1      ; PIN_N5              ;            ; clk_i                                         ;
;   1.000 ;   0.000 ; RR ; IC   ; 1      ; IOIBUF_X150_Y60_N47 ;            ; clk_i~input|i                                 ;
;   1.538 ;   0.538 ; RR ; CELL ; 1      ; IOIBUF_X150_Y60_N47 ;            ; clk_i~input|o                                 ;
;   1.684 ;   0.146 ; RR ; CELL ; 1      ; IOIBUF_X150_Y60_N47 ;            ; clk_i~input~io_48_lvds_tile_edge/ioclkin[2]   ;
;   1.684 ;   0.000 ; RR ; IC   ; 2      ; CLKCTRL_3C_G_I23    ;            ; clk_i~inputCLKENA0|inclk                      ;
;   2.194 ;   0.510 ; RR ; CELL ; 318    ; CLKCTRL_3C_G_I23    ;            ; clk_i~inputCLKENA0|outclk                     ;
;   5.159 ;   2.965 ; RR ; IC   ; 1      ; FF_X147_Y65_N53     ; High Speed ; ts_parser_inst|s_cnt_adaptation_length[7]|clk ;
;   5.159 ;   0.000 ; RR ; CELL ; 1      ; FF_X147_Y65_N53     ; High Speed ; ts_parser_inst|s_cnt_adaptation_length[7]     ;
; 5.129   ; -0.030  ;    ;      ;        ;                     ;            ; clock uncertainty                             ;
; 4.999   ; -0.130  ;    ; uTsu ; 1      ; FF_X147_Y65_N53     ;            ; ts_parser_inst|s_cnt_adaptation_length[7]     ;
+---------+---------+----+------+--------+---------------------+------------+-----------------------------------------------+

----------------------------
; Extra Fitter Information ;
----------------------------
HTML report is unavailable in plain text report export.



----------------
; Command Info ;
----------------
Report Timing: Found 10 removal paths (10 violated).  Worst case slack is -0.072 

Tcl Command:
    report_timing -removal -panel_name {Worst-Case Timing Paths||clk_i||Removal} -to_clock [get_clocks {clk_i}] -npaths 10 -detail full_path

Options:
    -to_clock [get_clocks {clk_i}] 
    -removal 
    -npaths 10 
    -detail full_path 
    -panel_name {Removal} 

Snapshot:
    final

Delay Models:
    Slow 900mV 100C Model
    Slow 900mV 0C Model
    Fast 900mV 100C Model
    Fast 900mV 0C Model


+---------------------------------------------------------------------------------------------------------------------------------------------------------------------------------+
; Summary of Paths                                                                                                                                                                ;
+--------+-----------+------------------------------------------------------------+------------------+-------------+--------------+------------+------------+---------------------+
; Slack  ; From Node ; To Node                                                    ; Launch Clock     ; Latch Clock ; Relationship ; Clock Skew ; Data Delay ; Worst-Case Corner   ;
+--------+-----------+------------------------------------------------------------+------------------+-------------+--------------+------------+------------+---------------------+
; -0.072 ; rst_i     ; t2mi_parser_inst|s_state_ram_rd.null_pck_pid_h             ; rst_i (INVERTED) ; clk_i       ; -0.500       ; 4.684      ; 4.237      ; Slow 900mV 0C Model ;
; -0.071 ; rst_i     ; t2mi_parser_inst|s_cnt_rd_pck[6]                           ; rst_i (INVERTED) ; clk_i       ; -0.500       ; 4.684      ; 4.237      ; Slow 900mV 0C Model ;
; -0.071 ; rst_i     ; t2mi_parser_inst|s_state_ram_rd.sync                       ; rst_i (INVERTED) ; clk_i       ; -0.500       ; 4.684      ; 4.237      ; Slow 900mV 0C Model ;
; -0.070 ; rst_i     ; t2mi_parser_inst|s_state_ram_rd.null_pck_pid_l             ; rst_i (INVERTED) ; clk_i       ; -0.500       ; 4.684      ; 4.237      ; Slow 900mV 0C Model ;
; -0.070 ; rst_i     ; t2mi_parser_inst|s_cnt_rd_pck[0]                           ; rst_i (INVERTED) ; clk_i       ; -0.500       ; 4.684      ; 4.237      ; Slow 900mV 0C Model ;
; -0.067 ; rst_i     ; t2mi_parser_inst|s_ram_wraddress[5]                        ; rst_i (INVERTED) ; clk_i       ; -0.500       ; 4.681      ; 4.239      ; Slow 900mV 0C Model ;
; -0.067 ; rst_i     ; t2mi_parser_inst|s_state_ram_rd.null_pck_payload~DUPLICATE ; rst_i (INVERTED) ; clk_i       ; -0.500       ; 4.684      ; 4.237      ; Slow 900mV 0C Model ;
; -0.067 ; rst_i     ; t2mi_parser_inst|s_cnt_rd_pck[2]                           ; rst_i (INVERTED) ; clk_i       ; -0.500       ; 4.684      ; 4.237      ; Slow 900mV 0C Model ;
; -0.066 ; rst_i     ; t2mi_parser_inst|s_ram_wraddress[9]                        ; rst_i (INVERTED) ; clk_i       ; -0.500       ; 4.681      ; 4.240      ; Slow 900mV 0C Model ;
; -0.066 ; rst_i     ; t2mi_parser_inst|s_cnt_rd_pck[3]                           ; rst_i (INVERTED) ; clk_i       ; -0.500       ; 4.684      ; 4.237      ; Slow 900mV 0C Model ;
+--------+-----------+------------------------------------------------------------+------------------+-------------+--------------+------------+------------+---------------------+


Path #1: Removal slack is -0.072 (VIOLATED)
===============================================================================
+---------------------------------------------------------------------+
; Path Summary                                                        ;
+--------------------+------------------------------------------------+
; Property           ; Value                                          ;
+--------------------+------------------------------------------------+
; From Node          ; rst_i                                          ;
; To Node            ; t2mi_parser_inst|s_state_ram_rd.null_pck_pid_h ;
; Launch Clock       ; rst_i (INVERTED)                               ;
; Latch Clock        ; clk_i                                          ;
; Data Arrival Time  ; 4.737                                          ;
; Data Required Time ; 4.809                                          ;
; Slack              ; -0.072 (VIOLATED)                              ;
+--------------------+------------------------------------------------+

+---------------------------------------------------------------------------------------+
; Statistics                                                                            ;
+---------------------------+--------+-------+-------------+------------+-------+-------+
; Property                  ; Value  ; Count ; Total Delay ; % of Total ; Min   ; Max   ;
+---------------------------+--------+-------+-------------+------------+-------+-------+
; Removal Relationship      ; -0.500 ;       ;             ;            ;       ;       ;
; Clock Skew                ; 4.684  ;       ;             ;            ;       ;       ;
; Data Delay                ; 4.237  ;       ;             ;            ;       ;       ;
; Number of Logic Levels    ;        ; 2     ;             ;            ;       ;       ;
; Physical Delays           ;        ;       ;             ;            ;       ;       ;
;  Arrival Path             ;        ;       ;             ;            ;       ;       ;
;   Clock                   ;        ;       ;             ;            ;       ;       ;
;    Clock Network (Lumped) ;        ; 1     ; 0.000       ;            ; 0.000 ; 0.000 ;
;   Data                    ;        ;       ;             ;            ;       ;       ;
;    IC                     ;        ; 3     ; 3.013       ; 71         ; 0.000 ; 3.013 ;
;    Cell                   ;        ; 4     ; 1.224       ; 29         ; 0.000 ; 0.533 ;
;  Required Path            ;        ;       ;             ;            ;       ;       ;
;   Clock                   ;        ;       ;             ;            ;       ;       ;
;    IC                     ;        ; 3     ; 3.226       ; 69         ; 0.000 ; 3.226 ;
;    Cell                   ;        ; 4     ; 1.458       ; 31         ; 0.000 ; 0.657 ;
+---------------------------+--------+-------+-------------+------------+-------+-------+
Note: Negative delays are omitted from totals when calculating percentages

+--------------------------------------------------------------------------------------------------------------------------------+
; Data Arrival Path                                                                                                              ;
+---------+---------+----+------+--------+--------------------+------------+-----------------------------------------------------+
; Total   ; Incr    ; RF ; Type ; Fanout ; Location           ; HS/LP      ; Element                                             ;
+---------+---------+----+------+--------+--------------------+------------+-----------------------------------------------------+
; 0.500   ; 0.500   ;    ;      ;        ;                    ;            ; launch edge time                                    ;
; 0.500   ; 0.000   ;    ;      ;        ;                    ;            ; clock path                                          ;
;   0.500 ;   0.000 ; F  ;      ;        ;                    ;            ; clock network delay                                 ;
;   0.500 ;   0.000 ;    ;      ; 1      ; PIN_AA7            ;            ; rst_i                                               ;
; 0.500   ; 0.000   ; F  ;      ; 1      ; PIN_AA7            ;            ; rst_i                                               ;
; 4.737   ; 4.237   ;    ;      ;        ;                    ;            ; data path                                           ;
;   0.500 ;   0.000 ; FF ; IC   ; 1      ; IOIBUF_X150_Y7_N47 ;            ; rst_i~input|i                                       ;
;   1.026 ;   0.526 ; FF ; CELL ; 2      ; IOIBUF_X150_Y7_N47 ;            ; rst_i~input|o                                       ;
;   1.191 ;   0.165 ; FF ; CELL ; 1      ; IOIBUF_X150_Y7_N47 ;            ; rst_i~input~io_48_lvds_tile_edge/ioclkin[3]         ;
;   1.191 ;   0.000 ; FF ; IC   ; 2      ; CLKCTRL_3A_G_I22   ;            ; rst_i~inputCLKENA0|inclk                            ;
;   1.724 ;   0.533 ; FF ; CELL ; 276    ; CLKCTRL_3A_G_I22   ;            ; rst_i~inputCLKENA0|outclk                           ;
;   4.737 ;   3.013 ; FF ; IC   ; 1      ; FF_X143_Y74_N50    ; High Speed ; t2mi_parser_inst|s_state_ram_rd.null_pck_pid_h|clrn ;
;   4.737 ;   0.000 ; FF ; CELL ; 1      ; FF_X143_Y74_N50    ; High Speed ; t2mi_parser_inst|s_state_ram_rd.null_pck_pid_h      ;
+---------+---------+----+------+--------+--------------------+------------+-----------------------------------------------------+

+--------------------------------------------------------------------------------------------------------------------------------+
; Data Required Path                                                                                                             ;
+---------+---------+----+------+--------+---------------------+------------+----------------------------------------------------+
; Total   ; Incr    ; RF ; Type ; Fanout ; Location            ; HS/LP      ; Element                                            ;
+---------+---------+----+------+--------+---------------------+------------+----------------------------------------------------+
; 0.000   ; 0.000   ;    ;      ;        ;                     ;            ; latch edge time                                    ;
; 4.684   ; 4.684   ;    ;      ;        ;                     ;            ; clock path                                         ;
;   0.000 ;   0.000 ;    ;      ;        ;                     ;            ; source latency                                     ;
;   0.000 ;   0.000 ;    ;      ; 1      ; PIN_N5              ;            ; clk_i                                              ;
;   0.000 ;   0.000 ; RR ; IC   ; 1      ; IOIBUF_X150_Y60_N47 ;            ; clk_i~input|i                                      ;
;   0.608 ;   0.608 ; RR ; CELL ; 1      ; IOIBUF_X150_Y60_N47 ;            ; clk_i~input|o                                      ;
;   0.801 ;   0.193 ; RR ; CELL ; 1      ; IOIBUF_X150_Y60_N47 ;            ; clk_i~input~io_48_lvds_tile_edge/ioclkin[2]        ;
;   0.801 ;   0.000 ; RR ; IC   ; 2      ; CLKCTRL_3C_G_I23    ;            ; clk_i~inputCLKENA0|inclk                           ;
;   1.458 ;   0.657 ; RR ; CELL ; 318    ; CLKCTRL_3C_G_I23    ;            ; clk_i~inputCLKENA0|outclk                          ;
;   4.684 ;   3.226 ; RR ; IC   ; 1      ; FF_X143_Y74_N50     ; High Speed ; t2mi_parser_inst|s_state_ram_rd.null_pck_pid_h|clk ;
;   4.684 ;   0.000 ; RR ; CELL ; 1      ; FF_X143_Y74_N50     ; High Speed ; t2mi_parser_inst|s_state_ram_rd.null_pck_pid_h     ;
; 4.714   ; 0.030   ;    ;      ;        ;                     ;            ; clock uncertainty                                  ;
; 4.809   ; 0.095   ;    ; uTh  ; 1      ; FF_X143_Y74_N50     ;            ; t2mi_parser_inst|s_state_ram_rd.null_pck_pid_h     ;
+---------+---------+----+------+--------+---------------------+------------+----------------------------------------------------+

----------------------------
; Extra Fitter Information ;
----------------------------
HTML report is unavailable in plain text report export.



Path #2: Removal slack is -0.071 (VIOLATED)
===============================================================================
+-------------------------------------------------------+
; Path Summary                                          ;
+--------------------+----------------------------------+
; Property           ; Value                            ;
+--------------------+----------------------------------+
; From Node          ; rst_i                            ;
; To Node            ; t2mi_parser_inst|s_cnt_rd_pck[6] ;
; Launch Clock       ; rst_i (INVERTED)                 ;
; Latch Clock        ; clk_i                            ;
; Data Arrival Time  ; 4.737                            ;
; Data Required Time ; 4.808                            ;
; Slack              ; -0.071 (VIOLATED)                ;
+--------------------+----------------------------------+

+---------------------------------------------------------------------------------------+
; Statistics                                                                            ;
+---------------------------+--------+-------+-------------+------------+-------+-------+
; Property                  ; Value  ; Count ; Total Delay ; % of Total ; Min   ; Max   ;
+---------------------------+--------+-------+-------------+------------+-------+-------+
; Removal Relationship      ; -0.500 ;       ;             ;            ;       ;       ;
; Clock Skew                ; 4.684  ;       ;             ;            ;       ;       ;
; Data Delay                ; 4.237  ;       ;             ;            ;       ;       ;
; Number of Logic Levels    ;        ; 2     ;             ;            ;       ;       ;
; Physical Delays           ;        ;       ;             ;            ;       ;       ;
;  Arrival Path             ;        ;       ;             ;            ;       ;       ;
;   Clock                   ;        ;       ;             ;            ;       ;       ;
;    Clock Network (Lumped) ;        ; 1     ; 0.000       ;            ; 0.000 ; 0.000 ;
;   Data                    ;        ;       ;             ;            ;       ;       ;
;    IC                     ;        ; 3     ; 3.013       ; 71         ; 0.000 ; 3.013 ;
;    Cell                   ;        ; 4     ; 1.224       ; 29         ; 0.000 ; 0.533 ;
;  Required Path            ;        ;       ;             ;            ;       ;       ;
;   Clock                   ;        ;       ;             ;            ;       ;       ;
;    IC                     ;        ; 3     ; 3.226       ; 69         ; 0.000 ; 3.226 ;
;    Cell                   ;        ; 4     ; 1.458       ; 31         ; 0.000 ; 0.657 ;
+---------------------------+--------+-------+-------------+------------+-------+-------+
Note: Negative delays are omitted from totals when calculating percentages

+------------------------------------------------------------------------------------------------------------------------+
; Data Arrival Path                                                                                                      ;
+---------+---------+----+------+--------+--------------------+------------+---------------------------------------------+
; Total   ; Incr    ; RF ; Type ; Fanout ; Location           ; HS/LP      ; Element                                     ;
+---------+---------+----+------+--------+--------------------+------------+---------------------------------------------+
; 0.500   ; 0.500   ;    ;      ;        ;                    ;            ; launch edge time                            ;
; 0.500   ; 0.000   ;    ;      ;        ;                    ;            ; clock path                                  ;
;   0.500 ;   0.000 ; F  ;      ;        ;                    ;            ; clock network delay                         ;
;   0.500 ;   0.000 ;    ;      ; 1      ; PIN_AA7            ;            ; rst_i                                       ;
; 0.500   ; 0.000   ; F  ;      ; 1      ; PIN_AA7            ;            ; rst_i                                       ;
; 4.737   ; 4.237   ;    ;      ;        ;                    ;            ; data path                                   ;
;   0.500 ;   0.000 ; FF ; IC   ; 1      ; IOIBUF_X150_Y7_N47 ;            ; rst_i~input|i                               ;
;   1.026 ;   0.526 ; FF ; CELL ; 2      ; IOIBUF_X150_Y7_N47 ;            ; rst_i~input|o                               ;
;   1.191 ;   0.165 ; FF ; CELL ; 1      ; IOIBUF_X150_Y7_N47 ;            ; rst_i~input~io_48_lvds_tile_edge/ioclkin[3] ;
;   1.191 ;   0.000 ; FF ; IC   ; 2      ; CLKCTRL_3A_G_I22   ;            ; rst_i~inputCLKENA0|inclk                    ;
;   1.724 ;   0.533 ; FF ; CELL ; 276    ; CLKCTRL_3A_G_I22   ;            ; rst_i~inputCLKENA0|outclk                   ;
;   4.737 ;   3.013 ; FF ; IC   ; 1      ; FF_X143_Y75_N35    ; High Speed ; t2mi_parser_inst|s_cnt_rd_pck[6]|clrn       ;
;   4.737 ;   0.000 ; FF ; CELL ; 1      ; FF_X143_Y75_N35    ; High Speed ; t2mi_parser_inst|s_cnt_rd_pck[6]            ;
+---------+---------+----+------+--------+--------------------+------------+---------------------------------------------+

+-------------------------------------------------------------------------------------------------------------------------+
; Data Required Path                                                                                                      ;
+---------+---------+----+------+--------+---------------------+------------+---------------------------------------------+
; Total   ; Incr    ; RF ; Type ; Fanout ; Location            ; HS/LP      ; Element                                     ;
+---------+---------+----+------+--------+---------------------+------------+---------------------------------------------+
; 0.000   ; 0.000   ;    ;      ;        ;                     ;            ; latch edge time                             ;
; 4.684   ; 4.684   ;    ;      ;        ;                     ;            ; clock path                                  ;
;   0.000 ;   0.000 ;    ;      ;        ;                     ;            ; source latency                              ;
;   0.000 ;   0.000 ;    ;      ; 1      ; PIN_N5              ;            ; clk_i                                       ;
;   0.000 ;   0.000 ; RR ; IC   ; 1      ; IOIBUF_X150_Y60_N47 ;            ; clk_i~input|i                               ;
;   0.608 ;   0.608 ; RR ; CELL ; 1      ; IOIBUF_X150_Y60_N47 ;            ; clk_i~input|o                               ;
;   0.801 ;   0.193 ; RR ; CELL ; 1      ; IOIBUF_X150_Y60_N47 ;            ; clk_i~input~io_48_lvds_tile_edge/ioclkin[2] ;
;   0.801 ;   0.000 ; RR ; IC   ; 2      ; CLKCTRL_3C_G_I23    ;            ; clk_i~inputCLKENA0|inclk                    ;
;   1.458 ;   0.657 ; RR ; CELL ; 318    ; CLKCTRL_3C_G_I23    ;            ; clk_i~inputCLKENA0|outclk                   ;
;   4.684 ;   3.226 ; RR ; IC   ; 1      ; FF_X143_Y75_N35     ; High Speed ; t2mi_parser_inst|s_cnt_rd_pck[6]|clk        ;
;   4.684 ;   0.000 ; RR ; CELL ; 1      ; FF_X143_Y75_N35     ; High Speed ; t2mi_parser_inst|s_cnt_rd_pck[6]            ;
; 4.714   ; 0.030   ;    ;      ;        ;                     ;            ; clock uncertainty                           ;
; 4.808   ; 0.094   ;    ; uTh  ; 1      ; FF_X143_Y75_N35     ;            ; t2mi_parser_inst|s_cnt_rd_pck[6]            ;
+---------+---------+----+------+--------+---------------------+------------+---------------------------------------------+

----------------------------
; Extra Fitter Information ;
----------------------------
HTML report is unavailable in plain text report export.



Path #3: Removal slack is -0.071 (VIOLATED)
===============================================================================
+-----------------------------------------------------------+
; Path Summary                                              ;
+--------------------+--------------------------------------+
; Property           ; Value                                ;
+--------------------+--------------------------------------+
; From Node          ; rst_i                                ;
; To Node            ; t2mi_parser_inst|s_state_ram_rd.sync ;
; Launch Clock       ; rst_i (INVERTED)                     ;
; Latch Clock        ; clk_i                                ;
; Data Arrival Time  ; 4.737                                ;
; Data Required Time ; 4.808                                ;
; Slack              ; -0.071 (VIOLATED)                    ;
+--------------------+--------------------------------------+

+---------------------------------------------------------------------------------------+
; Statistics                                                                            ;
+---------------------------+--------+-------+-------------+------------+-------+-------+
; Property                  ; Value  ; Count ; Total Delay ; % of Total ; Min   ; Max   ;
+---------------------------+--------+-------+-------------+------------+-------+-------+
; Removal Relationship      ; -0.500 ;       ;             ;            ;       ;       ;
; Clock Skew                ; 4.684  ;       ;             ;            ;       ;       ;
; Data Delay                ; 4.237  ;       ;             ;            ;       ;       ;
; Number of Logic Levels    ;        ; 2     ;             ;            ;       ;       ;
; Physical Delays           ;        ;       ;             ;            ;       ;       ;
;  Arrival Path             ;        ;       ;             ;            ;       ;       ;
;   Clock                   ;        ;       ;             ;            ;       ;       ;
;    Clock Network (Lumped) ;        ; 1     ; 0.000       ;            ; 0.000 ; 0.000 ;
;   Data                    ;        ;       ;             ;            ;       ;       ;
;    IC                     ;        ; 3     ; 3.013       ; 71         ; 0.000 ; 3.013 ;
;    Cell                   ;        ; 4     ; 1.224       ; 29         ; 0.000 ; 0.533 ;
;  Required Path            ;        ;       ;             ;            ;       ;       ;
;   Clock                   ;        ;       ;             ;            ;       ;       ;
;    IC                     ;        ; 3     ; 3.226       ; 69         ; 0.000 ; 3.226 ;
;    Cell                   ;        ; 4     ; 1.458       ; 31         ; 0.000 ; 0.657 ;
+---------------------------+--------+-------+-------------+------------+-------+-------+
Note: Negative delays are omitted from totals when calculating percentages

+------------------------------------------------------------------------------------------------------------------------+
; Data Arrival Path                                                                                                      ;
+---------+---------+----+------+--------+--------------------+------------+---------------------------------------------+
; Total   ; Incr    ; RF ; Type ; Fanout ; Location           ; HS/LP      ; Element                                     ;
+---------+---------+----+------+--------+--------------------+------------+---------------------------------------------+
; 0.500   ; 0.500   ;    ;      ;        ;                    ;            ; launch edge time                            ;
; 0.500   ; 0.000   ;    ;      ;        ;                    ;            ; clock path                                  ;
;   0.500 ;   0.000 ; F  ;      ;        ;                    ;            ; clock network delay                         ;
;   0.500 ;   0.000 ;    ;      ; 1      ; PIN_AA7            ;            ; rst_i                                       ;
; 0.500   ; 0.000   ; F  ;      ; 1      ; PIN_AA7            ;            ; rst_i                                       ;
; 4.737   ; 4.237   ;    ;      ;        ;                    ;            ; data path                                   ;
;   0.500 ;   0.000 ; FF ; IC   ; 1      ; IOIBUF_X150_Y7_N47 ;            ; rst_i~input|i                               ;
;   1.026 ;   0.526 ; FF ; CELL ; 2      ; IOIBUF_X150_Y7_N47 ;            ; rst_i~input|o                               ;
;   1.191 ;   0.165 ; FF ; CELL ; 1      ; IOIBUF_X150_Y7_N47 ;            ; rst_i~input~io_48_lvds_tile_edge/ioclkin[3] ;
;   1.191 ;   0.000 ; FF ; IC   ; 2      ; CLKCTRL_3A_G_I22   ;            ; rst_i~inputCLKENA0|inclk                    ;
;   1.724 ;   0.533 ; FF ; CELL ; 276    ; CLKCTRL_3A_G_I22   ;            ; rst_i~inputCLKENA0|outclk                   ;
;   4.737 ;   3.013 ; FF ; IC   ; 1      ; FF_X143_Y74_N47    ; High Speed ; t2mi_parser_inst|s_state_ram_rd.sync|clrn   ;
;   4.737 ;   0.000 ; FF ; CELL ; 1      ; FF_X143_Y74_N47    ; High Speed ; t2mi_parser_inst|s_state_ram_rd.sync        ;
+---------+---------+----+------+--------+--------------------+------------+---------------------------------------------+

+-------------------------------------------------------------------------------------------------------------------------+
; Data Required Path                                                                                                      ;
+---------+---------+----+------+--------+---------------------+------------+---------------------------------------------+
; Total   ; Incr    ; RF ; Type ; Fanout ; Location            ; HS/LP      ; Element                                     ;
+---------+---------+----+------+--------+---------------------+------------+---------------------------------------------+
; 0.000   ; 0.000   ;    ;      ;        ;                     ;            ; latch edge time                             ;
; 4.684   ; 4.684   ;    ;      ;        ;                     ;            ; clock path                                  ;
;   0.000 ;   0.000 ;    ;      ;        ;                     ;            ; source latency                              ;
;   0.000 ;   0.000 ;    ;      ; 1      ; PIN_N5              ;            ; clk_i                                       ;
;   0.000 ;   0.000 ; RR ; IC   ; 1      ; IOIBUF_X150_Y60_N47 ;            ; clk_i~input|i                               ;
;   0.608 ;   0.608 ; RR ; CELL ; 1      ; IOIBUF_X150_Y60_N47 ;            ; clk_i~input|o                               ;
;   0.801 ;   0.193 ; RR ; CELL ; 1      ; IOIBUF_X150_Y60_N47 ;            ; clk_i~input~io_48_lvds_tile_edge/ioclkin[2] ;
;   0.801 ;   0.000 ; RR ; IC   ; 2      ; CLKCTRL_3C_G_I23    ;            ; clk_i~inputCLKENA0|inclk                    ;
;   1.458 ;   0.657 ; RR ; CELL ; 318    ; CLKCTRL_3C_G_I23    ;            ; clk_i~inputCLKENA0|outclk                   ;
;   4.684 ;   3.226 ; RR ; IC   ; 1      ; FF_X143_Y74_N47     ; High Speed ; t2mi_parser_inst|s_state_ram_rd.sync|clk    ;
;   4.684 ;   0.000 ; RR ; CELL ; 1      ; FF_X143_Y74_N47     ; High Speed ; t2mi_parser_inst|s_state_ram_rd.sync        ;
; 4.714   ; 0.030   ;    ;      ;        ;                     ;            ; clock uncertainty                           ;
; 4.808   ; 0.094   ;    ; uTh  ; 1      ; FF_X143_Y74_N47     ;            ; t2mi_parser_inst|s_state_ram_rd.sync        ;
+---------+---------+----+------+--------+---------------------+------------+---------------------------------------------+

----------------------------
; Extra Fitter Information ;
----------------------------
HTML report is unavailable in plain text report export.



Path #4: Removal slack is -0.070 (VIOLATED)
===============================================================================
+---------------------------------------------------------------------+
; Path Summary                                                        ;
+--------------------+------------------------------------------------+
; Property           ; Value                                          ;
+--------------------+------------------------------------------------+
; From Node          ; rst_i                                          ;
; To Node            ; t2mi_parser_inst|s_state_ram_rd.null_pck_pid_l ;
; Launch Clock       ; rst_i (INVERTED)                               ;
; Latch Clock        ; clk_i                                          ;
; Data Arrival Time  ; 4.737                                          ;
; Data Required Time ; 4.807                                          ;
; Slack              ; -0.070 (VIOLATED)                              ;
+--------------------+------------------------------------------------+

+---------------------------------------------------------------------------------------+
; Statistics                                                                            ;
+---------------------------+--------+-------+-------------+------------+-------+-------+
; Property                  ; Value  ; Count ; Total Delay ; % of Total ; Min   ; Max   ;
+---------------------------+--------+-------+-------------+------------+-------+-------+
; Removal Relationship      ; -0.500 ;       ;             ;            ;       ;       ;
; Clock Skew                ; 4.684  ;       ;             ;            ;       ;       ;
; Data Delay                ; 4.237  ;       ;             ;            ;       ;       ;
; Number of Logic Levels    ;        ; 2     ;             ;            ;       ;       ;
; Physical Delays           ;        ;       ;             ;            ;       ;       ;
;  Arrival Path             ;        ;       ;             ;            ;       ;       ;
;   Clock                   ;        ;       ;             ;            ;       ;       ;
;    Clock Network (Lumped) ;        ; 1     ; 0.000       ;            ; 0.000 ; 0.000 ;
;   Data                    ;        ;       ;             ;            ;       ;       ;
;    IC                     ;        ; 3     ; 3.013       ; 71         ; 0.000 ; 3.013 ;
;    Cell                   ;        ; 4     ; 1.224       ; 29         ; 0.000 ; 0.533 ;
;  Required Path            ;        ;       ;             ;            ;       ;       ;
;   Clock                   ;        ;       ;             ;            ;       ;       ;
;    IC                     ;        ; 3     ; 3.226       ; 69         ; 0.000 ; 3.226 ;
;    Cell                   ;        ; 4     ; 1.458       ; 31         ; 0.000 ; 0.657 ;
+---------------------------+--------+-------+-------------+------------+-------+-------+
Note: Negative delays are omitted from totals when calculating percentages

+--------------------------------------------------------------------------------------------------------------------------------+
; Data Arrival Path                                                                                                              ;
+---------+---------+----+------+--------+--------------------+------------+-----------------------------------------------------+
; Total   ; Incr    ; RF ; Type ; Fanout ; Location           ; HS/LP      ; Element                                             ;
+---------+---------+----+------+--------+--------------------+------------+-----------------------------------------------------+
; 0.500   ; 0.500   ;    ;      ;        ;                    ;            ; launch edge time                                    ;
; 0.500   ; 0.000   ;    ;      ;        ;                    ;            ; clock path                                          ;
;   0.500 ;   0.000 ; F  ;      ;        ;                    ;            ; clock network delay                                 ;
;   0.500 ;   0.000 ;    ;      ; 1      ; PIN_AA7            ;            ; rst_i                                               ;
; 0.500   ; 0.000   ; F  ;      ; 1      ; PIN_AA7            ;            ; rst_i                                               ;
; 4.737   ; 4.237   ;    ;      ;        ;                    ;            ; data path                                           ;
;   0.500 ;   0.000 ; FF ; IC   ; 1      ; IOIBUF_X150_Y7_N47 ;            ; rst_i~input|i                                       ;
;   1.026 ;   0.526 ; FF ; CELL ; 2      ; IOIBUF_X150_Y7_N47 ;            ; rst_i~input|o                                       ;
;   1.191 ;   0.165 ; FF ; CELL ; 1      ; IOIBUF_X150_Y7_N47 ;            ; rst_i~input~io_48_lvds_tile_edge/ioclkin[3]         ;
;   1.191 ;   0.000 ; FF ; IC   ; 2      ; CLKCTRL_3A_G_I22   ;            ; rst_i~inputCLKENA0|inclk                            ;
;   1.724 ;   0.533 ; FF ; CELL ; 276    ; CLKCTRL_3A_G_I22   ;            ; rst_i~inputCLKENA0|outclk                           ;
;   4.737 ;   3.013 ; FF ; IC   ; 1      ; FF_X143_Y74_N11    ; High Speed ; t2mi_parser_inst|s_state_ram_rd.null_pck_pid_l|clrn ;
;   4.737 ;   0.000 ; FF ; CELL ; 1      ; FF_X143_Y74_N11    ; High Speed ; t2mi_parser_inst|s_state_ram_rd.null_pck_pid_l      ;
+---------+---------+----+------+--------+--------------------+------------+-----------------------------------------------------+

+--------------------------------------------------------------------------------------------------------------------------------+
; Data Required Path                                                                                                             ;
+---------+---------+----+------+--------+---------------------+------------+----------------------------------------------------+
; Total   ; Incr    ; RF ; Type ; Fanout ; Location            ; HS/LP      ; Element                                            ;
+---------+---------+----+------+--------+---------------------+------------+----------------------------------------------------+
; 0.000   ; 0.000   ;    ;      ;        ;                     ;            ; latch edge time                                    ;
; 4.684   ; 4.684   ;    ;      ;        ;                     ;            ; clock path                                         ;
;   0.000 ;   0.000 ;    ;      ;        ;                     ;            ; source latency                                     ;
;   0.000 ;   0.000 ;    ;      ; 1      ; PIN_N5              ;            ; clk_i                                              ;
;   0.000 ;   0.000 ; RR ; IC   ; 1      ; IOIBUF_X150_Y60_N47 ;            ; clk_i~input|i                                      ;
;   0.608 ;   0.608 ; RR ; CELL ; 1      ; IOIBUF_X150_Y60_N47 ;            ; clk_i~input|o                                      ;
;   0.801 ;   0.193 ; RR ; CELL ; 1      ; IOIBUF_X150_Y60_N47 ;            ; clk_i~input~io_48_lvds_tile_edge/ioclkin[2]        ;
;   0.801 ;   0.000 ; RR ; IC   ; 2      ; CLKCTRL_3C_G_I23    ;            ; clk_i~inputCLKENA0|inclk                           ;
;   1.458 ;   0.657 ; RR ; CELL ; 318    ; CLKCTRL_3C_G_I23    ;            ; clk_i~inputCLKENA0|outclk                          ;
;   4.684 ;   3.226 ; RR ; IC   ; 1      ; FF_X143_Y74_N11     ; High Speed ; t2mi_parser_inst|s_state_ram_rd.null_pck_pid_l|clk ;
;   4.684 ;   0.000 ; RR ; CELL ; 1      ; FF_X143_Y74_N11     ; High Speed ; t2mi_parser_inst|s_state_ram_rd.null_pck_pid_l     ;
; 4.714   ; 0.030   ;    ;      ;        ;                     ;            ; clock uncertainty                                  ;
; 4.807   ; 0.093   ;    ; uTh  ; 1      ; FF_X143_Y74_N11     ;            ; t2mi_parser_inst|s_state_ram_rd.null_pck_pid_l     ;
+---------+---------+----+------+--------+---------------------+------------+----------------------------------------------------+

----------------------------
; Extra Fitter Information ;
----------------------------
HTML report is unavailable in plain text report export.



Path #5: Removal slack is -0.070 (VIOLATED)
===============================================================================
+-------------------------------------------------------+
; Path Summary                                          ;
+--------------------+----------------------------------+
; Property           ; Value                            ;
+--------------------+----------------------------------+
; From Node          ; rst_i                            ;
; To Node            ; t2mi_parser_inst|s_cnt_rd_pck[0] ;
; Launch Clock       ; rst_i (INVERTED)                 ;
; Latch Clock        ; clk_i                            ;
; Data Arrival Time  ; 4.737                            ;
; Data Required Time ; 4.807                            ;
; Slack              ; -0.070 (VIOLATED)                ;
+--------------------+----------------------------------+

+---------------------------------------------------------------------------------------+
; Statistics                                                                            ;
+---------------------------+--------+-------+-------------+------------+-------+-------+
; Property                  ; Value  ; Count ; Total Delay ; % of Total ; Min   ; Max   ;
+---------------------------+--------+-------+-------------+------------+-------+-------+
; Removal Relationship      ; -0.500 ;       ;             ;            ;       ;       ;
; Clock Skew                ; 4.684  ;       ;             ;            ;       ;       ;
; Data Delay                ; 4.237  ;       ;             ;            ;       ;       ;
; Number of Logic Levels    ;        ; 2     ;             ;            ;       ;       ;
; Physical Delays           ;        ;       ;             ;            ;       ;       ;
;  Arrival Path             ;        ;       ;             ;            ;       ;       ;
;   Clock                   ;        ;       ;             ;            ;       ;       ;
;    Clock Network (Lumped) ;        ; 1     ; 0.000       ;            ; 0.000 ; 0.000 ;
;   Data                    ;        ;       ;             ;            ;       ;       ;
;    IC                     ;        ; 3     ; 3.013       ; 71         ; 0.000 ; 3.013 ;
;    Cell                   ;        ; 4     ; 1.224       ; 29         ; 0.000 ; 0.533 ;
;  Required Path            ;        ;       ;             ;            ;       ;       ;
;   Clock                   ;        ;       ;             ;            ;       ;       ;
;    IC                     ;        ; 3     ; 3.226       ; 69         ; 0.000 ; 3.226 ;
;    Cell                   ;        ; 4     ; 1.458       ; 31         ; 0.000 ; 0.657 ;
+---------------------------+--------+-------+-------------+------------+-------+-------+
Note: Negative delays are omitted from totals when calculating percentages

+------------------------------------------------------------------------------------------------------------------------+
; Data Arrival Path                                                                                                      ;
+---------+---------+----+------+--------+--------------------+------------+---------------------------------------------+
; Total   ; Incr    ; RF ; Type ; Fanout ; Location           ; HS/LP      ; Element                                     ;
+---------+---------+----+------+--------+--------------------+------------+---------------------------------------------+
; 0.500   ; 0.500   ;    ;      ;        ;                    ;            ; launch edge time                            ;
; 0.500   ; 0.000   ;    ;      ;        ;                    ;            ; clock path                                  ;
;   0.500 ;   0.000 ; F  ;      ;        ;                    ;            ; clock network delay                         ;
;   0.500 ;   0.000 ;    ;      ; 1      ; PIN_AA7            ;            ; rst_i                                       ;
; 0.500   ; 0.000   ; F  ;      ; 1      ; PIN_AA7            ;            ; rst_i                                       ;
; 4.737   ; 4.237   ;    ;      ;        ;                    ;            ; data path                                   ;
;   0.500 ;   0.000 ; FF ; IC   ; 1      ; IOIBUF_X150_Y7_N47 ;            ; rst_i~input|i                               ;
;   1.026 ;   0.526 ; FF ; CELL ; 2      ; IOIBUF_X150_Y7_N47 ;            ; rst_i~input|o                               ;
;   1.191 ;   0.165 ; FF ; CELL ; 1      ; IOIBUF_X150_Y7_N47 ;            ; rst_i~input~io_48_lvds_tile_edge/ioclkin[3] ;
;   1.191 ;   0.000 ; FF ; IC   ; 2      ; CLKCTRL_3A_G_I22   ;            ; rst_i~inputCLKENA0|inclk                    ;
;   1.724 ;   0.533 ; FF ; CELL ; 276    ; CLKCTRL_3A_G_I22   ;            ; rst_i~inputCLKENA0|outclk                   ;
;   4.737 ;   3.013 ; FF ; IC   ; 1      ; FF_X143_Y75_N59    ; High Speed ; t2mi_parser_inst|s_cnt_rd_pck[0]|clrn       ;
;   4.737 ;   0.000 ; FF ; CELL ; 1      ; FF_X143_Y75_N59    ; High Speed ; t2mi_parser_inst|s_cnt_rd_pck[0]            ;
+---------+---------+----+------+--------+--------------------+------------+---------------------------------------------+

+-------------------------------------------------------------------------------------------------------------------------+
; Data Required Path                                                                                                      ;
+---------+---------+----+------+--------+---------------------+------------+---------------------------------------------+
; Total   ; Incr    ; RF ; Type ; Fanout ; Location            ; HS/LP      ; Element                                     ;
+---------+---------+----+------+--------+---------------------+------------+---------------------------------------------+
; 0.000   ; 0.000   ;    ;      ;        ;                     ;            ; latch edge time                             ;
; 4.684   ; 4.684   ;    ;      ;        ;                     ;            ; clock path                                  ;
;   0.000 ;   0.000 ;    ;      ;        ;                     ;            ; source latency                              ;
;   0.000 ;   0.000 ;    ;      ; 1      ; PIN_N5              ;            ; clk_i                                       ;
;   0.000 ;   0.000 ; RR ; IC   ; 1      ; IOIBUF_X150_Y60_N47 ;            ; clk_i~input|i                               ;
;   0.608 ;   0.608 ; RR ; CELL ; 1      ; IOIBUF_X150_Y60_N47 ;            ; clk_i~input|o                               ;
;   0.801 ;   0.193 ; RR ; CELL ; 1      ; IOIBUF_X150_Y60_N47 ;            ; clk_i~input~io_48_lvds_tile_edge/ioclkin[2] ;
;   0.801 ;   0.000 ; RR ; IC   ; 2      ; CLKCTRL_3C_G_I23    ;            ; clk_i~inputCLKENA0|inclk                    ;
;   1.458 ;   0.657 ; RR ; CELL ; 318    ; CLKCTRL_3C_G_I23    ;            ; clk_i~inputCLKENA0|outclk                   ;
;   4.684 ;   3.226 ; RR ; IC   ; 1      ; FF_X143_Y75_N59     ; High Speed ; t2mi_parser_inst|s_cnt_rd_pck[0]|clk        ;
;   4.684 ;   0.000 ; RR ; CELL ; 1      ; FF_X143_Y75_N59     ; High Speed ; t2mi_parser_inst|s_cnt_rd_pck[0]            ;
; 4.714   ; 0.030   ;    ;      ;        ;                     ;            ; clock uncertainty                           ;
; 4.807   ; 0.093   ;    ; uTh  ; 1      ; FF_X143_Y75_N59     ;            ; t2mi_parser_inst|s_cnt_rd_pck[0]            ;
+---------+---------+----+------+--------+---------------------+------------+---------------------------------------------+

----------------------------
; Extra Fitter Information ;
----------------------------
HTML report is unavailable in plain text report export.



Path #6: Removal slack is -0.067 (VIOLATED)
===============================================================================
+----------------------------------------------------------+
; Path Summary                                             ;
+--------------------+-------------------------------------+
; Property           ; Value                               ;
+--------------------+-------------------------------------+
; From Node          ; rst_i                               ;
; To Node            ; t2mi_parser_inst|s_ram_wraddress[5] ;
; Launch Clock       ; rst_i (INVERTED)                    ;
; Latch Clock        ; clk_i                               ;
; Data Arrival Time  ; 4.739                               ;
; Data Required Time ; 4.806                               ;
; Slack              ; -0.067 (VIOLATED)                   ;
+--------------------+-------------------------------------+

+---------------------------------------------------------------------------------------+
; Statistics                                                                            ;
+---------------------------+--------+-------+-------------+------------+-------+-------+
; Property                  ; Value  ; Count ; Total Delay ; % of Total ; Min   ; Max   ;
+---------------------------+--------+-------+-------------+------------+-------+-------+
; Removal Relationship      ; -0.500 ;       ;             ;            ;       ;       ;
; Clock Skew                ; 4.681  ;       ;             ;            ;       ;       ;
; Data Delay                ; 4.239  ;       ;             ;            ;       ;       ;
; Number of Logic Levels    ;        ; 2     ;             ;            ;       ;       ;
; Physical Delays           ;        ;       ;             ;            ;       ;       ;
;  Arrival Path             ;        ;       ;             ;            ;       ;       ;
;   Clock                   ;        ;       ;             ;            ;       ;       ;
;    Clock Network (Lumped) ;        ; 1     ; 0.000       ;            ; 0.000 ; 0.000 ;
;   Data                    ;        ;       ;             ;            ;       ;       ;
;    IC                     ;        ; 3     ; 3.015       ; 71         ; 0.000 ; 3.015 ;
;    Cell                   ;        ; 4     ; 1.224       ; 29         ; 0.000 ; 0.533 ;
;  Required Path            ;        ;       ;             ;            ;       ;       ;
;   Clock                   ;        ;       ;             ;            ;       ;       ;
;    IC                     ;        ; 3     ; 3.223       ; 69         ; 0.000 ; 3.223 ;
;    Cell                   ;        ; 4     ; 1.458       ; 31         ; 0.000 ; 0.657 ;
+---------------------------+--------+-------+-------------+------------+-------+-------+
Note: Negative delays are omitted from totals when calculating percentages

+------------------------------------------------------------------------------------------------------------------------+
; Data Arrival Path                                                                                                      ;
+---------+---------+----+------+--------+--------------------+------------+---------------------------------------------+
; Total   ; Incr    ; RF ; Type ; Fanout ; Location           ; HS/LP      ; Element                                     ;
+---------+---------+----+------+--------+--------------------+------------+---------------------------------------------+
; 0.500   ; 0.500   ;    ;      ;        ;                    ;            ; launch edge time                            ;
; 0.500   ; 0.000   ;    ;      ;        ;                    ;            ; clock path                                  ;
;   0.500 ;   0.000 ; F  ;      ;        ;                    ;            ; clock network delay                         ;
;   0.500 ;   0.000 ;    ;      ; 1      ; PIN_AA7            ;            ; rst_i                                       ;
; 0.500   ; 0.000   ; F  ;      ; 1      ; PIN_AA7            ;            ; rst_i                                       ;
; 4.739   ; 4.239   ;    ;      ;        ;                    ;            ; data path                                   ;
;   0.500 ;   0.000 ; FF ; IC   ; 1      ; IOIBUF_X150_Y7_N47 ;            ; rst_i~input|i                               ;
;   1.026 ;   0.526 ; FF ; CELL ; 2      ; IOIBUF_X150_Y7_N47 ;            ; rst_i~input|o                               ;
;   1.191 ;   0.165 ; FF ; CELL ; 1      ; IOIBUF_X150_Y7_N47 ;            ; rst_i~input~io_48_lvds_tile_edge/ioclkin[3] ;
;   1.191 ;   0.000 ; FF ; IC   ; 2      ; CLKCTRL_3A_G_I22   ;            ; rst_i~inputCLKENA0|inclk                    ;
;   1.724 ;   0.533 ; FF ; CELL ; 276    ; CLKCTRL_3A_G_I22   ;            ; rst_i~inputCLKENA0|outclk                   ;
;   4.739 ;   3.015 ; FF ; IC   ; 1      ; FF_X145_Y71_N53    ; High Speed ; t2mi_parser_inst|s_ram_wraddress[5]|clrn    ;
;   4.739 ;   0.000 ; FF ; CELL ; 1      ; FF_X145_Y71_N53    ; High Speed ; t2mi_parser_inst|s_ram_wraddress[5]         ;
+---------+---------+----+------+--------+--------------------+------------+---------------------------------------------+

+-------------------------------------------------------------------------------------------------------------------------+
; Data Required Path                                                                                                      ;
+---------+---------+----+------+--------+---------------------+------------+---------------------------------------------+
; Total   ; Incr    ; RF ; Type ; Fanout ; Location            ; HS/LP      ; Element                                     ;
+---------+---------+----+------+--------+---------------------+------------+---------------------------------------------+
; 0.000   ; 0.000   ;    ;      ;        ;                     ;            ; latch edge time                             ;
; 4.681   ; 4.681   ;    ;      ;        ;                     ;            ; clock path                                  ;
;   0.000 ;   0.000 ;    ;      ;        ;                     ;            ; source latency                              ;
;   0.000 ;   0.000 ;    ;      ; 1      ; PIN_N5              ;            ; clk_i                                       ;
;   0.000 ;   0.000 ; RR ; IC   ; 1      ; IOIBUF_X150_Y60_N47 ;            ; clk_i~input|i                               ;
;   0.608 ;   0.608 ; RR ; CELL ; 1      ; IOIBUF_X150_Y60_N47 ;            ; clk_i~input|o                               ;
;   0.801 ;   0.193 ; RR ; CELL ; 1      ; IOIBUF_X150_Y60_N47 ;            ; clk_i~input~io_48_lvds_tile_edge/ioclkin[2] ;
;   0.801 ;   0.000 ; RR ; IC   ; 2      ; CLKCTRL_3C_G_I23    ;            ; clk_i~inputCLKENA0|inclk                    ;
;   1.458 ;   0.657 ; RR ; CELL ; 318    ; CLKCTRL_3C_G_I23    ;            ; clk_i~inputCLKENA0|outclk                   ;
;   4.681 ;   3.223 ; RR ; IC   ; 1      ; FF_X145_Y71_N53     ; High Speed ; t2mi_parser_inst|s_ram_wraddress[5]|clk     ;
;   4.681 ;   0.000 ; RR ; CELL ; 1      ; FF_X145_Y71_N53     ; High Speed ; t2mi_parser_inst|s_ram_wraddress[5]         ;
; 4.711   ; 0.030   ;    ;      ;        ;                     ;            ; clock uncertainty                           ;
; 4.806   ; 0.095   ;    ; uTh  ; 1      ; FF_X145_Y71_N53     ;            ; t2mi_parser_inst|s_ram_wraddress[5]         ;
+---------+---------+----+------+--------+---------------------+------------+---------------------------------------------+

----------------------------
; Extra Fitter Information ;
----------------------------
HTML report is unavailable in plain text report export.



Path #7: Removal slack is -0.067 (VIOLATED)
===============================================================================
+---------------------------------------------------------------------------------+
; Path Summary                                                                    ;
+--------------------+------------------------------------------------------------+
; Property           ; Value                                                      ;
+--------------------+------------------------------------------------------------+
; From Node          ; rst_i                                                      ;
; To Node            ; t2mi_parser_inst|s_state_ram_rd.null_pck_payload~DUPLICATE ;
; Launch Clock       ; rst_i (INVERTED)                                           ;
; Latch Clock        ; clk_i                                                      ;
; Data Arrival Time  ; 4.737                                                      ;
; Data Required Time ; 4.804                                                      ;
; Slack              ; -0.067 (VIOLATED)                                          ;
+--------------------+------------------------------------------------------------+

+---------------------------------------------------------------------------------------+
; Statistics                                                                            ;
+---------------------------+--------+-------+-------------+------------+-------+-------+
; Property                  ; Value  ; Count ; Total Delay ; % of Total ; Min   ; Max   ;
+---------------------------+--------+-------+-------------+------------+-------+-------+
; Removal Relationship      ; -0.500 ;       ;             ;            ;       ;       ;
; Clock Skew                ; 4.684  ;       ;             ;            ;       ;       ;
; Data Delay                ; 4.237  ;       ;             ;            ;       ;       ;
; Number of Logic Levels    ;        ; 2     ;             ;            ;       ;       ;
; Physical Delays           ;        ;       ;             ;            ;       ;       ;
;  Arrival Path             ;        ;       ;             ;            ;       ;       ;
;   Clock                   ;        ;       ;             ;            ;       ;       ;
;    Clock Network (Lumped) ;        ; 1     ; 0.000       ;            ; 0.000 ; 0.000 ;
;   Data                    ;        ;       ;             ;            ;       ;       ;
;    IC                     ;        ; 3     ; 3.013       ; 71         ; 0.000 ; 3.013 ;
;    Cell                   ;        ; 4     ; 1.224       ; 29         ; 0.000 ; 0.533 ;
;  Required Path            ;        ;       ;             ;            ;       ;       ;
;   Clock                   ;        ;       ;             ;            ;       ;       ;
;    IC                     ;        ; 3     ; 3.226       ; 69         ; 0.000 ; 3.226 ;
;    Cell                   ;        ; 4     ; 1.458       ; 31         ; 0.000 ; 0.657 ;
+---------------------------+--------+-------+-------------+------------+-------+-------+
Note: Negative delays are omitted from totals when calculating percentages

+--------------------------------------------------------------------------------------------------------------------------------------------+
; Data Arrival Path                                                                                                                          ;
+---------+---------+----+------+--------+--------------------+------------+-----------------------------------------------------------------+
; Total   ; Incr    ; RF ; Type ; Fanout ; Location           ; HS/LP      ; Element                                                         ;
+---------+---------+----+------+--------+--------------------+------------+-----------------------------------------------------------------+
; 0.500   ; 0.500   ;    ;      ;        ;                    ;            ; launch edge time                                                ;
; 0.500   ; 0.000   ;    ;      ;        ;                    ;            ; clock path                                                      ;
;   0.500 ;   0.000 ; F  ;      ;        ;                    ;            ; clock network delay                                             ;
;   0.500 ;   0.000 ;    ;      ; 1      ; PIN_AA7            ;            ; rst_i                                                           ;
; 0.500   ; 0.000   ; F  ;      ; 1      ; PIN_AA7            ;            ; rst_i                                                           ;
; 4.737   ; 4.237   ;    ;      ;        ;                    ;            ; data path                                                       ;
;   0.500 ;   0.000 ; FF ; IC   ; 1      ; IOIBUF_X150_Y7_N47 ;            ; rst_i~input|i                                                   ;
;   1.026 ;   0.526 ; FF ; CELL ; 2      ; IOIBUF_X150_Y7_N47 ;            ; rst_i~input|o                                                   ;
;   1.191 ;   0.165 ; FF ; CELL ; 1      ; IOIBUF_X150_Y7_N47 ;            ; rst_i~input~io_48_lvds_tile_edge/ioclkin[3]                     ;
;   1.191 ;   0.000 ; FF ; IC   ; 2      ; CLKCTRL_3A_G_I22   ;            ; rst_i~inputCLKENA0|inclk                                        ;
;   1.724 ;   0.533 ; FF ; CELL ; 276    ; CLKCTRL_3A_G_I22   ;            ; rst_i~inputCLKENA0|outclk                                       ;
;   4.737 ;   3.013 ; FF ; IC   ; 1      ; FF_X143_Y74_N43    ; High Speed ; t2mi_parser_inst|s_state_ram_rd.null_pck_payload~DUPLICATE|clrn ;
;   4.737 ;   0.000 ; FF ; CELL ; 1      ; FF_X143_Y74_N43    ; High Speed ; t2mi_parser_inst|s_state_ram_rd.null_pck_payload~DUPLICATE      ;
+---------+---------+----+------+--------+--------------------+------------+-----------------------------------------------------------------+

+--------------------------------------------------------------------------------------------------------------------------------------------+
; Data Required Path                                                                                                                         ;
+---------+---------+----+------+--------+---------------------+------------+----------------------------------------------------------------+
; Total   ; Incr    ; RF ; Type ; Fanout ; Location            ; HS/LP      ; Element                                                        ;
+---------+---------+----+------+--------+---------------------+------------+----------------------------------------------------------------+
; 0.000   ; 0.000   ;    ;      ;        ;                     ;            ; latch edge time                                                ;
; 4.684   ; 4.684   ;    ;      ;        ;                     ;            ; clock path                                                     ;
;   0.000 ;   0.000 ;    ;      ;        ;                     ;            ; source latency                                                 ;
;   0.000 ;   0.000 ;    ;      ; 1      ; PIN_N5              ;            ; clk_i                                                          ;
;   0.000 ;   0.000 ; RR ; IC   ; 1      ; IOIBUF_X150_Y60_N47 ;            ; clk_i~input|i                                                  ;
;   0.608 ;   0.608 ; RR ; CELL ; 1      ; IOIBUF_X150_Y60_N47 ;            ; clk_i~input|o                                                  ;
;   0.801 ;   0.193 ; RR ; CELL ; 1      ; IOIBUF_X150_Y60_N47 ;            ; clk_i~input~io_48_lvds_tile_edge/ioclkin[2]                    ;
;   0.801 ;   0.000 ; RR ; IC   ; 2      ; CLKCTRL_3C_G_I23    ;            ; clk_i~inputCLKENA0|inclk                                       ;
;   1.458 ;   0.657 ; RR ; CELL ; 318    ; CLKCTRL_3C_G_I23    ;            ; clk_i~inputCLKENA0|outclk                                      ;
;   4.684 ;   3.226 ; RR ; IC   ; 1      ; FF_X143_Y74_N43     ; High Speed ; t2mi_parser_inst|s_state_ram_rd.null_pck_payload~DUPLICATE|clk ;
;   4.684 ;   0.000 ; RR ; CELL ; 1      ; FF_X143_Y74_N43     ; High Speed ; t2mi_parser_inst|s_state_ram_rd.null_pck_payload~DUPLICATE     ;
; 4.714   ; 0.030   ;    ;      ;        ;                     ;            ; clock uncertainty                                              ;
; 4.804   ; 0.090   ;    ; uTh  ; 1      ; FF_X143_Y74_N43     ;            ; t2mi_parser_inst|s_state_ram_rd.null_pck_payload~DUPLICATE     ;
+---------+---------+----+------+--------+---------------------+------------+----------------------------------------------------------------+

----------------------------
; Extra Fitter Information ;
----------------------------
HTML report is unavailable in plain text report export.



Path #8: Removal slack is -0.067 (VIOLATED)
===============================================================================
+-------------------------------------------------------+
; Path Summary                                          ;
+--------------------+----------------------------------+
; Property           ; Value                            ;
+--------------------+----------------------------------+
; From Node          ; rst_i                            ;
; To Node            ; t2mi_parser_inst|s_cnt_rd_pck[2] ;
; Launch Clock       ; rst_i (INVERTED)                 ;
; Latch Clock        ; clk_i                            ;
; Data Arrival Time  ; 4.737                            ;
; Data Required Time ; 4.804                            ;
; Slack              ; -0.067 (VIOLATED)                ;
+--------------------+----------------------------------+

+---------------------------------------------------------------------------------------+
; Statistics                                                                            ;
+---------------------------+--------+-------+-------------+------------+-------+-------+
; Property                  ; Value  ; Count ; Total Delay ; % of Total ; Min   ; Max   ;
+---------------------------+--------+-------+-------------+------------+-------+-------+
; Removal Relationship      ; -0.500 ;       ;             ;            ;       ;       ;
; Clock Skew                ; 4.684  ;       ;             ;            ;       ;       ;
; Data Delay                ; 4.237  ;       ;             ;            ;       ;       ;
; Number of Logic Levels    ;        ; 2     ;             ;            ;       ;       ;
; Physical Delays           ;        ;       ;             ;            ;       ;       ;
;  Arrival Path             ;        ;       ;             ;            ;       ;       ;
;   Clock                   ;        ;       ;             ;            ;       ;       ;
;    Clock Network (Lumped) ;        ; 1     ; 0.000       ;            ; 0.000 ; 0.000 ;
;   Data                    ;        ;       ;             ;            ;       ;       ;
;    IC                     ;        ; 3     ; 3.013       ; 71         ; 0.000 ; 3.013 ;
;    Cell                   ;        ; 4     ; 1.224       ; 29         ; 0.000 ; 0.533 ;
;  Required Path            ;        ;       ;             ;            ;       ;       ;
;   Clock                   ;        ;       ;             ;            ;       ;       ;
;    IC                     ;        ; 3     ; 3.226       ; 69         ; 0.000 ; 3.226 ;
;    Cell                   ;        ; 4     ; 1.458       ; 31         ; 0.000 ; 0.657 ;
+---------------------------+--------+-------+-------------+------------+-------+-------+
Note: Negative delays are omitted from totals when calculating percentages

+------------------------------------------------------------------------------------------------------------------------+
; Data Arrival Path                                                                                                      ;
+---------+---------+----+------+--------+--------------------+------------+---------------------------------------------+
; Total   ; Incr    ; RF ; Type ; Fanout ; Location           ; HS/LP      ; Element                                     ;
+---------+---------+----+------+--------+--------------------+------------+---------------------------------------------+
; 0.500   ; 0.500   ;    ;      ;        ;                    ;            ; launch edge time                            ;
; 0.500   ; 0.000   ;    ;      ;        ;                    ;            ; clock path                                  ;
;   0.500 ;   0.000 ; F  ;      ;        ;                    ;            ; clock network delay                         ;
;   0.500 ;   0.000 ;    ;      ; 1      ; PIN_AA7            ;            ; rst_i                                       ;
; 0.500   ; 0.000   ; F  ;      ; 1      ; PIN_AA7            ;            ; rst_i                                       ;
; 4.737   ; 4.237   ;    ;      ;        ;                    ;            ; data path                                   ;
;   0.500 ;   0.000 ; FF ; IC   ; 1      ; IOIBUF_X150_Y7_N47 ;            ; rst_i~input|i                               ;
;   1.026 ;   0.526 ; FF ; CELL ; 2      ; IOIBUF_X150_Y7_N47 ;            ; rst_i~input|o                               ;
;   1.191 ;   0.165 ; FF ; CELL ; 1      ; IOIBUF_X150_Y7_N47 ;            ; rst_i~input~io_48_lvds_tile_edge/ioclkin[3] ;
;   1.191 ;   0.000 ; FF ; IC   ; 2      ; CLKCTRL_3A_G_I22   ;            ; rst_i~inputCLKENA0|inclk                    ;
;   1.724 ;   0.533 ; FF ; CELL ; 276    ; CLKCTRL_3A_G_I22   ;            ; rst_i~inputCLKENA0|outclk                   ;
;   4.737 ;   3.013 ; FF ; IC   ; 1      ; FF_X143_Y75_N37    ; High Speed ; t2mi_parser_inst|s_cnt_rd_pck[2]|clrn       ;
;   4.737 ;   0.000 ; FF ; CELL ; 1      ; FF_X143_Y75_N37    ; High Speed ; t2mi_parser_inst|s_cnt_rd_pck[2]            ;
+---------+---------+----+------+--------+--------------------+------------+---------------------------------------------+

+-------------------------------------------------------------------------------------------------------------------------+
; Data Required Path                                                                                                      ;
+---------+---------+----+------+--------+---------------------+------------+---------------------------------------------+
; Total   ; Incr    ; RF ; Type ; Fanout ; Location            ; HS/LP      ; Element                                     ;
+---------+---------+----+------+--------+---------------------+------------+---------------------------------------------+
; 0.000   ; 0.000   ;    ;      ;        ;                     ;            ; latch edge time                             ;
; 4.684   ; 4.684   ;    ;      ;        ;                     ;            ; clock path                                  ;
;   0.000 ;   0.000 ;    ;      ;        ;                     ;            ; source latency                              ;
;   0.000 ;   0.000 ;    ;      ; 1      ; PIN_N5              ;            ; clk_i                                       ;
;   0.000 ;   0.000 ; RR ; IC   ; 1      ; IOIBUF_X150_Y60_N47 ;            ; clk_i~input|i                               ;
;   0.608 ;   0.608 ; RR ; CELL ; 1      ; IOIBUF_X150_Y60_N47 ;            ; clk_i~input|o                               ;
;   0.801 ;   0.193 ; RR ; CELL ; 1      ; IOIBUF_X150_Y60_N47 ;            ; clk_i~input~io_48_lvds_tile_edge/ioclkin[2] ;
;   0.801 ;   0.000 ; RR ; IC   ; 2      ; CLKCTRL_3C_G_I23    ;            ; clk_i~inputCLKENA0|inclk                    ;
;   1.458 ;   0.657 ; RR ; CELL ; 318    ; CLKCTRL_3C_G_I23    ;            ; clk_i~inputCLKENA0|outclk                   ;
;   4.684 ;   3.226 ; RR ; IC   ; 1      ; FF_X143_Y75_N37     ; High Speed ; t2mi_parser_inst|s_cnt_rd_pck[2]|clk        ;
;   4.684 ;   0.000 ; RR ; CELL ; 1      ; FF_X143_Y75_N37     ; High Speed ; t2mi_parser_inst|s_cnt_rd_pck[2]            ;
; 4.714   ; 0.030   ;    ;      ;        ;                     ;            ; clock uncertainty                           ;
; 4.804   ; 0.090   ;    ; uTh  ; 1      ; FF_X143_Y75_N37     ;            ; t2mi_parser_inst|s_cnt_rd_pck[2]            ;
+---------+---------+----+------+--------+---------------------+------------+---------------------------------------------+

----------------------------
; Extra Fitter Information ;
----------------------------
HTML report is unavailable in plain text report export.



Path #9: Removal slack is -0.066 (VIOLATED)
===============================================================================
+----------------------------------------------------------+
; Path Summary                                             ;
+--------------------+-------------------------------------+
; Property           ; Value                               ;
+--------------------+-------------------------------------+
; From Node          ; rst_i                               ;
; To Node            ; t2mi_parser_inst|s_ram_wraddress[9] ;
; Launch Clock       ; rst_i (INVERTED)                    ;
; Latch Clock        ; clk_i                               ;
; Data Arrival Time  ; 4.740                               ;
; Data Required Time ; 4.806                               ;
; Slack              ; -0.066 (VIOLATED)                   ;
+--------------------+-------------------------------------+

+---------------------------------------------------------------------------------------+
; Statistics                                                                            ;
+---------------------------+--------+-------+-------------+------------+-------+-------+
; Property                  ; Value  ; Count ; Total Delay ; % of Total ; Min   ; Max   ;
+---------------------------+--------+-------+-------------+------------+-------+-------+
; Removal Relationship      ; -0.500 ;       ;             ;            ;       ;       ;
; Clock Skew                ; 4.681  ;       ;             ;            ;       ;       ;
; Data Delay                ; 4.240  ;       ;             ;            ;       ;       ;
; Number of Logic Levels    ;        ; 2     ;             ;            ;       ;       ;
; Physical Delays           ;        ;       ;             ;            ;       ;       ;
;  Arrival Path             ;        ;       ;             ;            ;       ;       ;
;   Clock                   ;        ;       ;             ;            ;       ;       ;
;    Clock Network (Lumped) ;        ; 1     ; 0.000       ;            ; 0.000 ; 0.000 ;
;   Data                    ;        ;       ;             ;            ;       ;       ;
;    IC                     ;        ; 3     ; 3.016       ; 71         ; 0.000 ; 3.016 ;
;    Cell                   ;        ; 4     ; 1.224       ; 29         ; 0.000 ; 0.533 ;
;  Required Path            ;        ;       ;             ;            ;       ;       ;
;   Clock                   ;        ;       ;             ;            ;       ;       ;
;    IC                     ;        ; 3     ; 3.223       ; 69         ; 0.000 ; 3.223 ;
;    Cell                   ;        ; 4     ; 1.458       ; 31         ; 0.000 ; 0.657 ;
+---------------------------+--------+-------+-------------+------------+-------+-------+
Note: Negative delays are omitted from totals when calculating percentages

+------------------------------------------------------------------------------------------------------------------------+
; Data Arrival Path                                                                                                      ;
+---------+---------+----+------+--------+--------------------+------------+---------------------------------------------+
; Total   ; Incr    ; RF ; Type ; Fanout ; Location           ; HS/LP      ; Element                                     ;
+---------+---------+----+------+--------+--------------------+------------+---------------------------------------------+
; 0.500   ; 0.500   ;    ;      ;        ;                    ;            ; launch edge time                            ;
; 0.500   ; 0.000   ;    ;      ;        ;                    ;            ; clock path                                  ;
;   0.500 ;   0.000 ; F  ;      ;        ;                    ;            ; clock network delay                         ;
;   0.500 ;   0.000 ;    ;      ; 1      ; PIN_AA7            ;            ; rst_i                                       ;
; 0.500   ; 0.000   ; F  ;      ; 1      ; PIN_AA7            ;            ; rst_i                                       ;
; 4.740   ; 4.240   ;    ;      ;        ;                    ;            ; data path                                   ;
;   0.500 ;   0.000 ; FF ; IC   ; 1      ; IOIBUF_X150_Y7_N47 ;            ; rst_i~input|i                               ;
;   1.026 ;   0.526 ; FF ; CELL ; 2      ; IOIBUF_X150_Y7_N47 ;            ; rst_i~input|o                               ;
;   1.191 ;   0.165 ; FF ; CELL ; 1      ; IOIBUF_X150_Y7_N47 ;            ; rst_i~input~io_48_lvds_tile_edge/ioclkin[3] ;
;   1.191 ;   0.000 ; FF ; IC   ; 2      ; CLKCTRL_3A_G_I22   ;            ; rst_i~inputCLKENA0|inclk                    ;
;   1.724 ;   0.533 ; FF ; CELL ; 276    ; CLKCTRL_3A_G_I22   ;            ; rst_i~inputCLKENA0|outclk                   ;
;   4.740 ;   3.016 ; FF ; IC   ; 1      ; FF_X146_Y71_N47    ; High Speed ; t2mi_parser_inst|s_ram_wraddress[9]|clrn    ;
;   4.740 ;   0.000 ; FF ; CELL ; 1      ; FF_X146_Y71_N47    ; High Speed ; t2mi_parser_inst|s_ram_wraddress[9]         ;
+---------+---------+----+------+--------+--------------------+------------+---------------------------------------------+

+-------------------------------------------------------------------------------------------------------------------------+
; Data Required Path                                                                                                      ;
+---------+---------+----+------+--------+---------------------+------------+---------------------------------------------+
; Total   ; Incr    ; RF ; Type ; Fanout ; Location            ; HS/LP      ; Element                                     ;
+---------+---------+----+------+--------+---------------------+------------+---------------------------------------------+
; 0.000   ; 0.000   ;    ;      ;        ;                     ;            ; latch edge time                             ;
; 4.681   ; 4.681   ;    ;      ;        ;                     ;            ; clock path                                  ;
;   0.000 ;   0.000 ;    ;      ;        ;                     ;            ; source latency                              ;
;   0.000 ;   0.000 ;    ;      ; 1      ; PIN_N5              ;            ; clk_i                                       ;
;   0.000 ;   0.000 ; RR ; IC   ; 1      ; IOIBUF_X150_Y60_N47 ;            ; clk_i~input|i                               ;
;   0.608 ;   0.608 ; RR ; CELL ; 1      ; IOIBUF_X150_Y60_N47 ;            ; clk_i~input|o                               ;
;   0.801 ;   0.193 ; RR ; CELL ; 1      ; IOIBUF_X150_Y60_N47 ;            ; clk_i~input~io_48_lvds_tile_edge/ioclkin[2] ;
;   0.801 ;   0.000 ; RR ; IC   ; 2      ; CLKCTRL_3C_G_I23    ;            ; clk_i~inputCLKENA0|inclk                    ;
;   1.458 ;   0.657 ; RR ; CELL ; 318    ; CLKCTRL_3C_G_I23    ;            ; clk_i~inputCLKENA0|outclk                   ;
;   4.681 ;   3.223 ; RR ; IC   ; 1      ; FF_X146_Y71_N47     ; High Speed ; t2mi_parser_inst|s_ram_wraddress[9]|clk     ;
;   4.681 ;   0.000 ; RR ; CELL ; 1      ; FF_X146_Y71_N47     ; High Speed ; t2mi_parser_inst|s_ram_wraddress[9]         ;
; 4.711   ; 0.030   ;    ;      ;        ;                     ;            ; clock uncertainty                           ;
; 4.806   ; 0.095   ;    ; uTh  ; 1      ; FF_X146_Y71_N47     ;            ; t2mi_parser_inst|s_ram_wraddress[9]         ;
+---------+---------+----+------+--------+---------------------+------------+---------------------------------------------+

----------------------------
; Extra Fitter Information ;
----------------------------
HTML report is unavailable in plain text report export.



Path #10: Removal slack is -0.066 (VIOLATED)
===============================================================================
+-------------------------------------------------------+
; Path Summary                                          ;
+--------------------+----------------------------------+
; Property           ; Value                            ;
+--------------------+----------------------------------+
; From Node          ; rst_i                            ;
; To Node            ; t2mi_parser_inst|s_cnt_rd_pck[3] ;
; Launch Clock       ; rst_i (INVERTED)                 ;
; Latch Clock        ; clk_i                            ;
; Data Arrival Time  ; 4.737                            ;
; Data Required Time ; 4.803                            ;
; Slack              ; -0.066 (VIOLATED)                ;
+--------------------+----------------------------------+

+---------------------------------------------------------------------------------------+
; Statistics                                                                            ;
+---------------------------+--------+-------+-------------+------------+-------+-------+
; Property                  ; Value  ; Count ; Total Delay ; % of Total ; Min   ; Max   ;
+---------------------------+--------+-------+-------------+------------+-------+-------+
; Removal Relationship      ; -0.500 ;       ;             ;            ;       ;       ;
; Clock Skew                ; 4.684  ;       ;             ;            ;       ;       ;
; Data Delay                ; 4.237  ;       ;             ;            ;       ;       ;
; Number of Logic Levels    ;        ; 2     ;             ;            ;       ;       ;
; Physical Delays           ;        ;       ;             ;            ;       ;       ;
;  Arrival Path             ;        ;       ;             ;            ;       ;       ;
;   Clock                   ;        ;       ;             ;            ;       ;       ;
;    Clock Network (Lumped) ;        ; 1     ; 0.000       ;            ; 0.000 ; 0.000 ;
;   Data                    ;        ;       ;             ;            ;       ;       ;
;    IC                     ;        ; 3     ; 3.013       ; 71         ; 0.000 ; 3.013 ;
;    Cell                   ;        ; 4     ; 1.224       ; 29         ; 0.000 ; 0.533 ;
;  Required Path            ;        ;       ;             ;            ;       ;       ;
;   Clock                   ;        ;       ;             ;            ;       ;       ;
;    IC                     ;        ; 3     ; 3.226       ; 69         ; 0.000 ; 3.226 ;
;    Cell                   ;        ; 4     ; 1.458       ; 31         ; 0.000 ; 0.657 ;
+---------------------------+--------+-------+-------------+------------+-------+-------+
Note: Negative delays are omitted from totals when calculating percentages

+------------------------------------------------------------------------------------------------------------------------+
; Data Arrival Path                                                                                                      ;
+---------+---------+----+------+--------+--------------------+------------+---------------------------------------------+
; Total   ; Incr    ; RF ; Type ; Fanout ; Location           ; HS/LP      ; Element                                     ;
+---------+---------+----+------+--------+--------------------+------------+---------------------------------------------+
; 0.500   ; 0.500   ;    ;      ;        ;                    ;            ; launch edge time                            ;
; 0.500   ; 0.000   ;    ;      ;        ;                    ;            ; clock path                                  ;
;   0.500 ;   0.000 ; F  ;      ;        ;                    ;            ; clock network delay                         ;
;   0.500 ;   0.000 ;    ;      ; 1      ; PIN_AA7            ;            ; rst_i                                       ;
; 0.500   ; 0.000   ; F  ;      ; 1      ; PIN_AA7            ;            ; rst_i                                       ;
; 4.737   ; 4.237   ;    ;      ;        ;                    ;            ; data path                                   ;
;   0.500 ;   0.000 ; FF ; IC   ; 1      ; IOIBUF_X150_Y7_N47 ;            ; rst_i~input|i                               ;
;   1.026 ;   0.526 ; FF ; CELL ; 2      ; IOIBUF_X150_Y7_N47 ;            ; rst_i~input|o                               ;
;   1.191 ;   0.165 ; FF ; CELL ; 1      ; IOIBUF_X150_Y7_N47 ;            ; rst_i~input~io_48_lvds_tile_edge/ioclkin[3] ;
;   1.191 ;   0.000 ; FF ; IC   ; 2      ; CLKCTRL_3A_G_I22   ;            ; rst_i~inputCLKENA0|inclk                    ;
;   1.724 ;   0.533 ; FF ; CELL ; 276    ; CLKCTRL_3A_G_I22   ;            ; rst_i~inputCLKENA0|outclk                   ;
;   4.737 ;   3.013 ; FF ; IC   ; 1      ; FF_X143_Y75_N56    ; High Speed ; t2mi_parser_inst|s_cnt_rd_pck[3]|clrn       ;
;   4.737 ;   0.000 ; FF ; CELL ; 1      ; FF_X143_Y75_N56    ; High Speed ; t2mi_parser_inst|s_cnt_rd_pck[3]            ;
+---------+---------+----+------+--------+--------------------+------------+---------------------------------------------+

+-------------------------------------------------------------------------------------------------------------------------+
; Data Required Path                                                                                                      ;
+---------+---------+----+------+--------+---------------------+------------+---------------------------------------------+
; Total   ; Incr    ; RF ; Type ; Fanout ; Location            ; HS/LP      ; Element                                     ;
+---------+---------+----+------+--------+---------------------+------------+---------------------------------------------+
; 0.000   ; 0.000   ;    ;      ;        ;                     ;            ; latch edge time                             ;
; 4.684   ; 4.684   ;    ;      ;        ;                     ;            ; clock path                                  ;
;   0.000 ;   0.000 ;    ;      ;        ;                     ;            ; source latency                              ;
;   0.000 ;   0.000 ;    ;      ; 1      ; PIN_N5              ;            ; clk_i                                       ;
;   0.000 ;   0.000 ; RR ; IC   ; 1      ; IOIBUF_X150_Y60_N47 ;            ; clk_i~input|i                               ;
;   0.608 ;   0.608 ; RR ; CELL ; 1      ; IOIBUF_X150_Y60_N47 ;            ; clk_i~input|o                               ;
;   0.801 ;   0.193 ; RR ; CELL ; 1      ; IOIBUF_X150_Y60_N47 ;            ; clk_i~input~io_48_lvds_tile_edge/ioclkin[2] ;
;   0.801 ;   0.000 ; RR ; IC   ; 2      ; CLKCTRL_3C_G_I23    ;            ; clk_i~inputCLKENA0|inclk                    ;
;   1.458 ;   0.657 ; RR ; CELL ; 318    ; CLKCTRL_3C_G_I23    ;            ; clk_i~inputCLKENA0|outclk                   ;
;   4.684 ;   3.226 ; RR ; IC   ; 1      ; FF_X143_Y75_N56     ; High Speed ; t2mi_parser_inst|s_cnt_rd_pck[3]|clk        ;
;   4.684 ;   0.000 ; RR ; CELL ; 1      ; FF_X143_Y75_N56     ; High Speed ; t2mi_parser_inst|s_cnt_rd_pck[3]            ;
; 4.714   ; 0.030   ;    ;      ;        ;                     ;            ; clock uncertainty                           ;
; 4.803   ; 0.089   ;    ; uTh  ; 1      ; FF_X143_Y75_N56     ;            ; t2mi_parser_inst|s_cnt_rd_pck[3]            ;
+---------+---------+----+------+--------+---------------------+------------+---------------------------------------------+

----------------------------
; Extra Fitter Information ;
----------------------------
HTML report is unavailable in plain text report export.



----------------
; Command Info ;
----------------
Report Timing: Found 1 setup paths (1 violated).  Worst case slack is -1.704 

Tcl Command:
    report_timing -setup -panel_name {Worst-Case Timing Paths||rst_i||Setup} -to_clock [get_clocks {rst_i}] -npaths 10 -detail full_path

Options:
    -to_clock [get_clocks {rst_i}] 
    -setup 
    -npaths 10 
    -detail full_path 
    -panel_name {Setup} 

Snapshot:
    final

Delay Models:
    Slow 900mV 100C Model
    Slow 900mV 0C Model
    Fast 900mV 100C Model
    Fast 900mV 0C Model


+-----------------------------------------------------------------------------------------------------------------------------------------------------------------------+
; Summary of Paths                                                                                                                                                      ;
+--------+--------------------------------+-------------------------------+--------------+-------------+--------------+------------+------------+-----------------------+
; Slack  ; From Node                      ; To Node                       ; Launch Clock ; Latch Clock ; Relationship ; Clock Skew ; Data Delay ; Worst-Case Corner     ;
+--------+--------------------------------+-------------------------------+--------------+-------------+--------------+------------+------------+-----------------------+
; -1.704 ; t2mi_parser_inst|s_ts_clk_reg1 ; t2mi_parser_inst|tsup_clk_o~1 ; clk_i        ; rst_i       ; 0.096        ; -0.963     ; 0.755      ; Slow 900mV 100C Model ;
+--------+--------------------------------+-------------------------------+--------------+-------------+--------------+------------+------------+-----------------------+


Path #1: Setup slack is -1.704 (VIOLATED)
===============================================================================
+-----------------------------------------------------+
; Path Summary                                        ;
+--------------------+--------------------------------+
; Property           ; Value                          ;
+--------------------+--------------------------------+
; From Node          ; t2mi_parser_inst|s_ts_clk_reg1 ;
; To Node            ; t2mi_parser_inst|tsup_clk_o~1  ;
; Launch Clock       ; clk_i                          ;
; Latch Clock        ; rst_i                          ;
; Data Arrival Time  ; 5.222                          ;
; Data Required Time ; 3.518                          ;
; Slack              ; -1.704 (VIOLATED)              ;
+--------------------+--------------------------------+

+------------------------------------------------------------------------------------+
; Statistics                                                                         ;
+------------------------+--------+-------+-------------+------------+-------+-------+
; Property               ; Value  ; Count ; Total Delay ; % of Total ; Min   ; Max   ;
+------------------------+--------+-------+-------------+------------+-------+-------+
; Setup Relationship     ; 0.096  ;       ;             ;            ;       ;       ;
; Clock Skew             ; -0.963 ;       ;             ;            ;       ;       ;
; Data Delay             ; 0.755  ;       ;             ;            ;       ;       ;
; Number of Logic Levels ;        ; 0     ;             ;            ;       ;       ;
; Physical Delays        ;        ;       ;             ;            ;       ;       ;
;  Arrival Path          ;        ;       ;             ;            ;       ;       ;
;   Clock                ;        ;       ;             ;            ;       ;       ;
;    IC                  ;        ; 3     ; 3.170       ; 71         ; 0.000 ; 3.170 ;
;    Cell                ;        ; 4     ; 1.297       ; 29         ; 0.000 ; 0.583 ;
;   Data                 ;        ;       ;             ;            ;       ;       ;
;    IC                  ;        ; 1     ; 0.371       ; 49         ; 0.371 ; 0.371 ;
;    Cell                ;        ; 2     ; 0.148       ; 20         ; 0.000 ; 0.148 ;
;    uTco                ;        ; 1     ; 0.236       ; 31         ; 0.236 ; 0.236 ;
;  Required Path         ;        ;       ;             ;            ;       ;       ;
;   Clock                ;        ;       ;             ;            ;       ;       ;
;    IC                  ;        ; 2     ; 1.565       ; 45         ; 0.000 ; 1.565 ;
;    Cell                ;        ; 3     ; 1.939       ; 55         ; 0.120 ; 1.278 ;
+------------------------+--------+-------+-------------+------------+-------+-------+
Note: Negative delays are omitted from totals when calculating percentages

+--------------------------------------------------------------------------------------------------------------------------------+
; Data Arrival Path                                                                                                              ;
+---------+---------+----+------+--------+----------------------+------------+---------------------------------------------------+
; Total   ; Incr    ; RF ; Type ; Fanout ; Location             ; HS/LP      ; Element                                           ;
+---------+---------+----+------+--------+----------------------+------------+---------------------------------------------------+
; 0.000   ; 0.000   ;    ;      ;        ;                      ;            ; launch edge time                                  ;
; 4.467   ; 4.467   ;    ;      ;        ;                      ;            ; clock path                                        ;
;   0.000 ;   0.000 ;    ;      ;        ;                      ;            ; source latency                                    ;
;   0.000 ;   0.000 ;    ;      ; 1      ; PIN_N5               ;            ; clk_i                                             ;
;   0.000 ;   0.000 ; RR ; IC   ; 1      ; IOIBUF_X150_Y60_N47  ;            ; clk_i~input|i                                     ;
;   0.538 ;   0.538 ; RR ; CELL ; 1      ; IOIBUF_X150_Y60_N47  ;            ; clk_i~input|o                                     ;
;   0.714 ;   0.176 ; RR ; CELL ; 1      ; IOIBUF_X150_Y60_N47  ;            ; clk_i~input~io_48_lvds_tile_edge/ioclkin[2]       ;
;   0.714 ;   0.000 ; RR ; IC   ; 2      ; CLKCTRL_3C_G_I23     ;            ; clk_i~inputCLKENA0|inclk                          ;
;   1.297 ;   0.583 ; RR ; CELL ; 318    ; CLKCTRL_3C_G_I23     ;            ; clk_i~inputCLKENA0|outclk                         ;
;   4.467 ;   3.170 ; RR ; IC   ; 1      ; FF_X146_Y72_N50      ; High Speed ; t2mi_parser_inst|s_ts_clk_reg1|clk                ;
;   4.467 ;   0.000 ; RR ; CELL ; 1      ; FF_X146_Y72_N50      ; High Speed ; t2mi_parser_inst|s_ts_clk_reg1                    ;
; 5.222   ; 0.755   ;    ;      ;        ;                      ;            ; data path                                         ;
;   4.703 ;   0.236 ; RR ; uTco ; 1      ; FF_X146_Y72_N50      ;            ; t2mi_parser_inst|s_ts_clk_reg1|q                  ;
;   4.851 ;   0.148 ; RR ; CELL ; 14     ; FF_X146_Y72_N50      ; High Speed ; t2mi_parser_inst|s_ts_clk_reg1~la_lab/laboutb[13] ;
;   5.222 ;   0.371 ; RR ; IC   ; 1      ; LABCELL_X147_Y72_N57 ; High Speed ; t2mi_parser_inst|tsup_clk_o~1|dataf               ;
;   5.222 ;   0.000 ; RR ; CELL ; 1      ; LABCELL_X147_Y72_N57 ; High Speed ; t2mi_parser_inst|tsup_clk_o~1                     ;
+---------+---------+----+------+--------+----------------------+------------+---------------------------------------------------+

+----------------------------------------------------------------------------------------------------------------------------------+
; Data Required Path                                                                                                               ;
+---------+---------+----+--------+--------+----------------------+------------+---------------------------------------------------+
; Total   ; Incr    ; RF ; Type   ; Fanout ; Location             ; HS/LP      ; Element                                           ;
+---------+---------+----+--------+--------+----------------------+------------+---------------------------------------------------+
; 0.000   ; 0.000   ;    ;        ;        ;                      ;            ; latch edge time                                   ;
; 0.096   ; 0.096   ;    ; borrow ;        ;                      ;            ; time borrowed                                     ;
; 3.600   ; 3.504   ;    ;        ;        ;                      ;            ; clock path                                        ;
;   0.096 ;   0.000 ;    ;        ;        ;                      ;            ; source latency                                    ;
;   0.096 ;   0.000 ;    ;        ; 1      ; PIN_AA7              ;            ; rst_i                                             ;
;   0.096 ;   0.000 ; RR ; IC     ; 1      ; IOIBUF_X150_Y7_N47   ;            ; rst_i~input|i                                     ;
;   0.637 ;   0.541 ; RR ; CELL   ; 2      ; IOIBUF_X150_Y7_N47   ;            ; rst_i~input|o                                     ;
;   1.915 ;   1.278 ; RR ; CELL   ; 28     ; IOIBUF_X150_Y7_N47   ;            ; rst_i~input~io_48_lvds_tile_edge/cdata_pb25_in[0] ;
;   3.480 ;   1.565 ; RR ; IC     ; 1      ; LABCELL_X147_Y72_N57 ; High Speed ; t2mi_parser_inst|tsup_clk_o~1|datac               ;
;   3.600 ;   0.120 ; RR ; CELL   ; 1      ; LABCELL_X147_Y72_N57 ; High Speed ; t2mi_parser_inst|tsup_clk_o~1                     ;
; 3.570   ; -0.030  ;    ;        ;        ;                      ;            ; clock uncertainty                                 ;
; 3.518   ; -0.052  ;    ; uTsu   ; 1      ; LABCELL_X147_Y72_N57 ;            ; t2mi_parser_inst|tsup_clk_o~1                     ;
+---------+---------+----+--------+--------+----------------------+------------+---------------------------------------------------+

----------------------------
; Extra Fitter Information ;
----------------------------
HTML report is unavailable in plain text report export.



----------------
; Command Info ;
----------------
Report Timing: Found 1 hold paths (0 violated).  Worst case slack is 0.743 

Tcl Command:
    report_timing -hold -panel_name {Worst-Case Timing Paths||rst_i||Hold} -to_clock [get_clocks {rst_i}] -npaths 10 -detail full_path

Options:
    -to_clock [get_clocks {rst_i}] 
    -hold 
    -npaths 10 
    -detail full_path 
    -panel_name {Hold} 

Snapshot:
    final

Delay Models:
    Slow 900mV 100C Model
    Slow 900mV 0C Model
    Fast 900mV 100C Model
    Fast 900mV 0C Model


+-------------------------------------------------------------------------------------------------------------------------------------------------------------------------+
; Summary of Paths                                                                                                                                                        ;
+-------+--------------------------------+-------------------------------+--------------+------------------+--------------+------------+------------+---------------------+
; Slack ; From Node                      ; To Node                       ; Launch Clock ; Latch Clock      ; Relationship ; Clock Skew ; Data Delay ; Worst-Case Corner   ;
+-------+--------------------------------+-------------------------------+--------------+------------------+--------------+------------+------------+---------------------+
; 0.743 ; t2mi_parser_inst|s_ts_clk_reg1 ; t2mi_parser_inst|tsup_clk_o~1 ; clk_i        ; rst_i (INVERTED) ; -0.500       ; 0.306      ; 0.541      ; Slow 900mV 0C Model ;
+-------+--------------------------------+-------------------------------+--------------+------------------+--------------+------------+------------+---------------------+


Path #1: Hold slack is 0.743 
===============================================================================
+-----------------------------------------------------+
; Path Summary                                        ;
+--------------------+--------------------------------+
; Property           ; Value                          ;
+--------------------+--------------------------------+
; From Node          ; t2mi_parser_inst|s_ts_clk_reg1 ;
; To Node            ; t2mi_parser_inst|tsup_clk_o~1  ;
; Launch Clock       ; clk_i                          ;
; Latch Clock        ; rst_i (INVERTED)               ;
; Data Arrival Time  ; 5.890                          ;
; Data Required Time ; 5.147                          ;
; Slack              ; 0.743                          ;
+--------------------+--------------------------------+

+---------------------------------------------------------------------------------------+
; Statistics                                                                            ;
+---------------------------+--------+-------+-------------+------------+-------+-------+
; Property                  ; Value  ; Count ; Total Delay ; % of Total ; Min   ; Max   ;
+---------------------------+--------+-------+-------------+------------+-------+-------+
; Hold Relationship         ; -0.500 ;       ;             ;            ;       ;       ;
; Clock Skew                ; 0.306  ;       ;             ;            ;       ;       ;
; Data Delay                ; 0.541  ;       ;             ;            ;       ;       ;
; Number of Logic Levels    ;        ; 0     ;             ;            ;       ;       ;
; Physical Delays           ;        ;       ;             ;            ;       ;       ;
;  Arrival Path             ;        ;       ;             ;            ;       ;       ;
;   Clock                   ;        ;       ;             ;            ;       ;       ;
;    IC                     ;        ; 3     ; 3.004       ; 69         ; 0.000 ; 3.004 ;
;    Cell                   ;        ; 4     ; 1.345       ; 31         ; 0.000 ; 0.608 ;
;   Data                    ;        ;       ;             ;            ;       ;       ;
;    IC                     ;        ; 1     ; 0.255       ; 47         ; 0.255 ; 0.255 ;
;    Cell                   ;        ; 2     ; 0.071       ; 13         ; 0.000 ; 0.071 ;
;    uTco                   ;        ; 1     ; 0.215       ; 40         ; 0.215 ; 0.215 ;
;  Required Path            ;        ;       ;             ;            ;       ;       ;
;   Clock                   ;        ;       ;             ;            ;       ;       ;
;    Clock Network (Lumped) ;        ; 1     ; 4.655       ; 100        ; 4.655 ; 4.655 ;
+---------------------------+--------+-------+-------------+------------+-------+-------+
Note: Negative delays are omitted from totals when calculating percentages

+--------------------------------------------------------------------------------------------------------------------------------+
; Data Arrival Path                                                                                                              ;
+---------+---------+----+------+--------+----------------------+------------+---------------------------------------------------+
; Total   ; Incr    ; RF ; Type ; Fanout ; Location             ; HS/LP      ; Element                                           ;
+---------+---------+----+------+--------+----------------------+------------+---------------------------------------------------+
; 1.000   ; 1.000   ;    ;      ;        ;                      ;            ; launch edge time                                  ;
; 5.349   ; 4.349   ;    ;      ;        ;                      ;            ; clock path                                        ;
;   1.000 ;   0.000 ;    ;      ;        ;                      ;            ; source latency                                    ;
;   1.000 ;   0.000 ;    ;      ; 1      ; PIN_N5               ;            ; clk_i                                             ;
;   1.000 ;   0.000 ; RR ; IC   ; 1      ; IOIBUF_X150_Y60_N47  ;            ; clk_i~input|i                                     ;
;   1.608 ;   0.608 ; RR ; CELL ; 1      ; IOIBUF_X150_Y60_N47  ;            ; clk_i~input|o                                     ;
;   1.768 ;   0.160 ; RR ; CELL ; 1      ; IOIBUF_X150_Y60_N47  ;            ; clk_i~input~io_48_lvds_tile_edge/ioclkin[2]       ;
;   1.768 ;   0.000 ; RR ; IC   ; 2      ; CLKCTRL_3C_G_I23     ;            ; clk_i~inputCLKENA0|inclk                          ;
;   2.345 ;   0.577 ; RR ; CELL ; 318    ; CLKCTRL_3C_G_I23     ;            ; clk_i~inputCLKENA0|outclk                         ;
;   5.349 ;   3.004 ; RR ; IC   ; 1      ; FF_X146_Y72_N50      ; High Speed ; t2mi_parser_inst|s_ts_clk_reg1|clk                ;
;   5.349 ;   0.000 ; RR ; CELL ; 1      ; FF_X146_Y72_N50      ; High Speed ; t2mi_parser_inst|s_ts_clk_reg1                    ;
; 5.890   ; 0.541   ;    ;      ;        ;                      ;            ; data path                                         ;
;   5.564 ;   0.215 ; FF ; uTco ; 1      ; FF_X146_Y72_N50      ;            ; t2mi_parser_inst|s_ts_clk_reg1|q                  ;
;   5.635 ;   0.071 ; FF ; CELL ; 14     ; FF_X146_Y72_N50      ; High Speed ; t2mi_parser_inst|s_ts_clk_reg1~la_lab/laboutb[13] ;
;   5.890 ;   0.255 ; FF ; IC   ; 1      ; LABCELL_X147_Y72_N57 ; High Speed ; t2mi_parser_inst|tsup_clk_o~1|dataf               ;
;   5.890 ;   0.000 ; FF ; CELL ; 1      ; LABCELL_X147_Y72_N57 ; High Speed ; t2mi_parser_inst|tsup_clk_o~1                     ;
+---------+---------+----+------+--------+----------------------+------------+---------------------------------------------------+

+---------------------------------------------------------------------------------------------------------+
; Data Required Path                                                                                      ;
+---------+---------+----+--------+--------+----------------------+-------+-------------------------------+
; Total   ; Incr    ; RF ; Type   ; Fanout ; Location             ; HS/LP ; Element                       ;
+---------+---------+----+--------+--------+----------------------+-------+-------------------------------+
; 0.500   ; 0.500   ;    ;        ;        ;                      ;       ; latch edge time               ;
; 0.500   ; 0.000   ;    ; borrow ;        ;                      ;       ; time borrowed                 ;
; 5.155   ; 4.655   ;    ;        ;        ;                      ;       ; clock path                    ;
;   5.155 ;   4.655 ; F  ;        ;        ;                      ;       ; clock network delay           ;
; 5.185   ; 0.030   ;    ;        ;        ;                      ;       ; clock uncertainty             ;
; 5.147   ; -0.038  ;    ; uTh    ; 1      ; LABCELL_X147_Y72_N57 ;       ; t2mi_parser_inst|tsup_clk_o~1 ;
+---------+---------+----+--------+--------+----------------------+-------+-------------------------------+

----------------------------
; Extra Fitter Information ;
----------------------------
HTML report is unavailable in plain text report export.



+--------------------------+
; Timing Analyzer Messages ;
+--------------------------+
Info (20030): Parallel compilation is enabled and will use 4 of the 4 processors detected
Info: *******************************************************************
Info: Running Quartus Prime Timing Analyzer
    Info: Version 19.4.0 Build 64 12/04/2019 Patches 0.39,0.35 SC Pro Edition
    Info: Processing started: Thu May 28 11:07:15 2026
    Info: System process ID: 71760
Info: Command: quartus_sta t2mi_to_ts -c t2mi_to_ts --mode=finalize
Info: qsta_default_script.tcl version: #1
Info (16677): Loading final database
Info (16734): Loading "final" snapshot for partition "root_partition".
Info (16678): Successfully loaded final database: elapsed time is 00:00:01
Info (21077): Low junction temperature is 0 degrees C
Info (21077): High junction temperature is 100 degrees C
Info (19539): Reading the HDL-embedded SDC files elapsed 00:00:00.
Critical Warning (332012): Synopsys Design Constraints File file not found: 't2mi_to_ts.sdc'. A Synopsys Design Constraints File is required by the Timing Analyzer to get proper timing constraints. Without it, the Compiler will not properly optimize the design.
Info (19449): Reading SDC files elapsed 00:00:00.
Critical Warning (19317): No user constrained base clocks found in the design. Calling "derive_clocks -period 1.0"
Info (332105): Deriving Clocks
    Info (332105): create_clock -period 1.000 -name clk_i clk_i
    Info (332105): create_clock -period 1.000 -name rst_i rst_i
Info (332143): No user constrained clock uncertainty found in the design. Calling "derive_clock_uncertainty"
Info (332123): Deriving Clock Uncertainty. Please refer to report_sdc in the Timing Analyzer to see clock uncertainties.
Info: Found TIMING_ANALYZER_REPORT_SCRIPT_INCLUDE_DEFAULT_ANALYSIS = ON
Info: Analyzing Slow 900mV 100C Model
Critical Warning (332148): Timing requirements not met
    Info (11105): For recommendations on closing timing, run Report Timing Closure Recommendations in the Timing Analyzer.
Info (332146): Worst-case setup slack is -2.146
    Info (332119):     Slack       End Point TNS      Clock 
    Info (332119): ========= =================== ========== 
    Info (332119):    -2.146            -328.996      clk_i 
    Info (332119):    -1.704              -1.704      rst_i 
Info (332146): Worst-case hold slack is 0.085
    Info (332119):     Slack       End Point TNS      Clock 
    Info (332119): ========= =================== ========== 
    Info (332119):     0.085               0.000      clk_i 
    Info (332119):     0.871               0.000      rst_i 
Info (332146): Worst-case recovery slack is 0.012
    Info (332119):     Slack       End Point TNS      Clock 
    Info (332119): ========= =================== ========== 
    Info (332119):     0.012               0.000      clk_i 
Info (332146): Worst-case removal slack is 0.038
    Info (332119):     Slack       End Point TNS      Clock 
    Info (332119): ========= =================== ========== 
    Info (332119):     0.038               0.000      clk_i 
Info (332146): Worst-case minimum pulse width slack is -1.083
    Info (332119):     Slack       End Point TNS      Clock 
    Info (332119): ========= =================== ========== 
    Info (332119):    -1.083             -18.102      clk_i 
    Info (332119):    -0.550              -0.550      rst_i 
Info: Analyzing Slow 900mV 0C Model
Info (332146): Worst-case setup slack is -1.973
    Info (332119):     Slack       End Point TNS      Clock 
    Info (332119): ========= =================== ========== 
    Info (332119):    -1.973            -319.189      clk_i 
    Info (332119):    -1.656              -1.656      rst_i 
Info (332146): Worst-case hold slack is 0.086
    Info (332119):     Slack       End Point TNS      Clock 
    Info (332119): ========= =================== ========== 
    Info (332119):     0.086               0.000      clk_i 
    Info (332119):     0.743               0.000      rst_i 
Info (332146): Worst-case recovery slack is 0.071
    Info (332119):     Slack       End Point TNS      Clock 
    Info (332119): ========= =================== ========== 
    Info (332119):     0.071               0.000      clk_i 
Info (332146): Worst-case removal slack is -0.072
    Info (332119):     Slack       End Point TNS      Clock 
    Info (332119): ========= =================== ========== 
    Info (332119):    -0.072             -13.601      clk_i 
Info (332146): Worst-case minimum pulse width slack is -1.083
    Info (332119):     Slack       End Point TNS      Clock 
    Info (332119): ========= =================== ========== 
    Info (332119):    -1.083             -18.806      clk_i 
    Info (332119):    -0.550              -0.559      rst_i 
Info: Analyzing Fast 900mV 100C Model
Info (332146): Worst-case setup slack is -1.528
    Info (332119):     Slack       End Point TNS      Clock 
    Info (332119): ========= =================== ========== 
    Info (332119):    -1.528            -100.030      clk_i 
    Info (332119):    -0.871              -0.871      rst_i 
Info (332146): Worst-case hold slack is 0.021
    Info (332119):     Slack       End Point TNS      Clock 
    Info (332119): ========= =================== ========== 
    Info (332119):     0.021               0.000      clk_i 
    Info (332119):     0.807               0.000      rst_i 
Info (332146): Worst-case recovery slack is 0.043
    Info (332119):     Slack       End Point TNS      Clock 
    Info (332119): ========= =================== ========== 
    Info (332119):     0.043               0.000      clk_i 
Info (332146): Worst-case removal slack is 0.334
    Info (332119):     Slack       End Point TNS      Clock 
    Info (332119): ========= =================== ========== 
    Info (332119):     0.334               0.000      clk_i 
Info (332146): Worst-case minimum pulse width slack is -0.550
    Info (332119):     Slack       End Point TNS      Clock 
    Info (332119): ========= =================== ========== 
    Info (332119):    -0.550              -6.470      clk_i 
    Info (332119):    -0.550              -0.550      rst_i 
Info: Analyzing Fast 900mV 0C Model
Info (332146): Worst-case setup slack is -1.141
    Info (332119):     Slack       End Point TNS      Clock 
    Info (332119): ========= =================== ========== 
    Info (332119):    -1.141             -51.095      clk_i 
    Info (332119):    -0.722              -0.722      rst_i 
Info (332146): Worst-case hold slack is 0.019
    Info (332119):     Slack       End Point TNS      Clock 
    Info (332119): ========= =================== ========== 
    Info (332119):     0.019               0.000      clk_i 
    Info (332119):     0.762               0.000      rst_i 
Info (332146): Worst-case recovery slack is 0.093
    Info (332119):     Slack       End Point TNS      Clock 
    Info (332119): ========= =================== ========== 
    Info (332119):     0.093               0.000      clk_i 
Info (332146): Worst-case removal slack is 0.331
    Info (332119):     Slack       End Point TNS      Clock 
    Info (332119): ========= =================== ========== 
    Info (332119):     0.331               0.000      clk_i 
Info (332146): Worst-case minimum pulse width slack is -0.550
    Info (332119):     Slack       End Point TNS      Clock 
    Info (332119): ========= =================== ========== 
    Info (332119):    -0.550              -6.470      clk_i 
    Info (332119):    -0.550              -0.550      rst_i 
Info (332102): Design is not fully constrained for setup requirements
Info (332102): Design is not fully constrained for hold requirements
Info: Quartus Prime Timing Analyzer was successful. 0 errors, 3 warnings
    Info: Peak virtual memory: 2824 megabytes
    Info: Processing ended: Thu May 28 11:07:22 2026
    Info: Elapsed time: 00:00:07
    Info: System process ID: 71760


+------------------------------------------------+
; Unconstrained Paths Summary                    ;
+---------------------------------+-------+------+
; Property                        ; Setup ; Hold ;
+---------------------------------+-------+------+
; Illegal Clocks                  ; 0     ; 0    ;
; Unconstrained Clocks            ; 0     ; 0    ;
; Unconstrained Input Ports       ; 25    ; 25   ;
; Unconstrained Input Port Paths  ; 35    ; 35   ;
; Unconstrained Output Ports      ; 11    ; 11   ;
; Unconstrained Output Port Paths ; 14    ; 14   ;
+---------------------------------+-------+------+


+-------------------------------------+
; Clock Status Summary                ;
+--------+-------+------+-------------+
; Target ; Clock ; Type ; Status      ;
+--------+-------+------+-------------+
; clk_i  ; clk_i ; Base ; Constrained ;
; rst_i  ; rst_i ; Base ; Constrained ;
+--------+-------+------+-------------+


+------------------------------------------------------------------------------------------------------------+
; Unconstrained Input Ports                                                                                  ;
+---------------------+--------------------------------------------------------------------------------------+
; Input Port          ; Comment                                                                              ;
+---------------------+--------------------------------------------------------------------------------------+
; rst_i               ; No input delay, min/max delays, false-path exceptions, or max skew assignments found ;
; ts_clk_i            ; No input delay, min/max delays, false-path exceptions, or max skew assignments found ;
; ts_data_i[0]        ; No input delay, min/max delays, false-path exceptions, or max skew assignments found ;
; ts_data_i[1]        ; No input delay, min/max delays, false-path exceptions, or max skew assignments found ;
; ts_data_i[2]        ; No input delay, min/max delays, false-path exceptions, or max skew assignments found ;
; ts_data_i[3]        ; No input delay, min/max delays, false-path exceptions, or max skew assignments found ;
; ts_data_i[4]        ; No input delay, min/max delays, false-path exceptions, or max skew assignments found ;
; ts_data_i[5]        ; No input delay, min/max delays, false-path exceptions, or max skew assignments found ;
; ts_data_i[6]        ; No input delay, min/max delays, false-path exceptions, or max skew assignments found ;
; ts_data_i[7]        ; No input delay, min/max delays, false-path exceptions, or max skew assignments found ;
; ts_sync_i           ; No input delay, min/max delays, false-path exceptions, or max skew assignments found ;
; ts_target_pid_i[0]  ; No input delay, min/max delays, false-path exceptions, or max skew assignments found ;
; ts_target_pid_i[1]  ; No input delay, min/max delays, false-path exceptions, or max skew assignments found ;
; ts_target_pid_i[2]  ; No input delay, min/max delays, false-path exceptions, or max skew assignments found ;
; ts_target_pid_i[3]  ; No input delay, min/max delays, false-path exceptions, or max skew assignments found ;
; ts_target_pid_i[4]  ; No input delay, min/max delays, false-path exceptions, or max skew assignments found ;
; ts_target_pid_i[5]  ; No input delay, min/max delays, false-path exceptions, or max skew assignments found ;
; ts_target_pid_i[6]  ; No input delay, min/max delays, false-path exceptions, or max skew assignments found ;
; ts_target_pid_i[7]  ; No input delay, min/max delays, false-path exceptions, or max skew assignments found ;
; ts_target_pid_i[8]  ; No input delay, min/max delays, false-path exceptions, or max skew assignments found ;
; ts_target_pid_i[9]  ; No input delay, min/max delays, false-path exceptions, or max skew assignments found ;
; ts_target_pid_i[10] ; No input delay, min/max delays, false-path exceptions, or max skew assignments found ;
; ts_target_pid_i[11] ; No input delay, min/max delays, false-path exceptions, or max skew assignments found ;
; ts_target_pid_i[12] ; No input delay, min/max delays, false-path exceptions, or max skew assignments found ;
; ts_valid_i          ; No input delay, min/max delays, false-path exceptions, or max skew assignments found ;
+---------------------+--------------------------------------------------------------------------------------+


+--------------------------------------------------------------------------------------------------------+
; Unconstrained Output Ports                                                                             ;
+----------------+---------------------------------------------------------------------------------------+
; Output Port    ; Comment                                                                               ;
+----------------+---------------------------------------------------------------------------------------+
; tsup_clk_o     ; No output delay, min/max delays, false-path exceptions, or max skew assignments found ;
; tsup_data_o[0] ; No output delay, min/max delays, false-path exceptions, or max skew assignments found ;
; tsup_data_o[1] ; No output delay, min/max delays, false-path exceptions, or max skew assignments found ;
; tsup_data_o[2] ; No output delay, min/max delays, false-path exceptions, or max skew assignments found ;
; tsup_data_o[3] ; No output delay, min/max delays, false-path exceptions, or max skew assignments found ;
; tsup_data_o[4] ; No output delay, min/max delays, false-path exceptions, or max skew assignments found ;
; tsup_data_o[5] ; No output delay, min/max delays, false-path exceptions, or max skew assignments found ;
; tsup_data_o[6] ; No output delay, min/max delays, false-path exceptions, or max skew assignments found ;
; tsup_data_o[7] ; No output delay, min/max delays, false-path exceptions, or max skew assignments found ;
; tsup_sync_o    ; No output delay, min/max delays, false-path exceptions, or max skew assignments found ;
; tsup_valid_o   ; No output delay, min/max delays, false-path exceptions, or max skew assignments found ;
+----------------+---------------------------------------------------------------------------------------+


+------------------------------------------------------------------------------------------------------------+
; Unconstrained Input Ports                                                                                  ;
+---------------------+--------------------------------------------------------------------------------------+
; Input Port          ; Comment                                                                              ;
+---------------------+--------------------------------------------------------------------------------------+
; rst_i               ; No input delay, min/max delays, false-path exceptions, or max skew assignments found ;
; ts_clk_i            ; No input delay, min/max delays, false-path exceptions, or max skew assignments found ;
; ts_data_i[0]        ; No input delay, min/max delays, false-path exceptions, or max skew assignments found ;
; ts_data_i[1]        ; No input delay, min/max delays, false-path exceptions, or max skew assignments found ;
; ts_data_i[2]        ; No input delay, min/max delays, false-path exceptions, or max skew assignments found ;
; ts_data_i[3]        ; No input delay, min/max delays, false-path exceptions, or max skew assignments found ;
; ts_data_i[4]        ; No input delay, min/max delays, false-path exceptions, or max skew assignments found ;
; ts_data_i[5]        ; No input delay, min/max delays, false-path exceptions, or max skew assignments found ;
; ts_data_i[6]        ; No input delay, min/max delays, false-path exceptions, or max skew assignments found ;
; ts_data_i[7]        ; No input delay, min/max delays, false-path exceptions, or max skew assignments found ;
; ts_sync_i           ; No input delay, min/max delays, false-path exceptions, or max skew assignments found ;
; ts_target_pid_i[0]  ; No input delay, min/max delays, false-path exceptions, or max skew assignments found ;
; ts_target_pid_i[1]  ; No input delay, min/max delays, false-path exceptions, or max skew assignments found ;
; ts_target_pid_i[2]  ; No input delay, min/max delays, false-path exceptions, or max skew assignments found ;
; ts_target_pid_i[3]  ; No input delay, min/max delays, false-path exceptions, or max skew assignments found ;
; ts_target_pid_i[4]  ; No input delay, min/max delays, false-path exceptions, or max skew assignments found ;
; ts_target_pid_i[5]  ; No input delay, min/max delays, false-path exceptions, or max skew assignments found ;
; ts_target_pid_i[6]  ; No input delay, min/max delays, false-path exceptions, or max skew assignments found ;
; ts_target_pid_i[7]  ; No input delay, min/max delays, false-path exceptions, or max skew assignments found ;
; ts_target_pid_i[8]  ; No input delay, min/max delays, false-path exceptions, or max skew assignments found ;
; ts_target_pid_i[9]  ; No input delay, min/max delays, false-path exceptions, or max skew assignments found ;
; ts_target_pid_i[10] ; No input delay, min/max delays, false-path exceptions, or max skew assignments found ;
; ts_target_pid_i[11] ; No input delay, min/max delays, false-path exceptions, or max skew assignments found ;
; ts_target_pid_i[12] ; No input delay, min/max delays, false-path exceptions, or max skew assignments found ;
; ts_valid_i          ; No input delay, min/max delays, false-path exceptions, or max skew assignments found ;
+---------------------+--------------------------------------------------------------------------------------+


+--------------------------------------------------------------------------------------------------------+
; Unconstrained Output Ports                                                                             ;
+----------------+---------------------------------------------------------------------------------------+
; Output Port    ; Comment                                                                               ;
+----------------+---------------------------------------------------------------------------------------+
; tsup_clk_o     ; No output delay, min/max delays, false-path exceptions, or max skew assignments found ;
; tsup_data_o[0] ; No output delay, min/max delays, false-path exceptions, or max skew assignments found ;
; tsup_data_o[1] ; No output delay, min/max delays, false-path exceptions, or max skew assignments found ;
; tsup_data_o[2] ; No output delay, min/max delays, false-path exceptions, or max skew assignments found ;
; tsup_data_o[3] ; No output delay, min/max delays, false-path exceptions, or max skew assignments found ;
; tsup_data_o[4] ; No output delay, min/max delays, false-path exceptions, or max skew assignments found ;
; tsup_data_o[5] ; No output delay, min/max delays, false-path exceptions, or max skew assignments found ;
; tsup_data_o[6] ; No output delay, min/max delays, false-path exceptions, or max skew assignments found ;
; tsup_data_o[7] ; No output delay, min/max delays, false-path exceptions, or max skew assignments found ;
; tsup_sync_o    ; No output delay, min/max delays, false-path exceptions, or max skew assignments found ;
; tsup_valid_o   ; No output delay, min/max delays, false-path exceptions, or max skew assignments found ;
+----------------+---------------------------------------------------------------------------------------+


+--------------------------------------------------------------------------------+
; Multicorner Timing Analysis Summary                                            ;
+------------------+----------+-------+----------+---------+---------------------+
; Clock            ; Setup    ; Hold  ; Recovery ; Removal ; Minimum Pulse Width ;
+------------------+----------+-------+----------+---------+---------------------+
; Worst-case Slack ; -2.146   ; 0.019 ; 0.012    ; -0.072  ; -1.083              ;
;  clk_i           ; -2.146   ; 0.019 ; 0.012    ; -0.072  ; -1.083              ;
;  rst_i           ; -1.704   ; 0.743 ; N/A      ; N/A     ; -0.550              ;
; Design-wide TNS  ; -330.7   ; 0.0   ; 0.0      ; -13.601 ; -19.365             ;
;  clk_i           ; -328.996 ; 0.000 ; 0.000    ; -13.601 ; -18.806             ;
;  rst_i           ; -1.704   ; 0.000 ; N/A      ; N/A     ; -0.559              ;
+------------------+----------+-------+----------+---------+---------------------+


