Fitter Plan Stage Report for t2mi_to_ts
Thu May 28 11:06:26 2026
Quartus Prime Version 19.4.0 Build 64 12/04/2019 Patches 0.39,0.35 SC Pro Edition


---------------------
; Table of Contents ;
---------------------
  1. Legal Notice
  2. Fitter Device Options
  3. Operating Settings and Conditions
  4. Pin-Out File
  5. Input Pins
  6. Output Pins
  7. I/O Bank Usage
  8. All Package Pins
  9. I/O Assignment Warnings
 10. Control Signals
 11. Global & Other Fast Signals Summary
 12. Global & Other Fast Signals Details
 13. Plan Messages



----------------
; Legal Notice ;
----------------
Copyright (C) 2019  Intel Corporation. All rights reserved.
Your use of Intel Corporation's design tools, logic functions 
and other software and tools, and any partner logic 
functions, and any output files from any of the foregoing 
(including device programming or simulation files), and any 
associated documentation or information are expressly subject 
to the terms and conditions of the Intel Program License 
Subscription Agreement, the Intel Quartus Prime License Agreement,
the Intel FPGA IP License Agreement, or other applicable license
agreement, including, without limitation, that your use is for
the sole purpose of programming logic devices manufactured by
Intel and sold by Intel or its authorized distributors.  Please
refer to the applicable agreement for further details, at
https://fpgasoftware.intel.com/eula.



+------------------------------------------------------------------------------------------------+
; Fitter Device Options                                                                          ;
+------------------------------------------------------------------+-----------------------------+
; Option                                                           ; Setting                     ;
+------------------------------------------------------------------+-----------------------------+
; Enable user-supplied start-up clock (CLKUSR)                     ; Off                         ;
; Enable device-wide reset (DEV_CLRn)                              ; Off                         ;
; Enable device-wide output enable (DEV_OE)                        ; Off                         ;
; Enable INIT_DONE output                                          ; Off                         ;
; Configuration scheme                                             ; Passive Serial              ;
; Enable Error Detection CRC_ERROR pin                             ; Off                         ;
; Enable CvP_CONFDONE pin                                          ; Off                         ;
; Enable open drain on CRC_ERROR pin                               ; On                          ;
; Enable open drain on CvP_CONFDONE pin                            ; On                          ;
; Enable open drain on INIT_DONE pin                               ; On                          ;
; Enable open drain on Partial Reconfiguration pins                ; Off                         ;
; Enable open drain on nCEO pin                                    ; On                          ;
; Enable Partial Reconfiguration pins                              ; Off                         ;
; Enable input tri-state on active configuration pins in user mode ; Off                         ;
; Enable internal scrubbing                                        ; Off                         ;
; Active Serial clock source                                       ; 100 MHz Internal Oscillator ;
; Configuration clock source                                       ; Internal Oscillator         ;
; Configuration via Protocol                                       ; Off                         ;
; Configuration Voltage Level                                      ; Auto                        ;
; Force Configuration Voltage Level                                ; Off                         ;
; Enable nCEO output                                               ; Off                         ;
; Data[7..1]                                                       ; Unreserved                  ;
; Data[0]                                                          ; As input tri-stated         ;
; Data[31..16]                                                     ; Unreserved                  ;
; Data[15..8]                                                      ; Unreserved                  ;
+------------------------------------------------------------------+-----------------------------+


+------------------------------------+
; Operating Settings and Conditions  ;
+---------------------------+--------+
; Setting                   ; Value  ;
+---------------------------+--------+
; Nominal Core Voltage      ; 0.90 V ;
; Low Junction Temperature  ; 0 °C   ;
; High Junction Temperature ; 100 °C ;
+---------------------------+--------+


+--------------+
; Pin-Out File ;
+--------------+
The pin-out file can be found in /home/diefre/TFM/projects/DVB-T/scripts/t2mi_analyzer/test_bench/vhdl/output_files/t2mi_to_ts.pin.


+---------------------------------------------------------------------------------------------------------------------------------------------------------------------------------------------------------------------------------------------------------------------------------------+
; Input Pins                                                                                                                                                                                                                                                                            ;
+--------------------------+-------+----------+--------------+--------------+--------------+-----------------------+--------------------+--------+----------------+----------+--------------+--------------+-------------+---------------------------+----------------------+-----------+
; Name                     ; Pin # ; I/O Bank ; X coordinate ; Y coordinate ; Z coordinate ; Combinational Fan-Out ; Registered Fan-Out ; Global ; Input Register ; Bus Hold ; Weak Pull Up ; I/O Standard ; Termination ; Termination Control Block ; Location assigned by ; Slew Rate ;
+--------------------------+-------+----------+--------------+--------------+--------------+-----------------------+--------------------+--------+----------------+----------+--------------+--------------+-------------+---------------------------+----------------------+-----------+
; clk_i                    ; N5    ; 3C       ; 150          ; 60           ; 46           ; 281                   ; 0                  ; yes    ; no             ; no       ; Off          ; 1.8 V        ; Off         ; --                        ; Fitter               ; no        ;
; rst_i                    ; AA7   ; 3A       ; 150          ; 7            ; 46           ; 267                   ; 0                  ; yes    ; no             ; no       ; Off          ; 1.8 V        ; Off         ; --                        ; Fitter               ; no        ;
; ts_clk_i                 ; G4    ; 3C       ; 150          ; 64           ; 61           ; 2                     ; 0                  ; no     ; no             ; no       ; Off          ; 1.8 V        ; Off         ; --                        ; Fitter               ; no        ;
; ts_data_i[0]             ; H3    ; 3C       ; 150          ; 64           ; 16           ; 2                     ; 0                  ; no     ; no             ; no       ; Off          ; 1.8 V        ; Off         ; --                        ; Fitter               ; no        ;
; ts_data_i[1]             ; K6    ; 3C       ; 150          ; 67           ; 61           ; 2                     ; 0                  ; no     ; no             ; no       ; Off          ; 1.8 V        ; Off         ; --                        ; Fitter               ; no        ;
; ts_data_i[2]             ; C2    ; 3C       ; 150          ; 71           ; 16           ; 2                     ; 0                  ; no     ; no             ; no       ; Off          ; 1.8 V        ; Off         ; --                        ; Fitter               ; no        ;
; ts_data_i[3]             ; J5    ; 3C       ; 150          ; 65           ; 46           ; 2                     ; 0                  ; no     ; no             ; no       ; Off          ; 1.8 V        ; Off         ; --                        ; Fitter               ; no        ;
; ts_data_i[4]             ; E1    ; 3C       ; 150          ; 61           ; 16           ; 2                     ; 0                  ; no     ; no             ; no       ; Off          ; 1.8 V        ; Off         ; --                        ; Fitter               ; no        ;
; ts_data_i[5]             ; D3    ; 3C       ; 150          ; 60           ; 31           ; 2                     ; 0                  ; no     ; no             ; no       ; Off          ; 1.8 V        ; Off         ; --                        ; Fitter               ; no        ;
; ts_data_i[6]             ; G3    ; 3C       ; 150          ; 66           ; 16           ; 2                     ; 0                  ; no     ; no             ; no       ; Off          ; 1.8 V        ; Off         ; --                        ; Fitter               ; no        ;
; ts_data_i[7]             ; D2    ; 3C       ; 150          ; 70           ; 16           ; 2                     ; 0                  ; no     ; no             ; no       ; Off          ; 1.8 V        ; Off         ; --                        ; Fitter               ; no        ;
; ts_sync_i                ; B1    ; 3C       ; 150          ; 63           ; 16           ; 1                     ; 0                  ; no     ; no             ; no       ; Off          ; 1.8 V        ; Off         ; --                        ; Fitter               ; no        ;
; ts_target_pid_i[0]       ; J7    ; 3C       ; 150          ; 63           ; 61           ; 1                     ; 0                  ; no     ; no             ; no       ; Off          ; 1.8 V        ; Off         ; --                        ; Fitter               ; no        ;
; ts_target_pid_i[10]      ; N6    ; 3C       ; 150          ; 68           ; 46           ; 1                     ; 0                  ; no     ; no             ; no       ; Off          ; 1.8 V        ; Off         ; --                        ; Fitter               ; no        ;
; ts_target_pid_i[11]      ; P9    ; 3C       ; 150          ; 70           ; 46           ; 1                     ; 0                  ; no     ; no             ; no       ; Off          ; 1.8 V        ; Off         ; --                        ; Fitter               ; no        ;
; ts_target_pid_i[12]      ; H5    ; 3C       ; 150          ; 65           ; 61           ; 1                     ; 0                  ; no     ; no             ; no       ; Off          ; 1.8 V        ; Off         ; --                        ; Fitter               ; no        ;
; ts_target_pid_i[1]       ; R6    ; 3C       ; 150          ; 66           ; 46           ; 1                     ; 0                  ; no     ; no             ; no       ; Off          ; 1.8 V        ; Off         ; --                        ; Fitter               ; no        ;
; ts_target_pid_i[2]       ; P8    ; 3C       ; 150          ; 71           ; 46           ; 1                     ; 0                  ; no     ; no             ; no       ; Off          ; 1.8 V        ; Off         ; --                        ; Fitter               ; no        ;
; ts_target_pid_i[3]       ; M8    ; 3C       ; 150          ; 61           ; 61           ; 1                     ; 0                  ; no     ; no             ; no       ; Off          ; 1.8 V        ; Off         ; --                        ; Fitter               ; no        ;
; ts_target_pid_i[4]       ; B3    ; 3C       ; 150          ; 68           ; 31           ; 1                     ; 0                  ; no     ; no             ; no       ; Off          ; 1.8 V        ; Off         ; --                        ; Fitter               ; no        ;
; ts_target_pid_i[5]       ; F2    ; 3C       ; 150          ; 68           ; 16           ; 1                     ; 0                  ; no     ; no             ; no       ; Off          ; 1.8 V        ; Off         ; --                        ; Fitter               ; no        ;
; ts_target_pid_i[6]       ; F3    ; 3C       ; 150          ; 67           ; 16           ; 1                     ; 0                  ; no     ; no             ; no       ; Off          ; 1.8 V        ; Off         ; --                        ; Fitter               ; no        ;
; ts_target_pid_i[7]       ; A3    ; 3C       ; 150          ; 63           ; 31           ; 1                     ; 0                  ; no     ; no             ; no       ; Off          ; 1.8 V        ; Off         ; --                        ; Fitter               ; no        ;
; ts_target_pid_i[8]       ; B4    ; 3C       ; 150          ; 67           ; 31           ; 1                     ; 0                  ; no     ; no             ; no       ; Off          ; 1.8 V        ; Off         ; --                        ; Fitter               ; no        ;
; ts_target_pid_i[9]       ; A2    ; 3C       ; 150          ; 62           ; 31           ; 1                     ; 0                  ; no     ; no             ; no       ; Off          ; 1.8 V        ; Off         ; --                        ; Fitter               ; no        ;
; ts_target_pid_received_i ; H7    ; 3C       ; 150          ; 71           ; 61           ; 0                     ; 0                  ; no     ; no             ; no       ; Off          ; 1.8 V        ; Off         ; --                        ; Fitter               ; no        ;
; ts_valid_i               ; K5    ; 3C       ; 150          ; 64           ; 46           ; 2                     ; 0                  ; no     ; no             ; no       ; Off          ; 1.8 V        ; Off         ; --                        ; Fitter               ; no        ;
+--------------------------+-------+----------+--------------+--------------+--------------+-----------------------+--------------------+--------+----------------+----------+--------------+--------------+-------------+---------------------------+----------------------+-----------+


+-------------------------------------------------------------------------------------------------------------------------------------------------------------------------------------------------------------------------------------------------------------------------------------------------------------------------------------------------------------------------------------------------------------------------------+
; Output Pins                                                                                                                                                                                                                                                                                                                                                                                                                   ;
+----------------+-------+----------+--------------+--------------+--------------+-----------------+------------------------+-----------+------------+---------------+----------+--------------+--------------+------------------+-----------------------------------+---------------------------+----------------------------+-----------------------------+----------------------+----------------------+---------------------+
; Name           ; Pin # ; I/O Bank ; X coordinate ; Y coordinate ; Z coordinate ; Output Register ; Output Enable Register ; Slew Rate ; Open Drain ; TRI Primitive ; Bus Hold ; Weak Pull Up ; I/O Standard ; Current Strength ; Termination                       ; Termination Control Block ; Output Buffer Pre-emphasis ; Voltage Output Differential ; Location assigned by ; Output Enable Source ; Output Enable Group ;
+----------------+-------+----------+--------------+--------------+--------------+-----------------+------------------------+-----------+------------+---------------+----------+--------------+--------------+------------------+-----------------------------------+---------------------------+----------------------------+-----------------------------+----------------------+----------------------+---------------------+
; tsup_clk_o     ; J8    ; 3D       ; 150          ; 92           ; 46           ; no              ; no                     ; 1         ; no         ; no            ; no       ; Off          ; 1.8 V        ; Default          ; Series 50 Ohm without Calibration ; --                        ; no                         ; no                          ; Fitter               ; -                    ; -                   ;
; tsup_data_o[0] ; C5    ; 3D       ; 150          ; 91           ; 31           ; no              ; no                     ; 1         ; no         ; no            ; no       ; Off          ; 1.8 V        ; Default          ; Series 50 Ohm without Calibration ; --                        ; no                         ; no                          ; Fitter               ; -                    ; -                   ;
; tsup_data_o[1] ; B5    ; 3D       ; 150          ; 89           ; 31           ; no              ; no                     ; 1         ; no         ; no            ; no       ; Off          ; 1.8 V        ; Default          ; Series 50 Ohm without Calibration ; --                        ; no                         ; no                          ; Fitter               ; -                    ; -                   ;
; tsup_data_o[2] ; L9    ; 3D       ; 150          ; 93           ; 46           ; no              ; no                     ; 1         ; no         ; no            ; no       ; Off          ; 1.8 V        ; Default          ; Series 50 Ohm without Calibration ; --                        ; no                         ; no                          ; Fitter               ; -                    ; -                   ;
; tsup_data_o[3] ; E6    ; 3D       ; 150          ; 93           ; 31           ; no              ; no                     ; 1         ; no         ; no            ; no       ; Off          ; 1.8 V        ; Default          ; Series 50 Ohm without Calibration ; --                        ; no                         ; no                          ; Fitter               ; -                    ; -                   ;
; tsup_data_o[4] ; F9    ; 3D       ; 150          ; 95           ; 46           ; no              ; no                     ; 1         ; no         ; no            ; no       ; Off          ; 1.8 V        ; Default          ; Series 50 Ohm without Calibration ; --                        ; no                         ; no                          ; Fitter               ; -                    ; -                   ;
; tsup_data_o[5] ; F7    ; 3D       ; 150          ; 90           ; 46           ; no              ; no                     ; 1         ; no         ; no            ; no       ; Off          ; 1.8 V        ; Default          ; Series 50 Ohm without Calibration ; --                        ; no                         ; no                          ; Fitter               ; -                    ; -                   ;
; tsup_data_o[6] ; A6    ; 3D       ; 150          ; 95           ; 31           ; no              ; no                     ; 1         ; no         ; no            ; no       ; Off          ; 1.8 V        ; Default          ; Series 50 Ohm without Calibration ; --                        ; no                         ; no                          ; Fitter               ; -                    ; -                   ;
; tsup_data_o[7] ; B6    ; 3D       ; 150          ; 90           ; 31           ; no              ; no                     ; 1         ; no         ; no            ; no       ; Off          ; 1.8 V        ; Default          ; Series 50 Ohm without Calibration ; --                        ; no                         ; no                          ; Fitter               ; -                    ; -                   ;
; tsup_sync_o    ; L8    ; 3D       ; 150          ; 94           ; 46           ; no              ; no                     ; 1         ; no         ; no            ; no       ; Off          ; 1.8 V        ; Default          ; Series 50 Ohm without Calibration ; --                        ; no                         ; no                          ; Fitter               ; -                    ; -                   ;
; tsup_valid_o   ; K9    ; 3D       ; 150          ; 97           ; 46           ; no              ; no                     ; 1         ; no         ; no            ; no       ; Off          ; 1.8 V        ; Default          ; Series 50 Ohm without Calibration ; --                        ; no                         ; no                          ; Fitter               ; -                    ; -                   ;
+----------------+-------+----------+--------------+--------------+--------------+-----------------+------------------------+-----------+------------+---------------+----------+--------------+--------------+------------------+-----------------------------------+---------------------------+----------------------------+-----------------------------+----------------------+----------------------+---------------------+


+------------------------------------------------------------+
; I/O Bank Usage                                             ;
+----------+------------------+---------------+--------------+
; I/O Bank ; Usage            ; VCCIO Voltage ; VREF Voltage ;
+----------+------------------+---------------+--------------+
; 1F       ; 0 / 0 ( -- )     ; --            ; --           ;
; 1E       ; 0 / 0 ( -- )     ; --            ; --           ;
; 1D       ; 0 / 28 ( 0 % )   ; --            ; --           ;
; 1C       ; 0 / 28 ( 0 % )   ; --            ; --           ;
; 2L       ; 0 / 48 ( 0 % )   ; 1.8V          ; --           ;
; 2K       ; 0 / 48 ( 0 % )   ; 1.8V          ; --           ;
; 2J       ; 0 / 48 ( 0 % )   ; 1.8V          ; --           ;
; 2A       ; 1 / 48 ( 2 % )   ; 1.8V          ; --           ;
; 3D       ; 11 / 24 ( 46 % ) ; 1.8V          ; --           ;
; 3C       ; 26 / 48 ( 54 % ) ; 1.8V          ; --           ;
; 3B       ; 0 / 48 ( 0 % )   ; 1.8V          ; --           ;
; 3A       ; 1 / 48 ( 2 % )   ; 1.8V          ; --           ;
; HPS      ; 0 / 17 ( 0 % )   ; --            ; --           ;
+----------+------------------+---------------+--------------+


+--------------------------------------------------------------------------------------------------------------------------------------------------------------------------------------------------------------------------+
; All Package Pins                                                                                                                                                                                                         ;
+----------+------------+----------+-----------------------------------------------------------------------------------+--------+--------------+----------------+--------------+-----------------+----------+--------------+
; Location ; Pad Number ; I/O Bank ; Pin Name/Usage                                                                    ; Dir.   ; I/O Standard ; Voltage        ; I/O Type     ; User Assignment ; Bus Hold ; Weak Pull Up ;
+----------+------------+----------+-----------------------------------------------------------------------------------+--------+--------------+----------------+--------------+-----------------+----------+--------------+
; A2       ; 385        ; 3C       ; ts_target_pid_i[9]                                                                ; input  ; 1.8 V        ;                ; --           ; N               ; no       ; Off          ;
; A3       ; 384        ; 3C       ; ts_target_pid_i[7]                                                                ; input  ; 1.8 V        ;                ; --           ; N               ; no       ; Off          ;
; A4       ; 381        ; 3C       ; RESERVED_INPUT_WITH_WEAK_PULLUP                                                   ;        ;              ;                ; --           ;                 ; no       ; On           ;
; A5       ;            ;          ; GND                                                                               ; gnd    ;              ;                ; --           ;                 ; --       ; --           ;
; A6       ; 331        ; 3D       ; tsup_data_o[6]                                                                    ; output ; 1.8 V        ;                ; --           ; N               ; no       ; Off          ;
; A7       ; 330        ; 3D       ; RESERVED_INPUT_WITH_WEAK_PULLUP                                                   ;        ;              ;                ; --           ;                 ; no       ; On           ;
; A8       ; 166        ; 2K       ; RESERVED_INPUT_WITH_WEAK_PULLUP                                                   ;        ;              ;                ; --           ;                 ; no       ; On           ;
; A9       ; 167        ; 2K       ; RESERVED_INPUT_WITH_WEAK_PULLUP                                                   ;        ;              ;                ; --           ;                 ; no       ; On           ;
; A10      ;            ;          ; GND                                                                               ; gnd    ;              ;                ; --           ;                 ; --       ; --           ;
; A11      ; 207        ; 2K       ; RESERVED_INPUT_WITH_WEAK_PULLUP                                                   ;        ;              ;                ; --           ;                 ; no       ; On           ;
; A12      ; 205        ; 2K       ; RESERVED_INPUT_WITH_WEAK_PULLUP                                                   ;        ;              ;                ; --           ;                 ; no       ; On           ;
; A13      ; 204        ; 2K       ; RESERVED_INPUT_WITH_WEAK_PULLUP                                                   ;        ;              ;                ; --           ;                 ; no       ; On           ;
; A14      ; 203        ; 2K       ; RESERVED_INPUT_WITH_WEAK_PULLUP                                                   ;        ;              ;                ; --           ;                 ; no       ; On           ;
; A15      ;            ;          ; GND                                                                               ; gnd    ;              ;                ; --           ;                 ; --       ; --           ;
; A16      ; 172        ; 2K       ; RESERVED_INPUT_WITH_WEAK_PULLUP                                                   ;        ;              ;                ; --           ;                 ; no       ; On           ;
; A17      ; 173        ; 2K       ; RESERVED_INPUT_WITH_WEAK_PULLUP                                                   ;        ;              ;                ; --           ;                 ; no       ; On           ;
; A18      ; 174        ; 2K       ; RESERVED_INPUT_WITH_WEAK_PULLUP                                                   ;        ;              ;                ; --           ;                 ; no       ; On           ;
; A19      ; 175        ; 2K       ; RESERVED_INPUT_WITH_WEAK_PULLUP                                                   ;        ;              ;                ; --           ;                 ; no       ; On           ;
; A20      ;            ;          ; GND                                                                               ; gnd    ;              ;                ; --           ;                 ; --       ; --           ;
; A21      ; 193        ; 2K       ; RESERVED_INPUT_WITH_WEAK_PULLUP                                                   ;        ;              ;                ; --           ;                 ; no       ; On           ;
; A22      ; 192        ; 2K       ; RESERVED_INPUT_WITH_WEAK_PULLUP                                                   ;        ;              ;                ; --           ;                 ; no       ; On           ;
; A23      ; 184        ; 2K       ; RESERVED_INPUT_WITH_WEAK_PULLUP                                                   ;        ;              ;                ; --           ;                 ; no       ; On           ;
; A24      ; 185        ; 2K       ; RESERVED_INPUT_WITH_WEAK_PULLUP                                                   ;        ;              ;                ; --           ;                 ; no       ; On           ;
; A25      ;            ;          ; GND                                                                               ; gnd    ;              ;                ; --           ;                 ; --       ; --           ;
; A26      ; 190        ; 2K       ; RESERVED_INPUT_WITH_WEAK_PULLUP                                                   ;        ;              ;                ; --           ;                 ; no       ; On           ;
; A27      ; 191        ; 2K       ; RESERVED_INPUT_WITH_WEAK_PULLUP                                                   ;        ;              ;                ; --           ;                 ; no       ; On           ;
; AA1      ; 462        ; 3A       ; RESERVED_INPUT_WITH_WEAK_PULLUP                                                   ;        ;              ;                ; --           ;                 ; no       ; On           ;
; AA2      ; 467        ; 3A       ; RESERVED_INPUT_WITH_WEAK_PULLUP                                                   ;        ;              ;                ; --           ;                 ; no       ; On           ;
; AA3      ; 469        ; 3A       ; RESERVED_INPUT_WITH_WEAK_PULLUP                                                   ;        ;              ;                ; --           ;                 ; no       ; On           ;
; AA4      ; 468        ; 3A       ; RESERVED_INPUT_WITH_WEAK_PULLUP                                                   ;        ;              ;                ; --           ;                 ; no       ; On           ;
; AA5      ;            ; 3A       ; VCCIO3A                                                                           ; power  ;              ; 1.8V           ; --           ;                 ; --       ; --           ;
; AA6      ; 471        ; 3A       ; RESERVED_INPUT_WITH_WEAK_PULLUP                                                   ;        ;              ;                ; --           ;                 ; no       ; On           ;
; AA7      ; 470        ; 3A       ; rst_i                                                                             ; input  ; 1.8 V        ;                ; --           ; N               ; no       ; Off          ;
; AA8      ; 458        ; 3A       ; RESERVED_INPUT_WITH_WEAK_PULLUP                                                   ;        ;              ;                ; --           ;                 ; no       ; On           ;
; AA9      ; 459        ; 3A       ; RESERVED_INPUT_WITH_WEAK_PULLUP                                                   ;        ;              ;                ; --           ;                 ; no       ; On           ;
; AA10     ;            ;          ; GND                                                                               ; gnd    ;              ;                ; --           ;                 ; --       ; --           ;
; AA11     ; 292        ; 2A       ; RESERVED_INPUT_WITH_WEAK_PULLUP                                                   ;        ;              ;                ; --           ;                 ; no       ; On           ;
; AA12     ; 301        ; 2A       ; RESERVED_INPUT_WITH_WEAK_PULLUP                                                   ;        ;              ;                ; --           ;                 ; no       ; On           ;
; AA13     ; 300        ; 2A       ; RESERVED_INPUT_WITH_WEAK_PULLUP                                                   ;        ;              ;                ; --           ;                 ; no       ; On           ;
; AA14     ; 294        ; 2A       ; RESERVED_INPUT_WITH_WEAK_PULLUP                                                   ;        ;              ;                ; --           ;                 ; no       ; On           ;
; AA15     ;            ; 2A       ; VCCIO2A                                                                           ; power  ;              ; 1.8V           ; --           ;                 ; --       ; --           ;
; AA16     ; 280        ; 2A       ; RESERVED_INPUT_WITH_WEAK_PULLUP                                                   ;        ;              ;                ; --           ;                 ; no       ; On           ;
; AA17     ; 227        ; 2J       ; RESERVED_INPUT_WITH_WEAK_PULLUP                                                   ;        ;              ;                ; --           ;                 ; no       ; On           ;
; AA18     ; 231        ; 2J       ; RESERVED_INPUT_WITH_WEAK_PULLUP                                                   ;        ;              ;                ; --           ;                 ; no       ; On           ;
; AA19     ; 230        ; 2J       ; RESERVED_INPUT_WITH_WEAK_PULLUP                                                   ;        ;              ;                ; --           ;                 ; no       ; On           ;
; AA20     ;            ; 2J       ; VCCIO2J                                                                           ; power  ;              ; 1.8V           ; --           ;                 ; --       ; --           ;
; AA21     ; 221        ; 2J       ; RESERVED_INPUT_WITH_WEAK_PULLUP                                                   ;        ;              ;                ; --           ;                 ; no       ; On           ;
; AA22     ; 248        ; 2J       ; RESERVED_INPUT_WITH_WEAK_PULLUP                                                   ;        ;              ;                ; --           ;                 ; no       ; On           ;
; AA23     ; 249        ; 2J       ; RESERVED_INPUT_WITH_WEAK_PULLUP                                                   ;        ;              ;                ; --           ;                 ; no       ; On           ;
; AA24     ;            ;          ; GND                                                                               ; gnd    ;              ;                ; --           ;                 ; --       ; --           ;
; AA25     ;            ;          ; GND                                                                               ; gnd    ;              ;                ; --           ;                 ; --       ; --           ;
; AA26     ;            ;          ; GND                                                                               ; gnd    ;              ;                ; --           ;                 ; --       ; --           ;
; AA27     ; 94         ; 1C       ; GXB_NC                                                                            ;        ;              ;                ; --           ;                 ; --       ; --           ;
; AA28     ; 95         ; 1C       ; GXB_NC                                                                            ;        ;              ;                ; --           ;                 ; --       ; --           ;
; AB1      ; 463        ; 3A       ; RESERVED_INPUT_WITH_WEAK_PULLUP                                                   ;        ;              ;                ; --           ;                 ; no       ; On           ;
; AB2      ;            ;          ; GND                                                                               ; gnd    ;              ;                ; --           ;                 ; --       ; --           ;
; AB3      ; 466        ; 3A       ; RESERVED_INPUT_WITH_WEAK_PULLUP                                                   ;        ;              ;                ; --           ;                 ; no       ; On           ;
; AB4      ; 460        ; 3A       ; RESERVED_INPUT_WITH_WEAK_PULLUP                                                   ;        ;              ;                ; --           ;                 ; no       ; On           ;
; AB5      ; 464        ; 3A       ; RESERVED_INPUT_WITH_WEAK_PULLUP                                                   ;        ;              ;                ; --           ;                 ; no       ; On           ;
; AB6      ; 465        ; 3A       ; RESERVED_INPUT_WITH_WEAK_PULLUP                                                   ;        ;              ;                ; --           ;                 ; no       ; On           ;
; AB7      ;            ;          ; GND                                                                               ; gnd    ;              ;                ; --           ;                 ; --       ; --           ;
; AB8      ; 504        ; CSS      ; ^MSEL2                                                                            ; input  ;              ;                ; --           ;                 ; --       ; --           ;
; AB9      ; 510        ; CSS      ; ^nCE                                                                              ;        ;              ;                ; --           ;                 ; --       ; --           ;
; AB10     ; 496        ; CSS      ; ^GND                                                                              ;        ;              ;                ; --           ;                 ; --       ; --           ;
; AB11     ; 293        ; 2A       ; RESERVED_INPUT_WITH_WEAK_PULLUP                                                   ;        ;              ;                ; --           ;                 ; no       ; On           ;
; AB12     ;            ; 2A       ; VCCIO2A                                                                           ; power  ;              ; 1.8V           ; --           ;                 ; --       ; --           ;
; AB13     ; 298        ; 2A       ; RESERVED_INPUT_WITH_WEAK_PULLUP                                                   ;        ;              ;                ; --           ;                 ; no       ; On           ;
; AB14     ; 295        ; 2A       ; RESERVED_INPUT_WITH_WEAK_PULLUP                                                   ;        ;              ;                ; --           ;                 ; no       ; On           ;
; AB15     ; 296        ; 2A       ; RESERVED_INPUT_WITH_WEAK_PULLUP                                                   ;        ;              ;                ; --           ;                 ; no       ; On           ;
; AB16     ; 281        ; 2A       ; RESERVED_INPUT_WITH_WEAK_PULLUP                                                   ;        ;              ;                ; --           ;                 ; no       ; On           ;
; AB17     ;            ;          ; GND                                                                               ; gnd    ;              ;                ; --           ;                 ; --       ; --           ;
; AB18     ; 225        ; 2J       ; RESERVED_INPUT_WITH_WEAK_PULLUP                                                   ;        ;              ;                ; --           ;                 ; no       ; On           ;
; AB19     ; 224        ; 2J       ; RESERVED_INPUT_WITH_WEAK_PULLUP                                                   ;        ;              ;                ; --           ;                 ; no       ; On           ;
; AB20     ; 232        ; 2J       ; RESERVED_INPUT_WITH_WEAK_PULLUP                                                   ;        ;              ;                ; --           ;                 ; no       ; On           ;
; AB21     ; 236        ; 2J       ; RESERVED_INPUT_WITH_WEAK_PULLUP                                                   ;        ;              ;                ; --           ;                 ; no       ; On           ;
; AB22     ;            ;          ; GND                                                                               ; gnd    ;              ;                ; --           ;                 ; --       ; --           ;
; AB23     ; 250        ; 2J       ; RESERVED_INPUT_WITH_WEAK_PULLUP                                                   ;        ;              ;                ; --           ;                 ; no       ; On           ;
; AB24     ;            ;          ; GND                                                                               ; gnd    ;              ;                ; --           ;                 ; --       ; --           ;
; AB25     ; 100        ; 1C       ; GXB_GND*                                                                          ;        ;              ;                ; --           ;                 ; --       ; --           ;
; AB26     ; 101        ; 1C       ; GXB_GND*                                                                          ;        ;              ;                ; --           ;                 ; --       ; --           ;
; AB27     ;            ;          ; GND                                                                               ; gnd    ;              ;                ; --           ;                 ; --       ; --           ;
; AB28     ;            ;          ; GND                                                                               ; gnd    ;              ;                ; --           ;                 ; --       ; --           ;
; AC1      ; 477        ; 3A       ; RESERVED_INPUT_WITH_WEAK_PULLUP                                                   ;        ;              ;                ; --           ;                 ; no       ; On           ;
; AC2      ; 476        ; 3A       ; RESERVED_INPUT_WITH_WEAK_PULLUP                                                   ;        ;              ;                ; --           ;                 ; no       ; On           ;
; AC3      ; 472        ; 3A       ; RESERVED_INPUT_WITH_WEAK_PULLUP                                                   ;        ;              ;                ; --           ;                 ; no       ; On           ;
; AC4      ;            ;          ; GND                                                                               ; gnd    ;              ;                ; --           ;                 ; --       ; --           ;
; AC5      ; 461        ; 3A       ; RESERVED_INPUT_WITH_WEAK_PULLUP                                                   ;        ;              ;                ; --           ;                 ; no       ; On           ;
; AC6      ; 489        ; 3A       ; RESERVED_INPUT_WITH_WEAK_PULLUP                                                   ;        ;              ;                ; --           ;                 ; no       ; On           ;
; AC7      ; 488        ; 3A       ; RESERVED_INPUT_WITH_WEAK_PULLUP                                                   ;        ;              ;                ; --           ;                 ; no       ; On           ;
; AC8      ; 509        ; CSS      ; ^nCONFIG                                                                          ; input  ;              ;                ; --           ;                 ; --       ; --           ;
; AC9      ;            ;          ; GND                                                                               ; gnd    ;              ;                ; --           ;                 ; --       ; --           ;
; AC10     ; 501        ; CSS      ; #TDI                                                                              ; input  ;              ;                ; --           ;                 ; --       ; --           ;
; AC11     ; 302        ; 2A       ; RESERVED_INPUT_WITH_WEAK_PULLUP                                                   ;        ;              ;                ; --           ;                 ; no       ; On           ;
; AC12     ; 303        ; 2A       ; RESERVED_INPUT_WITH_WEAK_PULLUP                                                   ;        ;              ;                ; --           ;                 ; no       ; On           ;
; AC13     ; 299        ; 2A       ; RESERVED_INPUT_WITH_WEAK_PULLUP                                                   ;        ;              ;                ; --           ;                 ; no       ; On           ;
; AC14     ;            ; 2A       ; VCCIO2A                                                                           ; power  ;              ; 1.8V           ; --           ;                 ; --       ; --           ;
; AC15     ; 297        ; 2A       ; RESERVED_INPUT_WITH_WEAK_PULLUP                                                   ;        ;              ;                ; --           ;                 ; no       ; On           ;
; AC16     ; 285        ; 2A       ; RESERVED_INPUT_WITH_WEAK_PULLUP                                                   ;        ;              ;                ; --           ;                 ; no       ; On           ;
; AC17     ; 284        ; 2A       ; RESERVED_INPUT_WITH_WEAK_PULLUP                                                   ;        ;              ;                ; --           ;                 ; no       ; On           ;
; AC18     ; 286        ; 2A       ; RESERVED_INPUT_WITH_WEAK_PULLUP                                                   ;        ;              ;                ; --           ;                 ; no       ; On           ;
; AC19     ;            ; 2J       ; VCCIO2J                                                                           ; power  ;              ; 1.8V           ; --           ;                 ; --       ; --           ;
; AC20     ; 233        ; 2J       ; RESERVED_INPUT_WITH_WEAK_PULLUP                                                   ;        ;              ;                ; --           ;                 ; no       ; On           ;
; AC21     ; 237        ; 2J       ; RESERVED_INPUT_WITH_WEAK_PULLUP                                                   ;        ;              ;                ; --           ;                 ; no       ; On           ;
; AC22     ; 254        ; 2J       ; RESERVED_INPUT_WITH_WEAK_PULLUP                                                   ;        ;              ;                ; --           ;                 ; no       ; On           ;
; AC23     ; 251        ; 2J       ; RESERVED_INPUT_WITH_WEAK_PULLUP                                                   ;        ;              ;                ; --           ;                 ; no       ; On           ;
; AC24     ;            ;          ; GND                                                                               ; gnd    ;              ;                ; --           ;                 ; --       ; --           ;
; AC25     ;            ;          ; GND                                                                               ; gnd    ;              ;                ; --           ;                 ; --       ; --           ;
; AC26     ;            ;          ; GND                                                                               ; gnd    ;              ;                ; --           ;                 ; --       ; --           ;
; AC27     ; 98         ; 1C       ; GXB_NC                                                                            ;        ;              ;                ; --           ;                 ; --       ; --           ;
; AC28     ; 99         ; 1C       ; GXB_NC                                                                            ;        ;              ;                ; --           ;                 ; --       ; --           ;
; AD1      ;            ;          ; GND                                                                               ; gnd    ;              ;                ; --           ;                 ; --       ; --           ;
; AD2      ; 478        ; 3A       ; RESERVED_INPUT_WITH_WEAK_PULLUP                                                   ;        ;              ;                ; --           ;                 ; no       ; On           ;
; AD3      ; 473        ; 3A       ; RESERVED_INPUT_WITH_WEAK_PULLUP                                                   ;        ;              ;                ; --           ;                 ; no       ; On           ;
; AD4      ; 486        ; 3A       ; RESERVED_INPUT_WITH_WEAK_PULLUP                                                   ;        ;              ;                ; --           ;                 ; no       ; On           ;
; AD5      ; 494        ; 3A       ; RESERVED_INPUT_WITH_WEAK_PULLUP                                                   ;        ;              ;                ; --           ;                 ; no       ; On           ;
; AD6      ;            ;          ; GND                                                                               ; gnd    ;              ;                ; --           ;                 ; --       ; --           ;
; AD7      ; 503        ; CSS      ; ^MSEL1                                                                            ; input  ;              ;                ; --           ;                 ; --       ; --           ;
; AD8      ; 505        ; CSS      ; ^nIO_PULLUP                                                                       ; input  ;              ;                ; --           ;                 ; --       ; --           ;
; AD9      ; 518        ; CSS      ; ^DCLK                                                                             ; bidir  ;              ;                ; Weak Pull Up ;                 ; --       ; On           ;
; AD10     ; 508        ; CSS      ; ^GND                                                                              ;        ;              ;                ; --           ;                 ; --       ; --           ;
; AD11     ;            ;          ; GND                                                                               ; gnd    ;              ;                ; --           ;                 ; --       ; --           ;
; AD12     ; 262        ; 2A       ; RESERVED_INPUT_WITH_WEAK_PULLUP                                                   ;        ;              ;                ; --           ;                 ; no       ; On           ;
; AD13     ; 267        ; 2A       ; RESERVED_INPUT_WITH_WEAK_PULLUP                                                   ;        ;              ;                ; --           ;                 ; no       ; On           ;
; AD14     ; 266        ; 2A       ; RESERVED_INPUT_WITH_WEAK_PULLUP                                                   ;        ;              ;                ; --           ;                 ; no       ; On           ;
; AD15     ; 260        ; 2A       ; RESERVED_INPUT_WITH_WEAK_PULLUP                                                   ;        ;              ;                ; --           ;                 ; no       ; On           ;
; AD16     ;            ;          ; GND                                                                               ; gnd    ;              ;                ; --           ;                 ; --       ; --           ;
; AD17     ; 288        ; 2A       ; RESERVED_INPUT_WITH_WEAK_PULLUP                                                   ;        ;              ;                ; --           ;                 ; no       ; On           ;
; AD18     ; 287        ; 2A       ; RESERVED_INPUT_WITH_WEAK_PULLUP                                                   ;        ;              ;                ; --           ;                 ; no       ; On           ;
; AD19     ; 282        ; 2A       ; RESERVED_INPUT_WITH_WEAK_PULLUP                                                   ;        ;              ;                ; --           ;                 ; no       ; On           ;
; AD20     ; 283        ; 2A       ; RESERVED_INPUT_WITH_WEAK_PULLUP                                                   ;        ;              ;                ; --           ;                 ; no       ; On           ;
; AD21     ;            ;          ; GND                                                                               ; gnd    ;              ;                ; --           ;                 ; --       ; --           ;
; AD22     ; 255        ; 2J       ; RESERVED_INPUT_WITH_WEAK_PULLUP                                                   ;        ;              ;                ; --           ;                 ; no       ; On           ;
; AD23     ; 246        ; 2J       ; RESERVED_INPUT_WITH_WEAK_PULLUP                                                   ;        ;              ;                ; --           ;                 ; no       ; On           ;
; AD24     ;            ;          ; GND                                                                               ; gnd    ;              ;                ; --           ;                 ; --       ; --           ;
; AD25     ; 104        ; 1C       ; GXB_GND*                                                                          ;        ;              ;                ; --           ;                 ; --       ; --           ;
; AD26     ; 105        ; 1C       ; GXB_GND*                                                                          ;        ;              ;                ; --           ;                 ; --       ; --           ;
; AD27     ;            ;          ; GND                                                                               ; gnd    ;              ;                ; --           ;                 ; --       ; --           ;
; AD28     ;            ;          ; GND                                                                               ; gnd    ;              ;                ; --           ;                 ; --       ; --           ;
; AE1      ; 475        ; 3A       ; RESERVED_INPUT_WITH_WEAK_PULLUP                                                   ;        ;              ;                ; --           ;                 ; no       ; On           ;
; AE2      ; 479        ; 3A       ; RESERVED_INPUT_WITH_WEAK_PULLUP                                                   ;        ;              ;                ; --           ;                 ; no       ; On           ;
; AE3      ;            ;          ; GND                                                                               ; gnd    ;              ;                ; --           ;                 ; --       ; --           ;
; AE4      ; 487        ; 3A       ; RESERVED_INPUT_WITH_WEAK_PULLUP                                                   ;        ;              ;                ; --           ;                 ; no       ; On           ;
; AE5      ; 495        ; 3A       ; RESERVED_INPUT_WITH_WEAK_PULLUP                                                   ;        ;              ;                ; --           ;                 ; no       ; On           ;
; AE6      ; 490        ; 3A       ; RESERVED_INPUT_WITH_WEAK_PULLUP                                                   ;        ;              ;                ; --           ;                 ; no       ; On           ;
; AE7      ; 502        ; CSS      ; ^MSEL0                                                                            ; input  ;              ;                ; --           ;                 ; --       ; --           ;
; AE8      ;            ;          ; GND                                                                               ; gnd    ;              ;                ; --           ;                 ; --       ; --           ;
; AE9      ; 514        ; CSS      ; ^AS_DATA0, ASDO                                                                   ;        ;              ;                ; Weak Pull Up ;                 ; --       ; On           ;
; AE10     ; 256        ; 2A       ; ~ALTERA_DATA0~ / RESERVED_INPUT                                                   ; input  ; 1.8 V        ;                ; --           ; N               ; no       ; Off          ;
; AE11     ; 257        ; 2A       ; RESERVED_INPUT_WITH_WEAK_PULLUP                                                   ;        ;              ;                ; --           ;                 ; no       ; On           ;
; AE12     ; 263        ; 2A       ; RESERVED_INPUT_WITH_WEAK_PULLUP                                                   ;        ;              ;                ; --           ;                 ; no       ; On           ;
; AE13     ;            ;          ; GND                                                                               ; gnd    ;              ;                ; --           ;                 ; --       ; --           ;
; AE14     ; 258        ; 2A       ; RESERVED_INPUT_WITH_WEAK_PULLUP                                                   ;        ;              ;                ; --           ;                 ; no       ; On           ;
; AE15     ; 259        ; 2A       ; RESERVED_INPUT_WITH_WEAK_PULLUP                                                   ;        ;              ;                ; --           ;                 ; no       ; On           ;
; AE16     ; 261        ; 2A       ; RESERVED_INPUT_WITH_WEAK_PULLUP                                                   ;        ;              ;                ; --           ;                 ; no       ; On           ;
; AE17     ; 289        ; 2A       ; RESERVED_INPUT_WITH_WEAK_PULLUP                                                   ;        ;              ;                ; --           ;                 ; no       ; On           ;
; AE18     ;            ;          ; GND                                                                               ; gnd    ;              ;                ; --           ;                 ; --       ; --           ;
; AE19     ; 275        ; 2A       ; RESERVED_INPUT_WITH_WEAK_PULLUP                                                   ;        ;              ;                ; --           ;                 ; no       ; On           ;
; AE20     ; 274        ; 2A       ; RESERVED_INPUT_WITH_WEAK_PULLUP                                                   ;        ;              ;                ; --           ;                 ; no       ; On           ;
; AE21     ; 238        ; 2J       ; RESERVED_INPUT_WITH_WEAK_PULLUP                                                   ;        ;              ;                ; --           ;                 ; no       ; On           ;
; AE22     ; 252        ; 2J       ; RESERVED_INPUT_WITH_WEAK_PULLUP                                                   ;        ;              ;                ; --           ;                 ; no       ; On           ;
; AE23     ; 247        ; 2J       ; RESERVED_INPUT_WITH_WEAK_PULLUP                                                   ;        ;              ;                ; --           ;                 ; no       ; On           ;
; AE24     ;            ;          ; GND                                                                               ; gnd    ;              ;                ; --           ;                 ; --       ; --           ;
; AE25     ;            ;          ; GND                                                                               ; gnd    ;              ;                ; --           ;                 ; --       ; --           ;
; AE26     ;            ;          ; GND                                                                               ; gnd    ;              ;                ; --           ;                 ; --       ; --           ;
; AE27     ; 102        ; 1C       ; GXB_NC                                                                            ;        ;              ;                ; --           ;                 ; --       ; --           ;
; AE28     ; 103        ; 1C       ; GXB_NC                                                                            ;        ;              ;                ; --           ;                 ; --       ; --           ;
; AF1      ; 480        ; 3A       ; RESERVED_INPUT_WITH_WEAK_PULLUP                                                   ;        ;              ;                ; --           ;                 ; no       ; On           ;
; AF2      ; 474        ; 3A       ; RESERVED_INPUT_WITH_WEAK_PULLUP                                                   ;        ;              ;                ; --           ;                 ; no       ; On           ;
; AF3      ; 482        ; 3A       ; RESERVED_INPUT_WITH_WEAK_PULLUP                                                   ;        ;              ;                ; --           ;                 ; no       ; On           ;
; AF4      ; 492        ; 3A       ; RESERVED_INPUT_WITH_WEAK_PULLUP                                                   ;        ;              ;                ; --           ;                 ; no       ; On           ;
; AF5      ;            ;          ; GND                                                                               ; gnd    ;              ;                ; --           ;                 ; --       ; --           ;
; AF6      ; 491        ; 3A       ; RESERVED_INPUT_WITH_WEAK_PULLUP                                                   ;        ;              ;                ; --           ;                 ; no       ; On           ;
; AF7      ; 506        ; CSS      ; ^nSTATUS                                                                          ;        ;              ;                ; --           ;                 ; --       ; --           ;
; AF8      ; 499        ; CSS      ; #TRST                                                                             ; input  ;              ;                ; --           ;                 ; --       ; --           ;
; AF9      ; 513        ; CSS      ; ^nCSO2                                                                            ;        ;              ;                ; Weak Pull Up ;                 ; --       ; On           ;
; AF10     ;            ;          ; GND                                                                               ; gnd    ;              ;                ; --           ;                 ; --       ; --           ;
; AF11     ; 264        ; 2A       ; RESERVED_INPUT_WITH_WEAK_PULLUP                                                   ;        ;              ;                ; --           ;                 ; no       ; On           ;
; AF12     ; 265        ; 2A       ; RESERVED_INPUT_WITH_WEAK_PULLUP                                                   ;        ;              ;                ; --           ;                 ; no       ; On           ;
; AF13     ; 273        ; 2A       ; RESERVED_INPUT_WITH_WEAK_PULLUP                                                   ;        ;              ;                ; --           ;                 ; no       ; On           ;
; AF14     ; 272        ; 2A       ; RESERVED_INPUT_WITH_WEAK_PULLUP                                                   ;        ;              ;                ; --           ;                 ; no       ; On           ;
; AF15     ;            ;          ; GND                                                                               ; gnd    ;              ;                ; --           ;                 ; --       ; --           ;
; AF16     ; 276        ; 2A       ; RESERVED_INPUT_WITH_WEAK_PULLUP                                                   ;        ;              ;                ; --           ;                 ; no       ; On           ;
; AF17     ; 271        ; 2A       ; RESERVED_INPUT_WITH_WEAK_PULLUP                                                   ;        ;              ;                ; --           ;                 ; no       ; On           ;
; AF18     ; 270        ; 2A       ; RESERVED_INPUT_WITH_WEAK_PULLUP                                                   ;        ;              ;                ; --           ;                 ; no       ; On           ;
; AF19     ; 268        ; 2A       ; RESERVED_INPUT_WITH_WEAK_PULLUP                                                   ;        ;              ;                ; --           ;                 ; no       ; On           ;
; AF20     ;            ;          ; GND                                                                               ; gnd    ;              ;                ; --           ;                 ; --       ; --           ;
; AF21     ; 239        ; 2J       ; RESERVED_INPUT_WITH_WEAK_PULLUP                                                   ;        ;              ;                ; --           ;                 ; no       ; On           ;
; AF22     ; 253        ; 2J       ; RESERVED_INPUT_WITH_WEAK_PULLUP                                                   ;        ;              ;                ; --           ;                 ; no       ; On           ;
; AF23     ; 244        ; 2J       ; RESERVED_INPUT_WITH_WEAK_PULLUP                                                   ;        ;              ;                ; --           ;                 ; no       ; On           ;
; AF24     ;            ;          ; GND                                                                               ; gnd    ;              ;                ; --           ;                 ; --       ; --           ;
; AF25     ; 108        ; 1C       ; GXB_GND*                                                                          ;        ;              ;                ; --           ;                 ; --       ; --           ;
; AF26     ; 109        ; 1C       ; GXB_GND*                                                                          ;        ;              ;                ; --           ;                 ; --       ; --           ;
; AF27     ;            ;          ; GND                                                                               ; gnd    ;              ;                ; --           ;                 ; --       ; --           ;
; AF28     ;            ;          ; GND                                                                               ; gnd    ;              ;                ; --           ;                 ; --       ; --           ;
; AG1      ; 481        ; 3A       ; RESERVED_INPUT_WITH_WEAK_PULLUP                                                   ;        ;              ;                ; --           ;                 ; no       ; On           ;
; AG2      ;            ;          ; GND                                                                               ; gnd    ;              ;                ; --           ;                 ; --       ; --           ;
; AG3      ; 483        ; 3A       ; RESERVED_INPUT_WITH_WEAK_PULLUP                                                   ;        ;              ;                ; --           ;                 ; no       ; On           ;
; AG4      ; 493        ; 3A       ; RESERVED_INPUT_WITH_WEAK_PULLUP                                                   ;        ;              ;                ; --           ;                 ; no       ; On           ;
; AG5      ; 516        ; CSS      ; ^AS_DATA2                                                                         ;        ;              ;                ; Weak Pull Up ;                 ; --       ; On           ;
; AG6      ; 515        ; CSS      ; ^AS_DATA1                                                                         ;        ;              ;                ; Weak Pull Up ;                 ; --       ; On           ;
; AG7      ;            ;          ; GND                                                                               ; gnd    ;              ;                ; --           ;                 ; --       ; --           ;
; AG8      ; 507        ; CSS      ; ^CONF_DONE                                                                        ; bidir  ;              ;                ; --           ;                 ; --       ; --           ;
; AG9      ; 208        ; 2J       ; RESERVED_INPUT_WITH_WEAK_PULLUP                                                   ;        ;              ;                ; --           ;                 ; no       ; On           ;
; AG10     ; 209        ; 2J       ; RESERVED_INPUT_WITH_WEAK_PULLUP                                                   ;        ;              ;                ; --           ;                 ; no       ; On           ;
; AG11     ; 216        ; 2J       ; RESERVED_INPUT_WITH_WEAK_PULLUP                                                   ;        ;              ;                ; --           ;                 ; no       ; On           ;
; AG12     ;            ;          ; GND                                                                               ; gnd    ;              ;                ; --           ;                 ; --       ; --           ;
; AG13     ; 218        ; 2J       ; RESERVED_INPUT_WITH_WEAK_PULLUP                                                   ;        ;              ;                ; --           ;                 ; no       ; On           ;
; AG14     ; 279        ; 2A       ; RESERVED_INPUT_WITH_WEAK_PULLUP                                                   ;        ;              ;                ; --           ;                 ; no       ; On           ;
; AG15     ; 278        ; 2A       ; RESERVED_INPUT_WITH_WEAK_PULLUP                                                   ;        ;              ;                ; --           ;                 ; no       ; On           ;
; AG16     ; 277        ; 2A       ; RESERVED_INPUT_WITH_WEAK_PULLUP                                                   ;        ;              ;                ; --           ;                 ; no       ; On           ;
; AG17     ;            ;          ; GND                                                                               ; gnd    ;              ;                ; --           ;                 ; --       ; --           ;
; AG18     ; 269        ; 2A       ; RESERVED_INPUT_WITH_WEAK_PULLUP                                                   ;        ;              ;                ; --           ;                 ; no       ; On           ;
; AG19     ; 243        ; 2J       ; RESERVED_INPUT_WITH_WEAK_PULLUP                                                   ;        ;              ;                ; --           ;                 ; no       ; On           ;
; AG20     ; 242        ; 2J       ; RESERVED_INPUT_WITH_WEAK_PULLUP                                                   ;        ;              ;                ; --           ;                 ; no       ; On           ;
; AG21     ; 240        ; 2J       ; RESERVED_INPUT_WITH_WEAK_PULLUP                                                   ;        ;              ;                ; --           ;                 ; no       ; On           ;
; AG22     ;            ;          ; GND                                                                               ; gnd    ;              ;                ; --           ;                 ; --       ; --           ;
; AG23     ; 245        ; 2J       ; RESERVED_INPUT_WITH_WEAK_PULLUP                                                   ;        ;              ;                ; --           ;                 ; no       ; On           ;
; AG24     ;            ;          ; GND                                                                               ; gnd    ;              ;                ; --           ;                 ; --       ; --           ;
; AG25     ;            ;          ; GND                                                                               ; gnd    ;              ;                ; --           ;                 ; --       ; --           ;
; AG26     ;            ;          ; GND                                                                               ; gnd    ;              ;                ; --           ;                 ; --       ; --           ;
; AG27     ; 106        ; 1C       ; GXB_NC                                                                            ;        ;              ;                ; --           ;                 ; --       ; --           ;
; AG28     ; 107        ; 1C       ; GXB_NC                                                                            ;        ;              ;                ; --           ;                 ; --       ; --           ;
; AH2      ; 485        ; 3A       ; RESERVED_INPUT_WITH_WEAK_PULLUP                                                   ;        ;              ;                ; --           ;                 ; no       ; On           ;
; AH3      ; 484        ; 3A       ; RESERVED_INPUT_WITH_WEAK_PULLUP                                                   ;        ;              ;                ; --           ;                 ; no       ; On           ;
; AH4      ;            ;          ; GND                                                                               ; gnd    ;              ;                ; --           ;                 ; --       ; --           ;
; AH5      ; 517        ; CSS      ; ^AS_DATA3                                                                         ;        ;              ;                ; Weak Pull Up ;                 ; --       ; On           ;
; AH6      ; 498        ; CSS      ; #TMS                                                                              ; input  ;              ;                ; --           ;                 ; --       ; --           ;
; AH7      ; 512        ; CSS      ; ^nCSO1                                                                            ;        ;              ;                ; Weak Pull Up ;                 ; --       ; On           ;
; AH8      ; 511        ; CSS      ; ^nCSO0                                                                            ;        ;              ;                ; Weak Pull Up ;                 ; --       ; On           ;
; AH9      ;            ;          ; GND                                                                               ; gnd    ;              ;                ; --           ;                 ; --       ; --           ;
; AH10     ; 214        ; 2J       ; RESERVED_INPUT_WITH_WEAK_PULLUP                                                   ;        ;              ;                ; --           ;                 ; no       ; On           ;
; AH11     ; 215        ; 2J       ; RESERVED_INPUT_WITH_WEAK_PULLUP                                                   ;        ;              ;                ; --           ;                 ; no       ; On           ;
; AH12     ; 217        ; 2J       ; RESERVED_INPUT_WITH_WEAK_PULLUP                                                   ;        ;              ;                ; --           ;                 ; no       ; On           ;
; AH13     ; 219        ; 2J       ; RESERVED_INPUT_WITH_WEAK_PULLUP                                                   ;        ;              ;                ; --           ;                 ; no       ; On           ;
; AH14     ;            ;          ; GND                                                                               ; gnd    ;              ;                ; --           ;                 ; --       ; --           ;
; AH15     ; 212        ; 2J       ; RESERVED_INPUT_WITH_WEAK_PULLUP                                                   ;        ;              ;                ; --           ;                 ; no       ; On           ;
; AH16     ; 213        ; 2J       ; RESERVED_INPUT_WITH_WEAK_PULLUP                                                   ;        ;              ;                ; --           ;                 ; no       ; On           ;
; AH17     ; 210        ; 2J       ; RESERVED_INPUT_WITH_WEAK_PULLUP                                                   ;        ;              ;                ; --           ;                 ; no       ; On           ;
; AH18     ; 211        ; 2J       ; RESERVED_INPUT_WITH_WEAK_PULLUP                                                   ;        ;              ;                ; --           ;                 ; no       ; On           ;
; AH19     ;            ;          ; GND                                                                               ; gnd    ;              ;                ; --           ;                 ; --       ; --           ;
; AH20     ; 234        ; 2J       ; RESERVED_INPUT_WITH_WEAK_PULLUP                                                   ;        ;              ;                ; --           ;                 ; no       ; On           ;
; AH21     ; 235        ; 2J       ; RESERVED_INPUT_WITH_WEAK_PULLUP                                                   ;        ;              ;                ; --           ;                 ; no       ; On           ;
; AH22     ; 241        ; 2J       ; RESERVED_INPUT_WITH_WEAK_PULLUP                                                   ;        ;              ;                ; --           ;                 ; no       ; On           ;
; AH23     ;            ;          ; DNU                                                                               ;        ;              ;                ; --           ;                 ; --       ; --           ;
; AH24     ;            ;          ; DNU                                                                               ;        ;              ;                ; --           ;                 ; --       ; --           ;
; AH25     ;            ;          ; GND                                                                               ;        ;              ;                ; --           ;                 ; --       ; --           ;
; AH26     ;            ;          ; GND                                                                               ; gnd    ;              ;                ; --           ;                 ; --       ; --           ;
; AH27     ;            ;          ; GND                                                                               ; gnd    ;              ;                ; --           ;                 ; --       ; --           ;
; B1       ; 396        ; 3C       ; ts_sync_i                                                                         ; input  ; 1.8 V        ;                ; --           ; N               ; no       ; Off          ;
; B2       ;            ;          ; GND                                                                               ; gnd    ;              ;                ; --           ;                 ; --       ; --           ;
; B3       ; 379        ; 3C       ; ts_target_pid_i[4]                                                                ; input  ; 1.8 V        ;                ; --           ; N               ; no       ; Off          ;
; B4       ; 380        ; 3C       ; ts_target_pid_i[8]                                                                ; input  ; 1.8 V        ;                ; --           ; N               ; no       ; Off          ;
; B5       ; 337        ; 3D       ; tsup_data_o[1]                                                                    ; output ; 1.8 V        ;                ; --           ; N               ; no       ; Off          ;
; B6       ; 336        ; 3D       ; tsup_data_o[7]                                                                    ; output ; 1.8 V        ;                ; --           ; N               ; no       ; Off          ;
; B7       ;            ;          ; GND                                                                               ; gnd    ;              ;                ; --           ;                 ; --       ; --           ;
; B8       ; 160        ; 2K       ; RESERVED_INPUT_WITH_WEAK_PULLUP                                                   ;        ;              ;                ; --           ;                 ; no       ; On           ;
; B9       ; 161        ; 2K       ; RESERVED_INPUT_WITH_WEAK_PULLUP                                                   ;        ;              ;                ; --           ;                 ; no       ; On           ;
; B10      ; 163        ; 2K       ; RESERVED_INPUT_WITH_WEAK_PULLUP                                                   ;        ;              ;                ; --           ;                 ; no       ; On           ;
; B11      ; 206        ; 2K       ; RESERVED_INPUT_WITH_WEAK_PULLUP                                                   ;        ;              ;                ; --           ;                 ; no       ; On           ;
; B12      ;            ; 2K       ; VCCIO2K                                                                           ; power  ;              ; 1.8V           ; --           ;                 ; --       ; --           ;
; B13      ; 202        ; 2K       ; RESERVED_INPUT_WITH_WEAK_PULLUP                                                   ;        ;              ;                ; --           ;                 ; no       ; On           ;
; B14      ; 201        ; 2K       ; RESERVED_INPUT_WITH_WEAK_PULLUP                                                   ;        ;              ;                ; --           ;                 ; no       ; On           ;
; B15      ; 200        ; 2K       ; RESERVED_INPUT_WITH_WEAK_PULLUP                                                   ;        ;              ;                ; --           ;                 ; no       ; On           ;
; B16      ; 177        ; 2K       ; RESERVED_INPUT_WITH_WEAK_PULLUP                                                   ;        ;              ;                ; --           ;                 ; no       ; On           ;
; B17      ;            ;          ; GND                                                                               ; gnd    ;              ;                ; --           ;                 ; --       ; --           ;
; B18      ; 178        ; 2K       ; RESERVED_INPUT_WITH_WEAK_PULLUP                                                   ;        ;              ;                ; --           ;                 ; no       ; On           ;
; B19      ; 179        ; 2K       ; RESERVED_INPUT_WITH_WEAK_PULLUP                                                   ;        ;              ;                ; --           ;                 ; no       ; On           ;
; B20      ; 181        ; 2K       ; RESERVED_INPUT_WITH_WEAK_PULLUP                                                   ;        ;              ;                ; --           ;                 ; no       ; On           ;
; B21      ; 187        ; 2K       ; RESERVED_INPUT_WITH_WEAK_PULLUP                                                   ;        ;              ;                ; --           ;                 ; no       ; On           ;
; B22      ;            ;          ; GND                                                                               ; gnd    ;              ;                ; --           ;                 ; --       ; --           ;
; B23      ; 188        ; 2K       ; RESERVED_INPUT_WITH_WEAK_PULLUP                                                   ;        ;              ;                ; --           ;                 ; no       ; On           ;
; B24      ; 189        ; 2K       ; RESERVED_INPUT_WITH_WEAK_PULLUP                                                   ;        ;              ;                ; --           ;                 ; no       ; On           ;
; B25      ; 194        ; 2K       ; RESERVED_INPUT_WITH_WEAK_PULLUP                                                   ;        ;              ;                ; --           ;                 ; no       ; On           ;
; B26      ; 195        ; 2K       ; RESERVED_INPUT_WITH_WEAK_PULLUP                                                   ;        ;              ;                ; --           ;                 ; no       ; On           ;
; B27      ;            ;          ; GND                                                                               ; gnd    ;              ;                ; --           ;                 ; --       ; --           ;
; B28      ;            ;          ; GND                                                                               ; gnd    ;              ;                ; --           ;                 ; --       ; --           ;
; C1       ; 397        ; 3C       ; RESERVED_INPUT_WITH_WEAK_PULLUP                                                   ;        ;              ;                ; --           ;                 ; no       ; On           ;
; C2       ; 388        ; 3C       ; ts_data_i[2]                                                                      ; input  ; 1.8 V        ;                ; --           ; N               ; no       ; Off          ;
; C3       ; 378        ; 3C       ; RESERVED_INPUT_WITH_WEAK_PULLUP                                                   ;        ;              ;                ; --           ;                 ; no       ; On           ;
; C4       ;            ;          ; GND                                                                               ; gnd    ;              ;                ; --           ;                 ; --       ; --           ;
; C5       ; 335        ; 3D       ; tsup_data_o[0]                                                                    ; output ; 1.8 V        ;                ; --           ; N               ; no       ; Off          ;
; C6       ; 334        ; 3D       ; RESERVED_INPUT_WITH_WEAK_PULLUP                                                   ;        ;              ;                ; --           ;                 ; no       ; On           ;
; C7       ; 329        ; 3D       ; RESERVED_INPUT_WITH_WEAK_PULLUP                                                   ;        ;              ;                ; --           ;                 ; no       ; On           ;
; C8       ; 169        ; 2K       ; RESERVED_INPUT_WITH_WEAK_PULLUP                                                   ;        ;              ;                ; --           ;                 ; no       ; On           ;
; C9       ;            ;          ; GND                                                                               ; gnd    ;              ;                ; --           ;                 ; --       ; --           ;
; C10      ; 162        ; 2K       ; RESERVED_INPUT_WITH_WEAK_PULLUP                                                   ;        ;              ;                ; --           ;                 ; no       ; On           ;
; C11      ; 164        ; 2K       ; RESERVED_INPUT_WITH_WEAK_PULLUP                                                   ;        ;              ;                ; --           ;                 ; no       ; On           ;
; C12      ; 165        ; 2K       ; RESERVED_INPUT_WITH_WEAK_PULLUP                                                   ;        ;              ;                ; --           ;                 ; no       ; On           ;
; C13      ; 199        ; 2K       ; RESERVED_INPUT_WITH_WEAK_PULLUP                                                   ;        ;              ;                ; --           ;                 ; no       ; On           ;
; C14      ;            ; 2K       ; VCCIO2K                                                                           ; power  ;              ; 1.8V           ; --           ;                 ; --       ; --           ;
; C15      ; 176        ; 2K       ; RESERVED_INPUT_WITH_WEAK_PULLUP                                                   ;        ;              ;                ; --           ;                 ; no       ; On           ;
; C16      ; 156        ; 2L       ; RESERVED_INPUT_WITH_WEAK_PULLUP                                                   ;        ;              ;                ; --           ;                 ; no       ; On           ;
; C17      ; 157        ; 2L       ; RESERVED_INPUT_WITH_WEAK_PULLUP                                                   ;        ;              ;                ; --           ;                 ; no       ; On           ;
; C18      ; 159        ; 2L       ; RESERVED_INPUT_WITH_WEAK_PULLUP                                                   ;        ;              ;                ; --           ;                 ; no       ; On           ;
; C19      ;            ;          ; GND                                                                               ; gnd    ;              ;                ; --           ;                 ; --       ; --           ;
; C20      ; 180        ; 2K       ; RESERVED_INPUT_WITH_WEAK_PULLUP                                                   ;        ;              ;                ; --           ;                 ; no       ; On           ;
; C21      ; 186        ; 2K       ; RESERVED_INPUT_WITH_WEAK_PULLUP                                                   ;        ;              ;                ; --           ;                 ; no       ; On           ;
; C22      ; 130        ; 2L       ; RESERVED_INPUT_WITH_WEAK_PULLUP                                                   ;        ;              ;                ; --           ;                 ; no       ; On           ;
; C23      ; 131        ; 2L       ; RESERVED_INPUT_WITH_WEAK_PULLUP                                                   ;        ;              ;                ; --           ;                 ; no       ; On           ;
; C24      ;            ;          ; GND                                                                               ; gnd    ;              ;                ; --           ;                 ; --       ; --           ;
; C25      ;            ;          ; GND                                                                               ; gnd    ;              ;                ; --           ;                 ; --       ; --           ;
; C26      ;            ;          ; GND                                                                               ; gnd    ;              ;                ; --           ;                 ; --       ; --           ;
; C27      ;            ;          ; GND                                                                               ; gnd    ;              ;                ; --           ;                 ; --       ; --           ;
; C28      ;            ;          ; GND                                                                               ;        ;              ;                ; --           ;                 ; --       ; --           ;
; D1       ;            ;          ; GND                                                                               ; gnd    ;              ;                ; --           ;                 ; --       ; --           ;
; D2       ; 389        ; 3C       ; ts_data_i[7]                                                                      ; input  ; 1.8 V        ;                ; --           ; N               ; no       ; Off          ;
; D3       ; 387        ; 3C       ; ts_data_i[5]                                                                      ; input  ; 1.8 V        ;                ; --           ; N               ; no       ; Off          ;
; D4       ; 386        ; 3C       ; RESERVED_INPUT_WITH_WEAK_PULLUP                                                   ;        ;              ;                ; --           ;                 ; no       ; On           ;
; D5       ; 339        ; 3D       ; RESERVED_INPUT_WITH_WEAK_PULLUP                                                   ;        ;              ;                ; --           ;                 ; no       ; On           ;
; D6       ;            ;          ; GND                                                                               ; gnd    ;              ;                ; --           ;                 ; --       ; --           ;
; D7       ; 328        ; 3D       ; RESERVED_INPUT_WITH_WEAK_PULLUP                                                   ;        ;              ;                ; --           ;                 ; no       ; On           ;
; D8       ; 168        ; 2K       ; RESERVED_INPUT_WITH_WEAK_PULLUP                                                   ;        ;              ;                ; --           ;                 ; no       ; On           ;
; D9       ; 171        ; 2K       ; RESERVED_INPUT_WITH_WEAK_PULLUP                                                   ;        ;              ;                ; --           ;                 ; no       ; On           ;
; D10      ; 170        ; 2K       ; RESERVED_INPUT_WITH_WEAK_PULLUP                                                   ;        ;              ;                ; --           ;                 ; no       ; On           ;
; D11      ;            ;          ; GND                                                                               ; gnd    ;              ;                ; --           ;                 ; --       ; --           ;
; D12      ; 524        ; HPS      ; GPIO2_IO2,NAND_WE_N,SDMMC_CCLK,QSPI_SS0,BOOTSEL2                                  ;        ;              ;                ; --           ;                 ; no       ; On           ;
; D13      ; 198        ; 2K       ; RESERVED_INPUT_WITH_WEAK_PULLUP                                                   ;        ;              ;                ; --           ;                 ; no       ; On           ;
; D14      ; 197        ; 2K       ; RESERVED_INPUT_WITH_WEAK_PULLUP                                                   ;        ;              ;                ; --           ;                 ; no       ; On           ;
; D15      ; 183        ; 2K       ; RESERVED_INPUT_WITH_WEAK_PULLUP                                                   ;        ;              ;                ; --           ;                 ; no       ; On           ;
; D16      ;            ;          ; GND                                                                               ; gnd    ;              ;                ; --           ;                 ; --       ; --           ;
; D17      ; 158        ; 2L       ; RESERVED_INPUT_WITH_WEAK_PULLUP                                                   ;        ;              ;                ; --           ;                 ; no       ; On           ;
; D18      ; 148        ; 2L       ; RESERVED_INPUT_WITH_WEAK_PULLUP                                                   ;        ;              ;                ; --           ;                 ; no       ; On           ;
; D19      ; 149        ; 2L       ; RESERVED_INPUT_WITH_WEAK_PULLUP                                                   ;        ;              ;                ; --           ;                 ; no       ; On           ;
; D20      ; 155        ; 2L       ; RESERVED_INPUT_WITH_WEAK_PULLUP                                                   ;        ;              ;                ; --           ;                 ; no       ; On           ;
; D21      ;            ;          ; GND                                                                               ; gnd    ;              ;                ; --           ;                 ; --       ; --           ;
; D22      ; 125        ; 2L       ; RESERVED_INPUT_WITH_WEAK_PULLUP                                                   ;        ;              ;                ; --           ;                 ; no       ; On           ;
; D23      ; 127        ; 2L       ; RESERVED_INPUT_WITH_WEAK_PULLUP                                                   ;        ;              ;                ; --           ;                 ; no       ; On           ;
; D24      ;            ;          ; GND                                                                               ; gnd    ;              ;                ; --           ;                 ; --       ; --           ;
; D25      ; 60         ; 1D       ; GXB_GND*                                                                          ;        ;              ;                ; --           ;                 ; --       ; --           ;
; D26      ; 61         ; 1D       ; GXB_GND*                                                                          ;        ;              ;                ; --           ;                 ; --       ; --           ;
; D27      ;            ;          ; GND                                                                               ; gnd    ;              ;                ; --           ;                 ; --       ; --           ;
; D28      ;            ;          ; GND                                                                               ; gnd    ;              ;                ; --           ;                 ; --       ; --           ;
; E1       ; 398        ; 3C       ; ts_data_i[4]                                                                      ; input  ; 1.8 V        ;                ; --           ; N               ; no       ; Off          ;
; E2       ; 390        ; 3C       ; RESERVED_INPUT_WITH_WEAK_PULLUP                                                   ;        ;              ;                ; --           ;                 ; no       ; On           ;
; E3       ;            ;          ; GND                                                                               ; gnd    ;              ;                ; --           ;                 ; --       ; --           ;
; E4       ; 382        ; 3C       ; RESERVED_INPUT_WITH_WEAK_PULLUP                                                   ;        ;              ;                ; --           ;                 ; no       ; On           ;
; E5       ; 338        ; 3D       ; RESERVED_INPUT_WITH_WEAK_PULLUP                                                   ;        ;              ;                ; --           ;                 ; no       ; On           ;
; E6       ; 333        ; 3D       ; tsup_data_o[3]                                                                    ; output ; 1.8 V        ;                ; --           ; N               ; no       ; Off          ;
; E7       ; 332        ; 3D       ; RESERVED_INPUT_WITH_WEAK_PULLUP                                                   ;        ;              ;                ; --           ;                 ; no       ; On           ;
; E8       ;            ;          ; GND                                                                               ; gnd    ;              ;                ; --           ;                 ; --       ; --           ;
; E9       ;            ; 2K       ; VREFB2KN0                                                                         ; power  ;              ; GND            ; --           ;                 ; --       ; --           ;
; E10      ;            ;          ; VSIGP_0                                                                           ;        ;              ;                ; --           ;                 ; --       ; --           ;
; E11      ;            ;          ; VSIGN_0                                                                           ;        ;              ;                ; --           ;                 ; --       ; --           ;
; E12      ; 532        ; HPS      ; GPIO2_IO10,NAND_ADQ4,UART1_CTS_N,SDMMC_DATA6,SPIM0_SS0_N,EMAC2_MDIO,I2C_EMAC2_SDA ;        ;              ;                ; --           ;                 ; no       ; On           ;
; E13      ;            ;          ; GND                                                                               ; gnd    ;              ;                ; --           ;                 ; --       ; --           ;
; E14      ; 196        ; 2K       ; RESERVED_INPUT_WITH_WEAK_PULLUP                                                   ;        ;              ;                ; --           ;                 ; no       ; On           ;
; E15      ; 182        ; 2K       ; RESERVED_INPUT_WITH_WEAK_PULLUP                                                   ;        ;              ;                ; --           ;                 ; no       ; On           ;
; E16      ; 151        ; 2L       ; RESERVED_INPUT_WITH_WEAK_PULLUP                                                   ;        ;              ;                ; --           ;                 ; no       ; On           ;
; E17      ; 150        ; 2L       ; RESERVED_INPUT_WITH_WEAK_PULLUP                                                   ;        ;              ;                ; --           ;                 ; no       ; On           ;
; E18      ;            ; 2L       ; VCCIO2L                                                                           ; power  ;              ; 1.8V           ; --           ;                 ; --       ; --           ;
; E19      ; 153        ; 2L       ; RESERVED_INPUT_WITH_WEAK_PULLUP                                                   ;        ;              ;                ; --           ;                 ; no       ; On           ;
; E20      ; 154        ; 2L       ; RESERVED_INPUT_WITH_WEAK_PULLUP                                                   ;        ;              ;                ; --           ;                 ; no       ; On           ;
; E21      ; 124        ; 2L       ; RESERVED_INPUT_WITH_WEAK_PULLUP                                                   ;        ;              ;                ; --           ;                 ; no       ; On           ;
; E22      ; 129        ; 2L       ; RESERVED_INPUT_WITH_WEAK_PULLUP                                                   ;        ;              ;                ; --           ;                 ; no       ; On           ;
; E23      ; 126        ; 2L       ; RESERVED_INPUT_WITH_WEAK_PULLUP                                                   ;        ;              ;                ; --           ;                 ; no       ; On           ;
; E24      ;            ;          ; GND                                                                               ; gnd    ;              ;                ; --           ;                 ; --       ; --           ;
; E25      ;            ;          ; GND                                                                               ; gnd    ;              ;                ; --           ;                 ; --       ; --           ;
; E26      ;            ;          ; GND                                                                               ; gnd    ;              ;                ; --           ;                 ; --       ; --           ;
; E27      ; 58         ; 1D       ; GXB_NC                                                                            ;        ;              ;                ; --           ;                 ; --       ; --           ;
; E28      ; 59         ; 1D       ; GXB_NC                                                                            ;        ;              ;                ; --           ;                 ; --       ; --           ;
; F1       ; 399        ; 3C       ; RESERVED_INPUT_WITH_WEAK_PULLUP                                                   ;        ;              ;                ; --           ;                 ; no       ; On           ;
; F2       ; 391        ; 3C       ; ts_target_pid_i[5]                                                                ; input  ; 1.8 V        ;                ; --           ; N               ; no       ; Off          ;
; F3       ; 392        ; 3C       ; ts_target_pid_i[6]                                                                ; input  ; 1.8 V        ;                ; --           ; N               ; no       ; Off          ;
; F4       ; 383        ; 3C       ; RESERVED_INPUT_WITH_WEAK_PULLUP                                                   ;        ;              ;                ; --           ;                 ; no       ; On           ;
; F5       ;            ;          ; GND                                                                               ; gnd    ;              ;                ; --           ;                 ; --       ; --           ;
; F6       ; 325        ; 3D       ; RESERVED_INPUT_WITH_WEAK_PULLUP                                                   ;        ;              ;                ; --           ;                 ; no       ; On           ;
; F7       ; 324        ; 3D       ; tsup_data_o[5]                                                                    ; output ; 1.8 V        ;                ; --           ; N               ; no       ; Off          ;
; F8       ; 326        ; 3D       ; RESERVED_INPUT_WITH_WEAK_PULLUP                                                   ;        ;              ;                ; --           ;                 ; no       ; On           ;
; F9       ; 319        ; 3D       ; tsup_data_o[4]                                                                    ; output ; 1.8 V        ;                ; --           ; N               ; no       ; Off          ;
; F10      ;            ;          ; GND                                                                               ; gnd    ;              ;                ; --           ;                 ; --       ; --           ;
; F11      ;            ;          ; VSIGP_1                                                                           ;        ;              ;                ; --           ;                 ; --       ; --           ;
; F12      ; 522        ; HPS      ; GPIO2_IO0,NAND_ADQ0,SDMMC_DATA0,QSPI_CLK                                          ;        ;              ;                ; --           ;                 ; no       ; On           ;
; F13      ; 535        ; HPS      ; GPIO2_IO13,NAND_ADQ7,UART1_RX,QSPI_SS3,SPIS0_SS0_N,EMAC0_MDC,I2C_EMAC0_SCL        ;        ;              ;                ; --           ;                 ; no       ; On           ;
; F14      ; 527        ; HPS      ; GPIO2_IO5,NAND_ADQ3,SDMMC_DATA3,QSPI_IO3_HOLD                                     ;        ;              ;                ; --           ;                 ; no       ; On           ;
; F15      ;            ; 2K       ; VCCIO2K                                                                           ; power  ;              ; 1.8V           ; --           ;                 ; --       ; --           ;
; F16      ; 531        ; HPS      ; GPIO2_IO9,NAND_CE_N,UART1_RTS_N,SDMMC_DATA5,SPIM0_MISO,EMAC1_MDC,I2C_EMAC1_SCL    ;        ;              ;                ; --           ;                 ; no       ; On           ;
; F17      ; 119        ; 2L       ; RESERVED_INPUT_WITH_WEAK_PULLUP                                                   ;        ;              ;                ; --           ;                 ; no       ; On           ;
; F18      ; 118        ; 2L       ; RESERVED_INPUT_WITH_WEAK_PULLUP                                                   ;        ;              ;                ; --           ;                 ; no       ; On           ;
; F19      ; 152        ; 2L       ; RESERVED_INPUT_WITH_WEAK_PULLUP                                                   ;        ;              ;                ; --           ;                 ; no       ; On           ;
; F20      ;            ;          ; GND                                                                               ; gnd    ;              ;                ; --           ;                 ; --       ; --           ;
; F21      ; 133        ; 2L       ; RESERVED_INPUT_WITH_WEAK_PULLUP                                                   ;        ;              ;                ; --           ;                 ; no       ; On           ;
; F22      ; 128        ; 2L       ; RESERVED_INPUT_WITH_WEAK_PULLUP                                                   ;        ;              ;                ; --           ;                 ; no       ; On           ;
; F23      ; 135        ; 2L       ; RESERVED_INPUT_WITH_WEAK_PULLUP                                                   ;        ;              ;                ; --           ;                 ; no       ; On           ;
; F24      ;            ;          ; GND                                                                               ; gnd    ;              ;                ; --           ;                 ; --       ; --           ;
; F25      ; 64         ; 1D       ; GXB_GND*                                                                          ;        ;              ;                ; --           ;                 ; --       ; --           ;
; F26      ; 65         ; 1D       ; GXB_GND*                                                                          ;        ;              ;                ; --           ;                 ; --       ; --           ;
; F27      ;            ;          ; GND                                                                               ; gnd    ;              ;                ; --           ;                 ; --       ; --           ;
; F28      ;            ;          ; GND                                                                               ; gnd    ;              ;                ; --           ;                 ; --       ; --           ;
; G1       ; 426        ; 3B       ; RESERVED_INPUT_WITH_WEAK_PULLUP                                                   ;        ;              ;                ; --           ;                 ; no       ; On           ;
; G2       ;            ;          ; GND                                                                               ; gnd    ;              ;                ; --           ;                 ; --       ; --           ;
; G3       ; 393        ; 3C       ; ts_data_i[6]                                                                      ; input  ; 1.8 V        ;                ; --           ; N               ; no       ; Off          ;
; G4       ; 359        ; 3C       ; ts_clk_i                                                                          ; input  ; 1.8 V        ;                ; --           ; N               ; no       ; Off          ;
; G5       ; 377        ; 3C       ; RESERVED_INPUT_WITH_WEAK_PULLUP                                                   ;        ;              ;                ; --           ;                 ; no       ; On           ;
; G6       ; 376        ; 3C       ; RESERVED_INPUT_WITH_WEAK_PULLUP                                                   ;        ;              ;                ; --           ;                 ; no       ; On           ;
; G7       ;            ; 3D       ; VCCIO3D                                                                           ; power  ;              ; 1.8V           ; --           ;                 ; --       ; --           ;
; G8       ; 327        ; 3D       ; RESERVED_INPUT_WITH_WEAK_PULLUP                                                   ;        ;              ;                ; --           ;                 ; no       ; On           ;
; G9       ; 318        ; 3D       ; RESERVED_INPUT_WITH_WEAK_PULLUP                                                   ;        ;              ;                ; --           ;                 ; no       ; On           ;
; G10      ;            ;          ; ADCGND                                                                            ; gnd    ;              ;                ; --           ;                 ; --       ; --           ;
; G11      ;            ;          ; VSIGN_1                                                                           ;        ;              ;                ; --           ;                 ; --       ; --           ;
; G12      ;            ;          ; GND                                                                               ; gnd    ;              ;                ; --           ;                 ; --       ; --           ;
; G13      ; 528        ; HPS      ; GPIO2_IO6,NAND_CLE,SDMMC_PWR_ENA,SPIM0_SS1_N,SPIS0_MISO,BOOTSEL1                  ;        ;              ;                ; --           ;                 ; no       ; On           ;
; G14      ; 519        ; HPS      ; HPS_CLK1                                                                          ;        ;              ;                ; --           ;                 ; no       ; On           ;
; G15      ; 533        ; HPS      ; GPIO2_IO11,NAND_ADQ5,UART1_RX,SDMMC_DATA7,SPIS0_CLK,EMAC2_MDC,I2C_EMAC2_SCL       ;        ;              ;                ; --           ;                 ; no       ; On           ;
; G16      ; 523        ; HPS      ; GPIO2_IO1,NAND_ADQ1,SDMMC_CMD,QSPI_IO0                                            ;        ;              ;                ; --           ;                 ; no       ; On           ;
; G17      ;            ;          ; GND                                                                               ; gnd    ;              ;                ; --           ;                 ; --       ; --           ;
; G18      ; 121        ; 2L       ; RESERVED_INPUT_WITH_WEAK_PULLUP                                                   ;        ;              ;                ; --           ;                 ; no       ; On           ;
; G19      ; 122        ; 2L       ; RESERVED_INPUT_WITH_WEAK_PULLUP                                                   ;        ;              ;                ; --           ;                 ; no       ; On           ;
; G20      ; 123        ; 2L       ; RESERVED_INPUT_WITH_WEAK_PULLUP                                                   ;        ;              ;                ; --           ;                 ; no       ; On           ;
; G21      ; 132        ; 2L       ; RESERVED_INPUT_WITH_WEAK_PULLUP                                                   ;        ;              ;                ; --           ;                 ; no       ; On           ;
; G22      ;            ;          ; GND                                                                               ; gnd    ;              ;                ; --           ;                 ; --       ; --           ;
; G23      ; 134        ; 2L       ; RESERVED_INPUT_WITH_WEAK_PULLUP                                                   ;        ;              ;                ; --           ;                 ; no       ; On           ;
; G24      ;            ;          ; GND                                                                               ; gnd    ;              ;                ; --           ;                 ; --       ; --           ;
; G25      ;            ;          ; GND                                                                               ; gnd    ;              ;                ; --           ;                 ; --       ; --           ;
; G26      ;            ;          ; GND                                                                               ; gnd    ;              ;                ; --           ;                 ; --       ; --           ;
; G27      ; 62         ; 1D       ; GXB_NC                                                                            ;        ;              ;                ; --           ;                 ; --       ; --           ;
; G28      ; 63         ; 1D       ; GXB_NC                                                                            ;        ;              ;                ; --           ;                 ; --       ; --           ;
; H1       ; 427        ; 3B       ; RESERVED_INPUT_WITH_WEAK_PULLUP                                                   ;        ;              ;                ; --           ;                 ; no       ; On           ;
; H2       ; 419        ; 3B       ; RESERVED_INPUT_WITH_WEAK_PULLUP                                                   ;        ;              ;                ; --           ;                 ; no       ; On           ;
; H3       ; 395        ; 3C       ; ts_data_i[0]                                                                      ; input  ; 1.8 V        ;                ; --           ; N               ; no       ; Off          ;
; H4       ;            ;          ; GND                                                                               ; gnd    ;              ;                ; --           ;                 ; --       ; --           ;
; H5       ; 358        ; 3C       ; ts_target_pid_i[12]                                                               ; input  ; 1.8 V        ;                ; --           ; N               ; no       ; Off          ;
; H6       ; 353        ; 3C       ; RESERVED_INPUT_WITH_WEAK_PULLUP                                                   ;        ;              ;                ; --           ;                 ; no       ; On           ;
; H7       ; 352        ; 3C       ; ts_target_pid_received_i                                                          ; input  ; 1.8 V        ;                ; --           ; N               ; no       ; Off          ;
; H8       ; 323        ; 3D       ; RESERVED_INPUT_WITH_WEAK_PULLUP                                                   ;        ;              ;                ; --           ;                 ; no       ; On           ;
; H9       ;            ; 3D       ; VCCIO3D                                                                           ; power  ;              ; 1.8V           ; --           ;                 ; --       ; --           ;
; H10      ;            ;          ; TEMPDIODEn                                                                        ;        ;              ;                ; --           ;                 ; --       ; --           ;
; H11      ;            ;          ; TEMPDIODEp                                                                        ;        ;              ;                ; --           ;                 ; --       ; --           ;
; H12      ; 526        ; HPS      ; GPIO2_IO4,NAND_ADQ2,SDMMC_DATA2,QSPI_IO2_WPN                                      ;        ;              ;                ; --           ;                 ; no       ; On           ;
; H13      ;            ; --       ; VCCIO_HPS                                                                         ; power  ;              ; 1.8V           ; --           ;                 ; --       ; --           ;
; H14      ;            ;          ; GND                                                                               ; gnd    ;              ;                ; --           ;                 ; --       ; --           ;
; H15      ; 530        ; HPS      ; GPIO2_IO8,NAND_RB,UART1_TX,SDMMC_DATA4,SPIM0_MOSI,EMAC1_MDIO,I2C_EMAC1_SDA        ;        ;              ;                ; --           ;                 ; no       ; On           ;
; H16      ; 112        ; 2L       ; RESERVED_INPUT_WITH_WEAK_PULLUP                                                   ;        ;              ;                ; --           ;                 ; no       ; On           ;
; H17      ; 113        ; 2L       ; RESERVED_INPUT_WITH_WEAK_PULLUP                                                   ;        ;              ;                ; --           ;                 ; no       ; On           ;
; H18      ; 120        ; 2L       ; RESERVED_INPUT_WITH_WEAK_PULLUP                                                   ;        ;              ;                ; --           ;                 ; no       ; On           ;
; H19      ;            ; 2L       ; VCCIO2L                                                                           ; power  ;              ; 1.8V           ; --           ;                 ; --       ; --           ;
; H20      ; 143        ; 2L       ; RESERVED_INPUT_WITH_WEAK_PULLUP                                                   ;        ;              ;                ; --           ;                 ; no       ; On           ;
; H21      ; 142        ; 2L       ; RESERVED_INPUT_WITH_WEAK_PULLUP                                                   ;        ;              ;                ; --           ;                 ; no       ; On           ;
; H22      ; 140        ; 2L       ; RESERVED_INPUT_WITH_WEAK_PULLUP                                                   ;        ;              ;                ; --           ;                 ; no       ; On           ;
; H23      ; 136        ; 2L       ; RESERVED_INPUT_WITH_WEAK_PULLUP                                                   ;        ;              ;                ; --           ;                 ; no       ; On           ;
; H24      ;            ;          ; GND                                                                               ; gnd    ;              ;                ; --           ;                 ; --       ; --           ;
; H25      ; 68         ; 1D       ; GXB_GND*                                                                          ;        ;              ;                ; --           ;                 ; --       ; --           ;
; H26      ; 69         ; 1D       ; GXB_GND*                                                                          ;        ;              ;                ; --           ;                 ; --       ; --           ;
; H27      ;            ;          ; GND                                                                               ; gnd    ;              ;                ; --           ;                 ; --       ; --           ;
; H28      ;            ;          ; GND                                                                               ; gnd    ;              ;                ; --           ;                 ; --       ; --           ;
; J1       ;            ;          ; GND                                                                               ; gnd    ;              ;                ; --           ;                 ; --       ; --           ;
; J2       ; 420        ; 3B       ; RESERVED_INPUT_WITH_WEAK_PULLUP                                                   ;        ;              ;                ; --           ;                 ; no       ; On           ;
; J3       ; 418        ; 3B       ; RESERVED_INPUT_WITH_WEAK_PULLUP                                                   ;        ;              ;                ; --           ;                 ; no       ; On           ;
; J4       ; 394        ; 3C       ; RESERVED_INPUT_WITH_WEAK_PULLUP                                                   ;        ;              ;                ; --           ;                 ; no       ; On           ;
; J5       ; 370        ; 3C       ; ts_data_i[3]                                                                      ; input  ; 1.8 V        ;                ; --           ; N               ; no       ; Off          ;
; J6       ;            ;          ; GND                                                                               ; gnd    ;              ;                ; --           ;                 ; --       ; --           ;
; J7       ; 360        ; 3C       ; ts_target_pid_i[0]                                                                ; input  ; 1.8 V        ;                ; --           ; N               ; no       ; Off          ;
; J8       ; 322        ; 3D       ; tsup_clk_o                                                                        ; output ; 1.8 V        ;                ; --           ; N               ; no       ; Off          ;
; J9       ; 316        ; 3D       ; RESERVED_INPUT_WITH_WEAK_PULLUP                                                   ;        ;              ;                ; --           ;                 ; no       ; On           ;
; J10      ;            ;          ; VREFN_ADC                                                                         ;        ;              ;                ; --           ;                 ; --       ; --           ;
; J11      ;            ;          ; GND                                                                               ; gnd    ;              ;                ; --           ;                 ; --       ; --           ;
; J12      ; 525        ; HPS      ; GPIO2_IO3,NAND_RE_N,SDMMC_DATA1,QSPI_IO1                                          ;        ;              ;                ; --           ;                 ; no       ; On           ;
; J13      ;            ; --       ; VCCIOREF_HPS                                                                      ; power  ;              ; 1.8V           ; --           ;                 ; --       ; --           ;
; J14      ;            ; --       ; VCCPLL_HPS                                                                        ; power  ;              ; 1.8V           ; --           ;                 ; --       ; --           ;
; J15      ; 529        ; HPS      ; GPIO2_IO7,NAND_ALE,QSPI_SS1,SPIM0_CLK,BOOTSEL0                                    ;        ;              ;                ; --           ;                 ; no       ; On           ;
; J16      ;            ;          ; GND                                                                               ; gnd    ;              ;                ; --           ;                 ; --       ; --           ;
; J17      ; 117        ; 2L       ; RESERVED_INPUT_WITH_WEAK_PULLUP                                                   ;        ;              ;                ; --           ;                 ; no       ; On           ;
; J18      ; 115        ; 2L       ; RESERVED_INPUT_WITH_WEAK_PULLUP                                                   ;        ;              ;                ; --           ;                 ; no       ; On           ;
; J19      ; 114        ; 2L       ; RESERVED_INPUT_WITH_WEAK_PULLUP                                                   ;        ;              ;                ; --           ;                 ; no       ; On           ;
; J20      ; 139        ; 2L       ; RESERVED_INPUT_WITH_WEAK_PULLUP                                                   ;        ;              ;                ; --           ;                 ; no       ; On           ;
; J21      ;            ;          ; GND                                                                               ; gnd    ;              ;                ; --           ;                 ; --       ; --           ;
; J22      ; 141        ; 2L       ; RESERVED_INPUT_WITH_WEAK_PULLUP                                                   ;        ;              ;                ; --           ;                 ; no       ; On           ;
; J23      ; 137        ; 2L       ; RESERVED_INPUT_WITH_WEAK_PULLUP                                                   ;        ;              ;                ; --           ;                 ; no       ; On           ;
; J24      ;            ;          ; GND                                                                               ; gnd    ;              ;                ; --           ;                 ; --       ; --           ;
; J25      ;            ;          ; GND                                                                               ; gnd    ;              ;                ; --           ;                 ; --       ; --           ;
; J26      ;            ;          ; GND                                                                               ; gnd    ;              ;                ; --           ;                 ; --       ; --           ;
; J27      ; 66         ; 1D       ; GXB_NC                                                                            ;        ;              ;                ; --           ;                 ; --       ; --           ;
; J28      ; 67         ; 1D       ; GXB_NC                                                                            ;        ;              ;                ; --           ;                 ; --       ; --           ;
; K1       ; 432        ; 3B       ; RESERVED_INPUT_WITH_WEAK_PULLUP                                                   ;        ;              ;                ; --           ;                 ; no       ; On           ;
; K2       ; 421        ; 3B       ; RESERVED_INPUT_WITH_WEAK_PULLUP                                                   ;        ;              ;                ; --           ;                 ; no       ; On           ;
; K3       ;            ;          ; GND                                                                               ; gnd    ;              ;                ; --           ;                 ; --       ; --           ;
; K4       ; 415        ; 3B       ; RESERVED_INPUT_WITH_WEAK_PULLUP                                                   ;        ;              ;                ; --           ;                 ; no       ; On           ;
; K5       ; 371        ; 3C       ; ts_valid_i                                                                        ; input  ; 1.8 V        ;                ; --           ; N               ; no       ; Off          ;
; K6       ; 356        ; 3C       ; ts_data_i[1]                                                                      ; input  ; 1.8 V        ;                ; --           ; N               ; no       ; Off          ;
; K7       ; 361        ; 3C       ; RESERVED_INPUT_WITH_WEAK_PULLUP                                                   ;        ;              ;                ; --           ;                 ; no       ; On           ;
; K8       ;            ; 3D       ; VCCIO3D                                                                           ; power  ;              ; 1.8V           ; --           ;                 ; --       ; --           ;
; K9       ; 317        ; 3D       ; tsup_valid_o                                                                      ; output ; 1.8 V        ;                ; --           ; N               ; no       ; Off          ;
; K10      ;            ;          ; VREFP_ADC                                                                         ;        ;              ;                ; --           ;                 ; --       ; --           ;
; K11      ; 520        ; HPS      ; HPS_nPOR                                                                          ;        ;              ;                ; --           ;                 ; no       ; On           ;
; K12      ; 521        ; HPS      ; HPS_nRST                                                                          ;        ;              ;                ; --           ;                 ; no       ; On           ;
; K13      ;            ;          ; GND                                                                               ; gnd    ;              ;                ; --           ;                 ; --       ; --           ;
; K14      ;            ; --       ; VCCL_HPS                                                                          ; power  ;              ; 0.9V           ; --           ;                 ; --       ; --           ;
; K15      ; 534        ; HPS      ; GPIO2_IO12,NAND_ADQ6,UART1_TX,QSPI_SS2,SPIS0_MOSI,EMAC0_MDIO,I2C_EMAC0_SDA        ;        ;              ;                ; --           ;                 ; no       ; On           ;
; K16      ;            ; 2L       ; VREFB2LN0                                                                         ; power  ;              ; GND            ; --           ;                 ; --       ; --           ;
; K17      ; 116        ; 2L       ; RESERVED_INPUT_WITH_WEAK_PULLUP                                                   ;        ;              ;                ; --           ;                 ; no       ; On           ;
; K18      ;            ; 2L       ; VCCIO2L                                                                           ; power  ;              ; 1.8V           ; --           ;                 ; --       ; --           ;
; K19      ; 145        ; 2L       ; RESERVED_INPUT_WITH_WEAK_PULLUP                                                   ;        ;              ;                ; --           ;                 ; no       ; On           ;
; K20      ; 144        ; 2L       ; RESERVED_INPUT_WITH_WEAK_PULLUP                                                   ;        ;              ;                ; --           ;                 ; no       ; On           ;
; K21      ; 138        ; 2L       ; RESERVED_INPUT_WITH_WEAK_PULLUP                                                   ;        ;              ;                ; --           ;                 ; no       ; On           ;
; K22      ; 146        ; 2L       ; RESERVED_INPUT_WITH_WEAK_PULLUP                                                   ;        ;              ;                ; --           ;                 ; no       ; On           ;
; K23      ; 147        ; 2L       ; RESERVED_INPUT_WITH_WEAK_PULLUP                                                   ;        ;              ;                ; --           ;                 ; no       ; On           ;
; K24      ;            ;          ; GND                                                                               ; gnd    ;              ;                ; --           ;                 ; --       ; --           ;
; K25      ; 72         ; 1D       ; GXB_GND*                                                                          ;        ;              ;                ; --           ;                 ; --       ; --           ;
; K26      ; 73         ; 1D       ; GXB_GND*                                                                          ;        ;              ;                ; --           ;                 ; --       ; --           ;
; K27      ;            ;          ; GND                                                                               ; gnd    ;              ;                ; --           ;                 ; --       ; --           ;
; K28      ;            ;          ; GND                                                                               ; gnd    ;              ;                ; --           ;                 ; --       ; --           ;
; L1       ; 433        ; 3B       ; RESERVED_INPUT_WITH_WEAK_PULLUP                                                   ;        ;              ;                ; --           ;                 ; no       ; On           ;
; L2       ; 423        ; 3B       ; RESERVED_INPUT_WITH_WEAK_PULLUP                                                   ;        ;              ;                ; --           ;                 ; no       ; On           ;
; L3       ; 422        ; 3B       ; RESERVED_INPUT_WITH_WEAK_PULLUP                                                   ;        ;              ;                ; --           ;                 ; no       ; On           ;
; L4       ; 414        ; 3B       ; RESERVED_INPUT_WITH_WEAK_PULLUP                                                   ;        ;              ;                ; --           ;                 ; no       ; On           ;
; L5       ;            ; 3C       ; VCCIO3C                                                                           ; power  ;              ; 1.8V           ; --           ;                 ; --       ; --           ;
; L6       ; 357        ; 3C       ; RESERVED_INPUT_WITH_WEAK_PULLUP                                                   ;        ;              ;                ; --           ;                 ; no       ; On           ;
; L7       ; 363        ; 3C       ; RESERVED_INPUT_WITH_WEAK_PULLUP                                                   ;        ;              ;                ; --           ;                 ; no       ; On           ;
; L8       ; 320        ; 3D       ; tsup_sync_o                                                                       ; output ; 1.8 V        ;                ; --           ; N               ; no       ; Off          ;
; L9       ; 321        ; 3D       ; tsup_data_o[2]                                                                    ; output ; 1.8 V        ;                ; --           ; N               ; no       ; Off          ;
; L10      ;            ;          ; GND                                                                               ; gnd    ;              ;                ; --           ;                 ; --       ; --           ;
; L11      ;            ; --       ; VCC                                                                               ; power  ;              ; 0.9V           ; --           ;                 ; --       ; --           ;
; L12      ;            ; --       ; VCC                                                                               ; power  ;              ; 0.9V           ; --           ;                 ; --       ; --           ;
; L13      ;            ; --       ; VCCL_HPS                                                                          ; power  ;              ; 0.9V           ; --           ;                 ; --       ; --           ;
; L14      ;            ; --       ; VCCL_HPS                                                                          ; power  ;              ; 0.9V           ; --           ;                 ; --       ; --           ;
; L15      ;            ;          ; GND                                                                               ; gnd    ;              ;                ; --           ;                 ; --       ; --           ;
; L16      ;            ; --       ; VCC                                                                               ; power  ;              ; 0.9V           ; --           ;                 ; --       ; --           ;
; L17      ;            ; --       ; VCC                                                                               ; power  ;              ; 0.9V           ; --           ;                 ; --       ; --           ;
; L18      ;            ; --       ; VCC                                                                               ; power  ;              ; 0.9V           ; --           ;                 ; --       ; --           ;
; L19      ;            ; --       ; VCC                                                                               ; power  ;              ; 0.9V           ; --           ;                 ; --       ; --           ;
; L20      ;            ;          ; GND                                                                               ; gnd    ;              ;                ; --           ;                 ; --       ; --           ;
; L21      ;            ;          ; GND                                                                               ; gnd    ;              ;                ; --           ;                 ; --       ; --           ;
; L22      ;            ;          ; GND                                                                               ; gnd    ;              ;                ; --           ;                 ; --       ; --           ;
; L23      ;            ;          ; GND                                                                               ; gnd    ;              ;                ; --           ;                 ; --       ; --           ;
; L24      ;            ;          ; GND                                                                               ; gnd    ;              ;                ; --           ;                 ; --       ; --           ;
; L25      ;            ;          ; GND                                                                               ; gnd    ;              ;                ; --           ;                 ; --       ; --           ;
; L26      ;            ;          ; GND                                                                               ; gnd    ;              ;                ; --           ;                 ; --       ; --           ;
; L27      ; 70         ; 1D       ; GXB_NC                                                                            ;        ;              ;                ; --           ;                 ; --       ; --           ;
; L28      ; 71         ; 1D       ; GXB_NC                                                                            ;        ;              ;                ; --           ;                 ; --       ; --           ;
; M1       ; 424        ; 3B       ; RESERVED_INPUT_WITH_WEAK_PULLUP                                                   ;        ;              ;                ; --           ;                 ; no       ; On           ;
; M2       ;            ;          ; GND                                                                               ; gnd    ;              ;                ; --           ;                 ; --       ; --           ;
; M3       ; 413        ; 3B       ; RESERVED_INPUT_WITH_WEAK_PULLUP                                                   ;        ;              ;                ; --           ;                 ; no       ; On           ;
; M4       ; 412        ; 3B       ; RESERVED_INPUT_WITH_WEAK_PULLUP                                                   ;        ;              ;                ; --           ;                 ; no       ; On           ;
; M5       ; 373        ; 3C       ; RESERVED_INPUT_WITH_WEAK_PULLUP                                                   ;        ;              ;                ; --           ;                 ; no       ; On           ;
; M6       ; 372        ; 3C       ; RESERVED_INPUT_WITH_WEAK_PULLUP                                                   ;        ;              ;                ; --           ;                 ; no       ; On           ;
; M7       ;            ; 3C       ; VCCIO3C                                                                           ; power  ;              ; 1.8V           ; --           ;                 ; --       ; --           ;
; M8       ; 362        ; 3C       ; ts_target_pid_i[3]                                                                ; input  ; 1.8 V        ;                ; --           ; N               ; no       ; Off          ;
; M9       ;            ; 3D       ; VREFB3DN0                                                                         ; power  ;              ; GND            ; --           ;                 ; --       ; --           ;
; M10      ;            ; --       ; VCC                                                                               ; power  ;              ; 0.9V           ; --           ;                 ; --       ; --           ;
; M11      ;            ; --       ; VCC                                                                               ; power  ;              ; 0.9V           ; --           ;                 ; --       ; --           ;
; M12      ;            ;          ; GND                                                                               ; gnd    ;              ;                ; --           ;                 ; --       ; --           ;
; M13      ;            ; --       ; VCCL_HPS                                                                          ; power  ;              ; 0.9V           ; --           ;                 ; --       ; --           ;
; M14      ;            ; --       ; VCCPT                                                                             ; power  ;              ; 1.8V           ; --           ;                 ; --       ; --           ;
; M15      ;            ; --       ; VCC                                                                               ; power  ;              ; 0.9V           ; --           ;                 ; --       ; --           ;
; M16      ;            ; --       ; VCC                                                                               ; power  ;              ; 0.9V           ; --           ;                 ; --       ; --           ;
; M17      ;            ;          ; GND                                                                               ; gnd    ;              ;                ; --           ;                 ; --       ; --           ;
; M18      ;            ; --       ; VCCPT                                                                             ; power  ;              ; 1.8V           ; --           ;                 ; --       ; --           ;
; M19      ;            ; --       ; VCC                                                                               ; power  ;              ; 0.9V           ; --           ;                 ; --       ; --           ;
; M20      ;            ; --       ; VCC                                                                               ; power  ;              ; 0.9V           ; --           ;                 ; --       ; --           ;
; M21      ;            ;          ; GND                                                                               ; gnd    ;              ;                ; --           ;                 ; --       ; --           ;
; M22      ;            ; --       ; VCCH_GXBL                                                                         ; gnd    ;              ; GND            ; --           ;                 ; --       ; --           ;
; M23      ;            ; --       ; VCCT_GXBL1D                                                                       ; gnd    ;              ; GND            ; --           ;                 ; --       ; --           ;
; M24      ;            ; --       ; VCCT_GXBL1D                                                                       ; gnd    ;              ; GND            ; --           ;                 ; --       ; --           ;
; M25      ; 76         ; 1D       ; GXB_GND*                                                                          ;        ;              ;                ; --           ;                 ; --       ; --           ;
; M26      ; 77         ; 1D       ; GXB_GND*                                                                          ;        ;              ;                ; --           ;                 ; --       ; --           ;
; M27      ;            ;          ; GND                                                                               ; gnd    ;              ;                ; --           ;                 ; --       ; --           ;
; M28      ;            ;          ; GND                                                                               ; gnd    ;              ;                ; --           ;                 ; --       ; --           ;
; N1       ; 425        ; 3B       ; RESERVED_INPUT_WITH_WEAK_PULLUP                                                   ;        ;              ;                ; --           ;                 ; no       ; On           ;
; N2       ; 417        ; 3B       ; RESERVED_INPUT_WITH_WEAK_PULLUP                                                   ;        ;              ;                ; --           ;                 ; no       ; On           ;
; N3       ; 416        ; 3B       ; RESERVED_INPUT_WITH_WEAK_PULLUP                                                   ;        ;              ;                ; --           ;                 ; no       ; On           ;
; N4       ;            ;          ; GND                                                                               ; gnd    ;              ;                ; --           ;                 ; --       ; --           ;
; N5       ; 375        ; 3C       ; clk_i                                                                             ; input  ; 1.8 V        ;                ; --           ; N               ; no       ; Off          ;
; N6       ; 367        ; 3C       ; ts_target_pid_i[10]                                                               ; input  ; 1.8 V        ;                ; --           ; N               ; no       ; Off          ;
; N7       ; 355        ; 3C       ; RESERVED_INPUT_WITH_WEAK_PULLUP                                                   ;        ;              ;                ; --           ;                 ; no       ; On           ;
; N8       ; 354        ; 3C       ; RESERVED_INPUT_WITH_WEAK_PULLUP                                                   ;        ;              ;                ; --           ;                 ; no       ; On           ;
; N9       ;            ;          ; GND                                                                               ; gnd    ;              ;                ; --           ;                 ; --       ; --           ;
; N10      ;            ; --       ; VCC                                                                               ; power  ;              ; 0.9V           ; --           ;                 ; --       ; --           ;
; N11      ;            ; --       ; VCCP                                                                              ; power  ;              ; 0.9V           ; --           ;                 ; --       ; --           ;
; N12      ;            ; --       ; VCC                                                                               ; power  ;              ; 0.9V           ; --           ;                 ; --       ; --           ;
; N13      ;            ; --       ; VCC                                                                               ; power  ;              ; 0.9V           ; --           ;                 ; --       ; --           ;
; N14      ;            ;          ; GND                                                                               ; gnd    ;              ;                ; --           ;                 ; --       ; --           ;
; N15      ;            ; --       ; VCC                                                                               ; power  ;              ; 0.9V           ; --           ;                 ; --       ; --           ;
; N16      ;            ; --       ; VCC                                                                               ; power  ;              ; 0.9V           ; --           ;                 ; --       ; --           ;
; N17      ;            ; --       ; VCCP                                                                              ; power  ;              ; 0.9V           ; --           ;                 ; --       ; --           ;
; N18      ;            ; --       ; VCC                                                                               ; power  ;              ; 0.9V           ; --           ;                 ; --       ; --           ;
; N19      ;            ;          ; GND                                                                               ; gnd    ;              ;                ; --           ;                 ; --       ; --           ;
; N20      ;            ; --       ; VCC                                                                               ; power  ;              ; 0.9V           ; --           ;                 ; --       ; --           ;
; N21      ;            ;          ; GND                                                                               ; gnd    ;              ;                ; --           ;                 ; --       ; --           ;
; N22      ;            ;          ; GND                                                                               ; gnd    ;              ;                ; --           ;                 ; --       ; --           ;
; N23      ; 57         ; 1D       ; GXB_GND*                                                                          ;        ;              ;                ; --           ;                 ; --       ; --           ;
; N24      ; 56         ; 1D       ; GXB_GND*                                                                          ;        ;              ;                ; --           ;                 ; --       ; --           ;
; N25      ;            ;          ; GND                                                                               ; gnd    ;              ;                ; --           ;                 ; --       ; --           ;
; N26      ;            ;          ; GND                                                                               ; gnd    ;              ;                ; --           ;                 ; --       ; --           ;
; N27      ; 74         ; 1D       ; GXB_NC                                                                            ;        ;              ;                ; --           ;                 ; --       ; --           ;
; N28      ; 75         ; 1D       ; GXB_NC                                                                            ;        ;              ;                ; --           ;                 ; --       ; --           ;
; P1       ;            ;          ; GND                                                                               ; gnd    ;              ;                ; --           ;                 ; --       ; --           ;
; P2       ; 428        ; 3B       ; RESERVED_INPUT_WITH_WEAK_PULLUP                                                   ;        ;              ;                ; --           ;                 ; no       ; On           ;
; P3       ; 401        ; 3B       ; RESERVED_INPUT_WITH_WEAK_PULLUP                                                   ;        ;              ;                ; --           ;                 ; no       ; On           ;
; P4       ; 400        ; 3B       ; RESERVED_INPUT_WITH_WEAK_PULLUP                                                   ;        ;              ;                ; --           ;                 ; no       ; On           ;
; P5       ; 374        ; 3C       ; RESERVED_INPUT_WITH_WEAK_PULLUP                                                   ;        ;              ;                ; --           ;                 ; no       ; On           ;
; P6       ;            ; 3C       ; VCCIO3C                                                                           ; power  ;              ; 1.8V           ; --           ;                 ; --       ; --           ;
; P7       ; 366        ; 3C       ; RESERVED_INPUT_WITH_WEAK_PULLUP                                                   ;        ;              ;                ; --           ;                 ; no       ; On           ;
; P8       ; 364        ; 3C       ; ts_target_pid_i[2]                                                                ; input  ; 1.8 V        ;                ; --           ; N               ; no       ; Off          ;
; P9       ; 365        ; 3C       ; ts_target_pid_i[11]                                                               ; input  ; 1.8 V        ;                ; --           ; N               ; no       ; Off          ;
; P10      ;            ; --       ; VCC                                                                               ; power  ;              ; 0.9V           ; --           ;                 ; --       ; --           ;
; P11      ;            ;          ; GND                                                                               ; gnd    ;              ;                ; --           ;                 ; --       ; --           ;
; P12      ;            ; --       ; VCC                                                                               ; power  ;              ; 0.9V           ; --           ;                 ; --       ; --           ;
; P13      ;            ;          ; VCCA_PLL                                                                          ; power  ;              ; 1.8V           ; --           ;                 ; --       ; --           ;
; P14      ;            ; --       ; VCC                                                                               ; power  ;              ; 0.9V           ; --           ;                 ; --       ; --           ;
; P15      ;            ;          ; VCCA_PLL                                                                          ; power  ;              ; 1.8V           ; --           ;                 ; --       ; --           ;
; P16      ;            ;          ; GND                                                                               ; gnd    ;              ;                ; --           ;                 ; --       ; --           ;
; P17      ;            ; --       ; VCC                                                                               ; power  ;              ; 0.9V           ; --           ;                 ; --       ; --           ;
; P18      ;            ; --       ; VCC                                                                               ; power  ;              ; 0.9V           ; --           ;                 ; --       ; --           ;
; P19      ;            ; --       ; VCC                                                                               ; power  ;              ; 0.9V           ; --           ;                 ; --       ; --           ;
; P20      ;            ; --       ; VCC                                                                               ; power  ;              ; 0.9V           ; --           ;                 ; --       ; --           ;
; P21      ;            ;          ; GND                                                                               ; gnd    ;              ;                ; --           ;                 ; --       ; --           ;
; P22      ;            ;          ; GND                                                                               ; gnd    ;              ;                ; --           ;                 ; --       ; --           ;
; P23      ;            ; --       ; VCCR_GXBL1D                                                                       ; gnd    ;              ; GND            ; --           ;                 ; --       ; --           ;
; P24      ;            ; --       ; VCCR_GXBL1D                                                                       ; gnd    ;              ; GND            ; --           ;                 ; --       ; --           ;
; P25      ; 80         ; 1D       ; GXB_GND*                                                                          ;        ;              ;                ; --           ;                 ; --       ; --           ;
; P26      ; 81         ; 1D       ; GXB_GND*                                                                          ;        ;              ;                ; --           ;                 ; --       ; --           ;
; P27      ;            ;          ; GND                                                                               ; gnd    ;              ;                ; --           ;                 ; --       ; --           ;
; P28      ;            ;          ; GND                                                                               ; gnd    ;              ;                ; --           ;                 ; --       ; --           ;
; R1       ; 434        ; 3B       ; RESERVED_INPUT_WITH_WEAK_PULLUP                                                   ;        ;              ;                ; --           ;                 ; no       ; On           ;
; R2       ; 429        ; 3B       ; RESERVED_INPUT_WITH_WEAK_PULLUP                                                   ;        ;              ;                ; --           ;                 ; no       ; On           ;
; R3       ;            ;          ; GND                                                                               ; gnd    ;              ;                ; --           ;                 ; --       ; --           ;
; R4       ; 407        ; 3B       ; RESERVED_INPUT_WITH_WEAK_PULLUP                                                   ;        ;              ;                ; --           ;                 ; no       ; On           ;
; R5       ; 406        ; 3B       ; RESERVED_INPUT_WITH_WEAK_PULLUP                                                   ;        ;              ;                ; --           ;                 ; no       ; On           ;
; R6       ; 369        ; 3C       ; ts_target_pid_i[1]                                                                ; input  ; 1.8 V        ;                ; --           ; N               ; no       ; Off          ;
; R7       ; 368        ; 3C       ; RESERVED_INPUT_WITH_WEAK_PULLUP                                                   ;        ;              ;                ; --           ;                 ; no       ; On           ;
; R8       ;            ;          ; GND                                                                               ; gnd    ;              ;                ; --           ;                 ; --       ; --           ;
; R9       ;            ; 3C       ; VREFB3CN0                                                                         ; power  ;              ; GND            ; --           ;                 ; --       ; --           ;
; R10      ;            ; --       ; VCC                                                                               ; power  ;              ; 0.9V           ; --           ;                 ; --       ; --           ;
; R11      ;            ; --       ; VCC                                                                               ; power  ;              ; 0.9V           ; --           ;                 ; --       ; --           ;
; R12      ;            ; --       ; VCCERAM                                                                           ; power  ;              ; 0.9V           ; --           ;                 ; --       ; --           ;
; R13      ;            ;          ; GND                                                                               ; gnd    ;              ;                ; --           ;                 ; --       ; --           ;
; R14      ;            ; --       ; VCC                                                                               ; power  ;              ; 0.9V           ; --           ;                 ; --       ; --           ;
; R15      ;            ; --       ; VCC                                                                               ; power  ;              ; 0.9V           ; --           ;                 ; --       ; --           ;
; R16      ;            ; --       ; VCC                                                                               ; power  ;              ; 0.9V           ; --           ;                 ; --       ; --           ;
; R17      ;            ; --       ; VCCERAM                                                                           ; power  ;              ; 0.9V           ; --           ;                 ; --       ; --           ;
; R18      ;            ;          ; GND                                                                               ; gnd    ;              ;                ; --           ;                 ; --       ; --           ;
; R19      ;            ; --       ; VCC                                                                               ; power  ;              ; 0.9V           ; --           ;                 ; --       ; --           ;
; R20      ;            ; --       ; VCC                                                                               ; power  ;              ; 0.9V           ; --           ;                 ; --       ; --           ;
; R21      ;            ;          ; GND                                                                               ; gnd    ;              ;                ; --           ;                 ; --       ; --           ;
; R22      ;            ;          ; GND                                                                               ; gnd    ;              ;                ; --           ;                 ; --       ; --           ;
; R23      ; 83         ; 1D       ; GXB_GND*                                                                          ;        ;              ;                ; --           ;                 ; --       ; --           ;
; R24      ; 82         ; 1D       ; GXB_GND*                                                                          ;        ;              ;                ; --           ;                 ; --       ; --           ;
; R25      ;            ;          ; GND                                                                               ; gnd    ;              ;                ; --           ;                 ; --       ; --           ;
; R26      ;            ;          ; GND                                                                               ; gnd    ;              ;                ; --           ;                 ; --       ; --           ;
; R27      ; 78         ; 1D       ; GXB_NC                                                                            ;        ;              ;                ; --           ;                 ; --       ; --           ;
; R28      ; 79         ; 1D       ; GXB_NC                                                                            ;        ;              ;                ; --           ;                 ; --       ; --           ;
; T1       ; 435        ; 3B       ; RESERVED_INPUT_WITH_WEAK_PULLUP                                                   ;        ;              ;                ; --           ;                 ; no       ; On           ;
; T2       ; 431        ; 3B       ; RESERVED_INPUT_WITH_WEAK_PULLUP                                                   ;        ;              ;                ; --           ;                 ; no       ; On           ;
; T3       ; 430        ; 3B       ; RESERVED_INPUT_WITH_WEAK_PULLUP                                                   ;        ;              ;                ; --           ;                 ; no       ; On           ;
; T4       ; 409        ; 3B       ; RESERVED_INPUT_WITH_WEAK_PULLUP                                                   ;        ;              ;                ; --           ;                 ; no       ; On           ;
; T5       ;            ; 3B       ; VCCIO3B                                                                           ; power  ;              ; 1.8V           ; --           ;                 ; --       ; --           ;
; T6       ; 405        ; 3B       ; RESERVED_INPUT_WITH_WEAK_PULLUP                                                   ;        ;              ;                ; --           ;                 ; no       ; On           ;
; T7       ; 404        ; 3B       ; RESERVED_INPUT_WITH_WEAK_PULLUP                                                   ;        ;              ;                ; --           ;                 ; no       ; On           ;
; T8       ; 403        ; 3B       ; RESERVED_INPUT_WITH_WEAK_PULLUP                                                   ;        ;              ;                ; --           ;                 ; no       ; On           ;
; T9       ; 402        ; 3B       ; RESERVED_INPUT_WITH_WEAK_PULLUP                                                   ;        ;              ;                ; --           ;                 ; no       ; On           ;
; T10      ;            ;          ; GND                                                                               ; gnd    ;              ;                ; --           ;                 ; --       ; --           ;
; T11      ;            ; --       ; VCC                                                                               ; power  ;              ; 0.9V           ; --           ;                 ; --       ; --           ;
; T12      ;            ;          ; GNDSENSE                                                                          ;        ;              ;                ; --           ;                 ; --       ; --           ;
; T13      ;            ;          ; VCCLSENSE                                                                         ;        ;              ;                ; --           ;                 ; --       ; --           ;
; T14      ;            ; --       ; VCC                                                                               ; power  ;              ; 0.9V           ; --           ;                 ; --       ; --           ;
; T15      ;            ;          ; GND                                                                               ; gnd    ;              ;                ; --           ;                 ; --       ; --           ;
; T16      ;            ; --       ; VCC                                                                               ; power  ;              ; 0.9V           ; --           ;                 ; --       ; --           ;
; T17      ;            ; --       ; VCC                                                                               ; power  ;              ; 0.9V           ; --           ;                 ; --       ; --           ;
; T18      ;            ; --       ; VCC                                                                               ; power  ;              ; 0.9V           ; --           ;                 ; --       ; --           ;
; T19      ;            ; --       ; VCC                                                                               ; power  ;              ; 0.9V           ; --           ;                 ; --       ; --           ;
; T20      ;            ;          ; GND                                                                               ; gnd    ;              ;                ; --           ;                 ; --       ; --           ;
; T21      ;            ;          ; GND                                                                               ; gnd    ;              ;                ; --           ;                 ; --       ; --           ;
; T22      ;            ; --       ; VCCH_GXBL                                                                         ; gnd    ;              ; GND            ; --           ;                 ; --       ; --           ;
; T23      ;            ; --       ; VCCT_GXBL1C                                                                       ; gnd    ;              ; GND            ; --           ;                 ; --       ; --           ;
; T24      ;            ; --       ; VCCT_GXBL1C                                                                       ; gnd    ;              ; GND            ; --           ;                 ; --       ; --           ;
; T25      ; 88         ; 1C       ; GXB_GND*                                                                          ;        ;              ;                ; --           ;                 ; --       ; --           ;
; T26      ; 89         ; 1C       ; GXB_GND*                                                                          ;        ;              ;                ; --           ;                 ; --       ; --           ;
; T27      ;            ;          ; GND                                                                               ; gnd    ;              ;                ; --           ;                 ; --       ; --           ;
; T28      ;            ;          ; GND                                                                               ; gnd    ;              ;                ; --           ;                 ; --       ; --           ;
; U1       ; 438        ; 3B       ; RESERVED_INPUT_WITH_WEAK_PULLUP                                                   ;        ;              ;                ; --           ;                 ; no       ; On           ;
; U2       ;            ;          ; GND                                                                               ; gnd    ;              ;                ; --           ;                 ; --       ; --           ;
; U3       ; 437        ; 3B       ; RESERVED_INPUT_WITH_WEAK_PULLUP                                                   ;        ;              ;                ; --           ;                 ; no       ; On           ;
; U4       ; 436        ; 3B       ; RESERVED_INPUT_WITH_WEAK_PULLUP                                                   ;        ;              ;                ; --           ;                 ; no       ; On           ;
; U5       ; 408        ; 3B       ; RESERVED_INPUT_WITH_WEAK_PULLUP                                                   ;        ;              ;                ; --           ;                 ; no       ; On           ;
; U6       ; 441        ; 3B       ; RESERVED_INPUT_WITH_WEAK_PULLUP                                                   ;        ;              ;                ; --           ;                 ; no       ; On           ;
; U7       ;            ; 3B       ; VCCIO3B                                                                           ; power  ;              ; 1.8V           ; --           ;                 ; --       ; --           ;
; U8       ; 411        ; 3B       ; RESERVED_INPUT_WITH_WEAK_PULLUP                                                   ;        ;              ;                ; --           ;                 ; no       ; On           ;
; U9       ;            ; 3B       ; VREFB3BN0                                                                         ; power  ;              ; GND            ; --           ;                 ; --       ; --           ;
; U10      ;            ; --       ; VCC                                                                               ; power  ;              ; 0.9V           ; --           ;                 ; --       ; --           ;
; U11      ;            ; --       ; VCCP                                                                              ; power  ;              ; 0.9V           ; --           ;                 ; --       ; --           ;
; U12      ;            ;          ; GND                                                                               ; gnd    ;              ;                ; --           ;                 ; --       ; --           ;
; U13      ;            ; --       ; VCCP                                                                              ; power  ;              ; 0.9V           ; --           ;                 ; --       ; --           ;
; U14      ;            ; --       ; VCC                                                                               ; power  ;              ; 0.9V           ; --           ;                 ; --       ; --           ;
; U15      ;            ; --       ; VCC                                                                               ; power  ;              ; 0.9V           ; --           ;                 ; --       ; --           ;
; U16      ;            ; --       ; VCCP                                                                              ; power  ;              ; 0.9V           ; --           ;                 ; --       ; --           ;
; U17      ;            ;          ; GND                                                                               ; gnd    ;              ;                ; --           ;                 ; --       ; --           ;
; U18      ;            ; --       ; VCC                                                                               ; power  ;              ; 0.9V           ; --           ;                 ; --       ; --           ;
; U19      ;            ; --       ; VCC                                                                               ; power  ;              ; 0.9V           ; --           ;                 ; --       ; --           ;
; U20      ;            ; --       ; VCC                                                                               ; power  ;              ; 0.9V           ; --           ;                 ; --       ; --           ;
; U21      ;            ;          ; GND                                                                               ; gnd    ;              ;                ; --           ;                 ; --       ; --           ;
; U22      ;            ;          ; GND                                                                               ; gnd    ;              ;                ; --           ;                 ; --       ; --           ;
; U23      ; 85         ; 1C       ; GXB_GND*                                                                          ;        ;              ;                ; --           ;                 ; --       ; --           ;
; U24      ; 84         ; 1C       ; GXB_GND*                                                                          ;        ;              ;                ; --           ;                 ; --       ; --           ;
; U25      ;            ;          ; GND                                                                               ; gnd    ;              ;                ; --           ;                 ; --       ; --           ;
; U26      ;            ;          ; GND                                                                               ; gnd    ;              ;                ; --           ;                 ; --       ; --           ;
; U27      ; 86         ; 1C       ; GXB_NC                                                                            ;        ;              ;                ; --           ;                 ; --       ; --           ;
; U28      ; 87         ; 1C       ; GXB_NC                                                                            ;        ;              ;                ; --           ;                 ; --       ; --           ;
; V1       ; 439        ; 3B       ; RESERVED_INPUT_WITH_WEAK_PULLUP                                                   ;        ;              ;                ; --           ;                 ; no       ; On           ;
; V2       ; 444        ; 3B       ; RESERVED_INPUT_WITH_WEAK_PULLUP                                                   ;        ;              ;                ; --           ;                 ; no       ; On           ;
; V3       ; 446        ; 3B       ; RESERVED_INPUT_WITH_WEAK_PULLUP                                                   ;        ;              ;                ; --           ;                 ; no       ; On           ;
; V4       ;            ; 3B       ; VCCIO3B                                                                           ; power  ;              ; 1.8V           ; --           ;                 ; --       ; --           ;
; V5       ; 443        ; 3B       ; RESERVED_INPUT_WITH_WEAK_PULLUP                                                   ;        ;              ;                ; --           ;                 ; no       ; On           ;
; V6       ; 442        ; 3B       ; RESERVED_INPUT_WITH_WEAK_PULLUP                                                   ;        ;              ;                ; --           ;                 ; no       ; On           ;
; V7       ; 440        ; 3B       ; RESERVED_INPUT_WITH_WEAK_PULLUP                                                   ;        ;              ;                ; --           ;                 ; no       ; On           ;
; V8       ; 410        ; 3B       ; RESERVED_INPUT_WITH_WEAK_PULLUP                                                   ;        ;              ;                ; --           ;                 ; no       ; On           ;
; V9       ;            ;          ; GND                                                                               ; gnd    ;              ;                ; --           ;                 ; --       ; --           ;
; V10      ;            ; --       ; VCC                                                                               ; power  ;              ; 0.9V           ; --           ;                 ; --       ; --           ;
; V11      ;            ; --       ; VCC                                                                               ; power  ;              ; 0.9V           ; --           ;                 ; --       ; --           ;
; V12      ;            ; --       ; VCCPT                                                                             ; power  ;              ; 1.8V           ; --           ;                 ; --       ; --           ;
; V13      ;            ; --       ; VCC                                                                               ; power  ;              ; 0.9V           ; --           ;                 ; --       ; --           ;
; V14      ;            ;          ; GND                                                                               ; gnd    ;              ;                ; --           ;                 ; --       ; --           ;
; V15      ;            ; --       ; VCC                                                                               ; power  ;              ; 0.9V           ; --           ;                 ; --       ; --           ;
; V16      ;            ; --       ; VCC                                                                               ; power  ;              ; 0.9V           ; --           ;                 ; --       ; --           ;
; V17      ;            ; --       ; VCC                                                                               ; power  ;              ; 0.9V           ; --           ;                 ; --       ; --           ;
; V18      ;            ; --       ; VCCPT                                                                             ; power  ;              ; 1.8V           ; --           ;                 ; --       ; --           ;
; V19      ;            ;          ; GND                                                                               ; gnd    ;              ;                ; --           ;                 ; --       ; --           ;
; V20      ;            ; --       ; VCC                                                                               ; power  ;              ; 0.9V           ; --           ;                 ; --       ; --           ;
; V21      ;            ;          ; GND                                                                               ; gnd    ;              ;                ; --           ;                 ; --       ; --           ;
; V22      ;            ;          ; GND                                                                               ; gnd    ;              ;                ; --           ;                 ; --       ; --           ;
; V23      ;            ; --       ; VCCR_GXBL1C                                                                       ; gnd    ;              ; GND            ; --           ;                 ; --       ; --           ;
; V24      ;            ; --       ; VCCR_GXBL1C                                                                       ; gnd    ;              ; GND            ; --           ;                 ; --       ; --           ;
; V25      ; 92         ; 1C       ; GXB_GND*                                                                          ;        ;              ;                ; --           ;                 ; --       ; --           ;
; V26      ; 93         ; 1C       ; GXB_GND*                                                                          ;        ;              ;                ; --           ;                 ; --       ; --           ;
; V27      ;            ;          ; GND                                                                               ; gnd    ;              ;                ; --           ;                 ; --       ; --           ;
; V28      ;            ;          ; GND                                                                               ; gnd    ;              ;                ; --           ;                 ; --       ; --           ;
; W1       ;            ;          ; GND                                                                               ; gnd    ;              ;                ; --           ;                 ; --       ; --           ;
; W2       ; 445        ; 3B       ; RESERVED_INPUT_WITH_WEAK_PULLUP                                                   ;        ;              ;                ; --           ;                 ; no       ; On           ;
; W3       ; 447        ; 3B       ; RESERVED_INPUT_WITH_WEAK_PULLUP                                                   ;        ;              ;                ; --           ;                 ; no       ; On           ;
; W4       ; 449        ; 3A       ; RESERVED_INPUT_WITH_WEAK_PULLUP                                                   ;        ;              ;                ; --           ;                 ; no       ; On           ;
; W5       ; 455        ; 3A       ; RESERVED_INPUT_WITH_WEAK_PULLUP                                                   ;        ;              ;                ; --           ;                 ; no       ; On           ;
; W6       ;            ; 3A       ; VCCIO3A                                                                           ; power  ;              ; 1.8V           ; --           ;                 ; --       ; --           ;
; W7       ; 450        ; 3A       ; RESERVED_INPUT_WITH_WEAK_PULLUP                                                   ;        ;              ;                ; --           ;                 ; no       ; On           ;
; W8       ; 451        ; 3A       ; RESERVED_INPUT_WITH_WEAK_PULLUP                                                   ;        ;              ;                ; --           ;                 ; no       ; On           ;
; W9       ;            ; 3A       ; VREFB3AN0                                                                         ; power  ;              ; GND            ; --           ;                 ; --       ; --           ;
; W10      ; 497        ; CSS      ; #TDO                                                                              ; output ;              ;                ; --           ;                 ; --       ; --           ;
; W11      ;            ;          ; GND                                                                               ; gnd    ;              ;                ; --           ;                 ; --       ; --           ;
; W12      ;            ; --       ; VCC                                                                               ; power  ;              ; 0.9V           ; --           ;                 ; --       ; --           ;
; W13      ;            ; --       ; VCCBAT                                                                            ; power  ;              ; 1.8V           ; --           ;                 ; --       ; --           ;
; W14      ;            ; --       ; VCCPGM                                                                            ; power  ;              ; 1.2V/1.5V/1.8V ; --           ;                 ; --       ; --           ;
; W15      ;            ; 2A       ; VREFB2AN0                                                                         ; power  ;              ; GND            ; --           ;                 ; --       ; --           ;
; W16      ;            ;          ; GND                                                                               ; gnd    ;              ;                ; --           ;                 ; --       ; --           ;
; W17      ;            ; 2J       ; VREFB2JN0                                                                         ; power  ;              ; GND            ; --           ;                 ; --       ; --           ;
; W18      ;            ; --       ; VCC                                                                               ; power  ;              ; 0.9V           ; --           ;                 ; --       ; --           ;
; W19      ;            ; --       ; VCC                                                                               ; power  ;              ; 0.9V           ; --           ;                 ; --       ; --           ;
; W20      ; 223        ; 2J       ; RESERVED_INPUT_WITH_WEAK_PULLUP                                                   ;        ;              ;                ; --           ;                 ; no       ; On           ;
; W21      ; 222        ; 2J       ; RESERVED_INPUT_WITH_WEAK_PULLUP                                                   ;        ;              ;                ; --           ;                 ; no       ; On           ;
; W22      ;            ;          ; GND                                                                               ; gnd    ;              ;                ; --           ;                 ; --       ; --           ;
; W23      ; 111        ; 1C       ; GXB_GND*                                                                          ;        ;              ;                ; --           ;                 ; --       ; --           ;
; W24      ; 110        ; 1C       ; GXB_GND*                                                                          ;        ;              ;                ; --           ;                 ; --       ; --           ;
; W25      ;            ;          ; GND                                                                               ; gnd    ;              ;                ; --           ;                 ; --       ; --           ;
; W26      ;            ;          ; GND                                                                               ; gnd    ;              ;                ; --           ;                 ; --       ; --           ;
; W27      ; 90         ; 1C       ; GXB_NC                                                                            ;        ;              ;                ; --           ;                 ; --       ; --           ;
; W28      ; 91         ; 1C       ; GXB_NC                                                                            ;        ;              ;                ; --           ;                 ; --       ; --           ;
; Y1       ; 457        ; 3A       ; RESERVED_INPUT_WITH_WEAK_PULLUP                                                   ;        ;              ;                ; --           ;                 ; no       ; On           ;
; Y2       ; 456        ; 3A       ; RESERVED_INPUT_WITH_WEAK_PULLUP                                                   ;        ;              ;                ; --           ;                 ; no       ; On           ;
; Y3       ;            ;          ; GND                                                                               ; gnd    ;              ;                ; --           ;                 ; --       ; --           ;
; Y4       ; 448        ; 3A       ; RESERVED_INPUT_WITH_WEAK_PULLUP                                                   ;        ;              ;                ; --           ;                 ; no       ; On           ;
; Y5       ; 454        ; 3A       ; RESERVED_INPUT_WITH_WEAK_PULLUP                                                   ;        ;              ;                ; --           ;                 ; no       ; On           ;
; Y6       ; 452        ; 3A       ; RESERVED_INPUT_WITH_WEAK_PULLUP                                                   ;        ;              ;                ; --           ;                 ; no       ; On           ;
; Y7       ; 453        ; 3A       ; RESERVED_INPUT_WITH_WEAK_PULLUP                                                   ;        ;              ;                ; --           ;                 ; no       ; On           ;
; Y8       ;            ; 3A       ; VCCIO3A                                                                           ; power  ;              ; 1.8V           ; --           ;                 ; --       ; --           ;
; Y9       ; 500        ; CSS      ; #TCK                                                                              ; input  ;              ;                ; --           ;                 ; --       ; --           ;
; Y10      ;            ;          ; DNU                                                                               ;        ;              ;                ; --           ;                 ; --       ; --           ;
; Y11      ;            ;          ; DNU                                                                               ;        ;              ;                ; --           ;                 ; --       ; --           ;
; Y12      ;            ;          ; DNU                                                                               ;        ;              ;                ; --           ;                 ; --       ; --           ;
; Y13      ;            ;          ; GND                                                                               ; gnd    ;              ;                ; --           ;                 ; --       ; --           ;
; Y14      ;            ; --       ; VCCPGM                                                                            ; power  ;              ; 1.2V/1.5V/1.8V ; --           ;                 ; --       ; --           ;
; Y15      ; 290        ; 2A       ; RESERVED_INPUT_WITH_WEAK_PULLUP                                                   ;        ;              ;                ; --           ;                 ; no       ; On           ;
; Y16      ; 291        ; 2A       ; RESERVED_INPUT_WITH_WEAK_PULLUP                                                   ;        ;              ;                ; --           ;                 ; no       ; On           ;
; Y17      ; 226        ; 2J       ; RESERVED_INPUT_WITH_WEAK_PULLUP                                                   ;        ;              ;                ; --           ;                 ; no       ; On           ;
; Y18      ;            ; 2J       ; VCCIO2J                                                                           ; power  ;              ; 1.8V           ; --           ;                 ; --       ; --           ;
; Y19      ; 228        ; 2J       ; RESERVED_INPUT_WITH_WEAK_PULLUP                                                   ;        ;              ;                ; --           ;                 ; no       ; On           ;
; Y20      ; 229        ; 2J       ; RESERVED_INPUT_WITH_WEAK_PULLUP                                                   ;        ;              ;                ; --           ;                 ; no       ; On           ;
; Y21      ; 220        ; 2J       ; RESERVED_INPUT_WITH_WEAK_PULLUP                                                   ;        ;              ;                ; --           ;                 ; no       ; On           ;
; Y22      ;            ;          ; GND                                                                               ; gnd    ;              ;                ; --           ;                 ; --       ; --           ;
; Y23      ;            ;          ; GND                                                                               ; gnd    ;              ;                ; --           ;                 ; --       ; --           ;
; Y24      ;            ;          ; GND                                                                               ; gnd    ;              ;                ; --           ;                 ; --       ; --           ;
; Y25      ; 96         ; 1C       ; GXB_GND*                                                                          ;        ;              ;                ; --           ;                 ; --       ; --           ;
; Y26      ; 97         ; 1C       ; GXB_GND*                                                                          ;        ;              ;                ; --           ;                 ; --       ; --           ;
; Y27      ;            ;          ; GND                                                                               ; gnd    ;              ;                ; --           ;                 ; --       ; --           ;
; Y28      ;            ;          ; GND                                                                               ; gnd    ;              ;                ; --           ;                 ; --       ; --           ;
+----------+------------+----------+-----------------------------------------------------------------------------------+--------+--------------+----------------+--------------+-----------------+----------+--------------+
Note: Pin directions (input, output or bidir) are based on device operating in user mode.


+----------------------------------------------------------+
; I/O Assignment Warnings                                  ;
+--------------------------+-------------------------------+
; Pin Name                 ; Reason                        ;
+--------------------------+-------------------------------+
; ts_target_pid_received_i ; Incomplete set of assignments ;
; tsup_clk_o               ; Incomplete set of assignments ;
; tsup_sync_o              ; Incomplete set of assignments ;
; tsup_valid_o             ; Incomplete set of assignments ;
; tsup_data_o[0]           ; Incomplete set of assignments ;
; tsup_data_o[1]           ; Incomplete set of assignments ;
; tsup_data_o[2]           ; Incomplete set of assignments ;
; tsup_data_o[3]           ; Incomplete set of assignments ;
; tsup_data_o[4]           ; Incomplete set of assignments ;
; tsup_data_o[5]           ; Incomplete set of assignments ;
; tsup_data_o[6]           ; Incomplete set of assignments ;
; tsup_data_o[7]           ; Incomplete set of assignments ;
; rst_i                    ; Incomplete set of assignments ;
; clk_i                    ; Incomplete set of assignments ;
; ts_clk_i                 ; Incomplete set of assignments ;
; ts_valid_i               ; Incomplete set of assignments ;
; ts_data_i[0]             ; Incomplete set of assignments ;
; ts_data_i[1]             ; Incomplete set of assignments ;
; ts_data_i[2]             ; Incomplete set of assignments ;
; ts_data_i[3]             ; Incomplete set of assignments ;
; ts_data_i[4]             ; Incomplete set of assignments ;
; ts_data_i[5]             ; Incomplete set of assignments ;
; ts_data_i[6]             ; Incomplete set of assignments ;
; ts_data_i[7]             ; Incomplete set of assignments ;
; ts_sync_i                ; Incomplete set of assignments ;
; ts_target_pid_i[12]      ; Incomplete set of assignments ;
; ts_target_pid_i[9]       ; Incomplete set of assignments ;
; ts_target_pid_i[10]      ; Incomplete set of assignments ;
; ts_target_pid_i[11]      ; Incomplete set of assignments ;
; ts_target_pid_i[6]       ; Incomplete set of assignments ;
; ts_target_pid_i[7]       ; Incomplete set of assignments ;
; ts_target_pid_i[8]       ; Incomplete set of assignments ;
; ts_target_pid_i[0]       ; Incomplete set of assignments ;
; ts_target_pid_i[1]       ; Incomplete set of assignments ;
; ts_target_pid_i[2]       ; Incomplete set of assignments ;
; ts_target_pid_i[3]       ; Incomplete set of assignments ;
; ts_target_pid_i[4]       ; Incomplete set of assignments ;
; ts_target_pid_i[5]       ; Incomplete set of assignments ;
; ts_target_pid_received_i ; Missing location assignment   ;
; tsup_clk_o               ; Missing location assignment   ;
; tsup_sync_o              ; Missing location assignment   ;
; tsup_valid_o             ; Missing location assignment   ;
; tsup_data_o[0]           ; Missing location assignment   ;
; tsup_data_o[1]           ; Missing location assignment   ;
; tsup_data_o[2]           ; Missing location assignment   ;
; tsup_data_o[3]           ; Missing location assignment   ;
; tsup_data_o[4]           ; Missing location assignment   ;
; tsup_data_o[5]           ; Missing location assignment   ;
; tsup_data_o[6]           ; Missing location assignment   ;
; tsup_data_o[7]           ; Missing location assignment   ;
; rst_i                    ; Missing location assignment   ;
; clk_i                    ; Missing location assignment   ;
; ts_clk_i                 ; Missing location assignment   ;
; ts_valid_i               ; Missing location assignment   ;
; ts_data_i[0]             ; Missing location assignment   ;
; ts_data_i[1]             ; Missing location assignment   ;
; ts_data_i[2]             ; Missing location assignment   ;
; ts_data_i[3]             ; Missing location assignment   ;
; ts_data_i[4]             ; Missing location assignment   ;
; ts_data_i[5]             ; Missing location assignment   ;
; ts_data_i[6]             ; Missing location assignment   ;
; ts_data_i[7]             ; Missing location assignment   ;
; ts_sync_i                ; Missing location assignment   ;
; ts_target_pid_i[12]      ; Missing location assignment   ;
; ts_target_pid_i[9]       ; Missing location assignment   ;
; ts_target_pid_i[10]      ; Missing location assignment   ;
; ts_target_pid_i[11]      ; Missing location assignment   ;
; ts_target_pid_i[6]       ; Missing location assignment   ;
; ts_target_pid_i[7]       ; Missing location assignment   ;
; ts_target_pid_i[8]       ; Missing location assignment   ;
; ts_target_pid_i[0]       ; Missing location assignment   ;
; ts_target_pid_i[1]       ; Missing location assignment   ;
; ts_target_pid_i[2]       ; Missing location assignment   ;
; ts_target_pid_i[3]       ; Missing location assignment   ;
; ts_target_pid_i[4]       ; Missing location assignment   ;
; ts_target_pid_i[5]       ; Missing location assignment   ;
+--------------------------+-------------------------------+


+-------------------------------------------------------------------------------------------------------------------------+
; Control Signals                                                                                                         ;
+----------------------------------------------+------------+---------+----------------------------+----------------------+
; Name                                         ; Location   ; Fan-Out ; Usage                      ; Global Resource Used ;
+----------------------------------------------+------------+---------+----------------------------+----------------------+
; clk_i                                        ; PIN_N5     ; 273     ; Clock                      ;                      ;
; rst_i                                        ; PIN_AA7    ; 239     ; Async. clear               ;                      ;
; rst_i                                        ; PIN_AA7    ; 29      ; Clock enable               ;                      ;
; t2mi_parser_inst|Select_114~1                ; Unassigned ; 2       ; Clock enable               ;                      ;
; t2mi_parser_inst|Select_131~1                ; Unassigned ; 10      ; Clock enable               ;                      ;
; t2mi_parser_inst|Select_56~1                 ; Unassigned ; 15      ; Sync. load                 ;                      ;
; t2mi_parser_inst|Select_92~0                 ; Unassigned ; 8       ; Sync. clear                ;                      ;
; t2mi_parser_inst|i1700~0                     ; Unassigned ; 10      ; Clock enable               ;                      ;
; t2mi_parser_inst|i6~0                        ; Unassigned ; 21      ; Clock enable               ;                      ;
; t2mi_parser_inst|reduce_or_4                 ; Unassigned ; 42      ; Sync. clear                ;                      ;
; t2mi_parser_inst|s_cnt_bbpadding_bytes[1]~2  ; Unassigned ; 13      ; Clock enable               ;                      ;
; t2mi_parser_inst|s_cnt_crc32_bytes[0]~0      ; Unassigned ; 2       ; Clock enable               ;                      ;
; t2mi_parser_inst|s_cnt_dfl_bytes[12]~1       ; Unassigned ; 13      ; Clock enable               ;                      ;
; t2mi_parser_inst|s_cnt_null_pck_payload[7]~0 ; Unassigned ; 8       ; Clock enable               ;                      ;
; t2mi_parser_inst|s_cnt_rd_pck[7]~0           ; Unassigned ; 8       ; Clock enable               ;                      ;
; t2mi_parser_inst|s_cnt_syncd_bytes[4]~2      ; Unassigned ; 13      ; Clock enable               ;                      ;
; t2mi_parser_inst|s_ram_data[0]~0             ; Unassigned ; 8       ; Clock enable               ;                      ;
; t2mi_parser_inst|s_ram_rden                  ; Unassigned ; 8       ; Clock enable               ;                      ;
; t2mi_parser_inst|s_ram_wraddress[0]~1        ; Unassigned ; 18      ; Clock enable               ;                      ;
; t2mi_parser_inst|s_ram_wraddress_upl[9]~1    ; Unassigned ; 10      ; Clock enable               ;                      ;
; t2mi_parser_inst|s_ram_wren                  ; Unassigned ; 9       ; Clock enable, Write enable ;                      ;
; t2mi_parser_inst|s_state.syncd_skip          ; Unassigned ; 27      ; Sync. load                 ;                      ;
; t2mi_parser_inst|s_state_ram_rd.rd_pck       ; Unassigned ; 15      ; Sync. clear                ;                      ;
; t2mi_parser_inst|tsp_send_error_o            ; Unassigned ; 5       ; Sync. load                 ;                      ;
; t2mi_parser_inst|tsp_send_skip_o             ; Unassigned ; 5       ; Sync. clear                ;                      ;
; ts_parser_inst|reduce_or_1~0                 ; Unassigned ; 29      ; Sync. clear                ;                      ;
; ts_parser_inst|s_cnt_adaptation_length[1]~0  ; Unassigned ; 8       ; Clock enable               ;                      ;
; ts_parser_inst|s_cnt_pointer_field[0]~0      ; Unassigned ; 8       ; Clock enable               ;                      ;
; ts_parser_inst|s_cnt_tsp_byte[2]~1           ; Unassigned ; 8       ; Clock enable               ;                      ;
; ts_parser_inst|s_init~0                      ; Unassigned ; 21      ; Clock enable               ;                      ;
; ts_parser_inst|s_pid[8]~0                    ; Unassigned ; 5       ; Clock enable               ;                      ;
; ts_parser_inst|s_state.adaptation_field      ; Unassigned ; 15      ; Sync. load                 ;                      ;
; ts_parser_inst|s_state.pointer_section       ; Unassigned ; 15      ; Sync. load                 ;                      ;
; ts_parser_inst|t2mi_send_error_o             ; Unassigned ; 55      ; Clock enable, Sync. clear  ;                      ;
+----------------------------------------------+------------+---------+----------------------------+----------------------+


+----------------------------------------------------------------------------------+
; Global & Other Fast Signals Summary                                              ;
+-------+----------+---------+-------------+----------------+----------------------+
; Name  ; Location ; Fan-Out ; Signal Type ; Promotion Type ; Global Resource Used ;
+-------+----------+---------+-------------+----------------+----------------------+
; clk_i ; PIN_N5   ; 281     ; Global      ; Automatic      ; Global Clock Region  ;
; rst_i ; PIN_AA7  ; 239     ; Global      ; Automatic      ; Global Clock Region  ;
+-------+----------+---------+-------------+----------------+----------------------+


+---------------------------------------------------------------+
; Global & Other Fast Signals Details                           ;
+----------------------------------------+----------------------+
; Property                               ; Value                ;
+----------------------------------------+----------------------+
; Name                                   ; clk_i                ;
;     -- Source Type                     ; I/O pad              ;
;     -- Source Location                 ; PIN_N5               ;
;     -- Fan-Out                         ; 281                  ;
;     -- Promotion Type                  ; Automatic Promotion  ;
;     -- Global Buffer                   ; clk_i~inputCLKENA0   ;
;     -- Global Buffer Location          ; CLKCTRL_3C_G_I23     ;
;     -- Global Signal Type              ; Global               ;
;     -- Region Drivable by Buffer       ; Global Clock Region  ;
;     -- Bounding Box Drivable by Buffer ; (0, 0) to (150, 115) ;
;     -- Clock Region Line               ; 23                   ;
;                                        ;                      ;
; Name                                   ; rst_i                ;
;     -- Source Type                     ; I/O pad              ;
;     -- Source Location                 ; PIN_AA7              ;
;     -- Fan-Out                         ; 239                  ;
;     -- Promotion Type                  ; Automatic Promotion  ;
;     -- Global Buffer                   ; rst_i~inputCLKENA0   ;
;     -- Global Buffer Location          ; CLKCTRL_3A_G_I22     ;
;     -- Global Signal Type              ; Global               ;
;     -- Region Drivable by Buffer       ; Global Clock Region  ;
;     -- Bounding Box Drivable by Buffer ; (0, 0) to (150, 115) ;
;     -- Clock Region Line               ; 22                   ;
+----------------------------------------+----------------------+


+---------------+
; Plan Messages ;
+---------------+
Can't read Quartus Prime message file /home/diefre/TFM/projects/DVB-T/scripts/t2mi_analyzer/test_bench/vhdl/qdb/_compiler/t2mi_to_ts/_flat/19.4.0/legacy/1/t2mi_to_ts.fit.plan.header.qmsgdb.
Make sure the file exists and is up to date, and you have permission to read and write the file.
Info (16677): Loading synthesized database
Info (16734): Loading "synthesized" snapshot for partition "root_partition".
Info (16678): Successfully loaded synthesized database: elapsed time is 00:00:01
Info (119006): Selected device 10AS027E4F29E3SG for design "t2mi_to_ts"
Info (21077): Low junction temperature is 0 degrees C
Info (21077): High junction temperature is 100 degrees C
Info (171003): Fitter is performing an Auto Fit compilation, which may decrease Fitter effort to reduce compilation time
Info (176045): Design uses memory blocks. Violating setup or hold times of memory block address registers for either read or write operations could cause memory contents to be corrupted. Make sure that all memory block address registers meet the setup and hold time requirements.
Info (12262): Starting Fitter periphery placement operations
Info (12290): Loading the periphery placement data.
Info (12291): Periphery placement data loaded: elapsed time is 00:00:13
Info (12627): Pin ~ALTERA_DATA0~ is reserved at location AE10
Warning (15714): Some pins have incomplete I/O assignments. Refer to the I/O Assignment Warnings report for details
Critical Warning (12677): No exact pin location assignment(s) for 38 pins of 38 total pins. For the list of pins please refer to the I/O Assignment Warnings table in the fitter report
Info (176045): Design uses memory blocks. Violating setup or hold times of memory block address registers for either read or write operations could cause memory contents to be corrupted. Make sure that all memory block address registers meet the setup and hold time requirements.
Info (16210): Plan updated with currently enabled project assignments.
Info (12295): Periphery placement of all unplaced cells complete: elapsed time is 00:00:00
Critical Warning (17951): There are 12 unused RX channels in the design.
    Info (19540): Add the QSF assignment 'set_instance_assignment -name PRESERVE_UNUSED_XCVR_CHANNEL ON -to <pin_name>' for each unused channel that will be used in future.
    Info (19541): The above QSF assignment will preserve the performance of specified channels over time, and works only if the design uses at least 1 transceiver channel.
Critical Warning (18655): There are 12 unused TX channels in the design.
    Info (19540): Add the QSF assignment 'set_instance_assignment -name PRESERVE_UNUSED_XCVR_CHANNEL ON -to <pin_name>' for each unused channel that will be used in future.
    Info (19541): The above QSF assignment will preserve the performance of specified channels over time, and works only if the design uses at least 1 transceiver channel.
Info (11191): Automatically promoted 2 clocks (2 global)
    Info (13173): clk_i~inputCLKENA0 (281 fanout) drives Global Clock Region, with the buffer placed at CLKCTRL_3C_G_I23
    Info (13173): rst_i~inputCLKENA0 (239 fanout) drives Global Clock Region, with the buffer placed at CLKCTRL_3A_G_I22
Warning (335093): The Timing Analyzer is analyzing 1 combinational loops as latches. For more details, run the Check Timing command in the Timing Analyzer or view the "User-Specified and Inferred Latches" table in the Synthesis report.
Info (19539): Reading the HDL-embedded SDC files elapsed 00:00:00.
Critical Warning (332012): Synopsys Design Constraints File file not found: 't2mi_to_ts.sdc'. A Synopsys Design Constraints File is required by the Timing Analyzer to get proper timing constraints. Without it, the Compiler will not properly optimize the design.
Info (19449): Reading SDC files elapsed 00:00:00.
Info (332144): No user constrained base clocks found in the design. They will be automatically derived.
Info (332143): No user constrained clock uncertainty found in the design. Calling "derive_clock_uncertainty"
Info (332123): Deriving Clock Uncertainty. Please refer to report_sdc in the Timing Analyzer to see clock uncertainties.
Info (332130): Timing requirements not specified -- quality metrics such as performance may be sacrificed to reduce compilation time.
Info (176233): Starting register packing
Info (176235): Finished register packing
    Extra Info (176219): No registers were packed into other blocks
Info (20273): Intermediate fitter snapshots will not be committed because ENABLE_INTERMEDIATE_SNAPSHOTS QSF assignment is disabled during compilation.


